group_id,indiv_id,site_id,site_id_chinese,longitude,latitude,altitude,altitude_range,date_interval_bp,Time_plus,Time_minus,time_period,Subsistence,min_temp,max_temp,precip_jan,precip_jul,sex,pC,FXL,FBL,FHD,TXL,HXL,RXL,BI,CI,Measure
1,JJLM3,Jiangjialiang,姜家梁,114,40,1099,low,7956-7622,7956,7622,0,1,-17.57500076,26.91500092,3,106,0,0.05,455,451.168,,363,325,,,80.45783389,Direct
1,JJLM16,Jiangjialiang,姜家梁,114,40,1099,low,7956-7622,7956,7622,0,1,-17.57500076,26.91500092,3,106,0,0.05,444.5,440.7205,,349,,,,79.18851063,Direct
1,JJLM17,Jiangjialiang,姜家梁,114,40,1099,low,7956-7622,7956,7622,0,1,-17.57500076,26.91500092,3,106,1,0.05,434.5,430.7705,,,,,,,Direct
1,JJLM22,Jiangjialiang,姜家梁,114,40,1099,low,7956-7622,7956,7622,0,1,-17.57500076,26.91500092,3,106,0,0.05,,,,390,337.5,260,77.03703704,,Direct
1,JJLM24,Jiangjialiang,姜家梁,114,40,1099,low,7956-7622,7956,7622,0,1,-17.57500076,26.91500092,3,106,0,0.05,,,,379.5,,,,,Direct
1,JJLM26,Jiangjialiang,姜家梁,114,40,1099,low,7956-7622,7956,7622,0,1,-17.57500076,26.91500092,3,106,0,0.05,455.5,451.6655,,,,,,,Direct
1,JJLM28,Jiangjialiang,姜家梁,114,40,1099,low,7956-7622,7956,7622,0,1,-17.57500076,26.91500092,3,106,1,0.05,,,,318.5,,,,,Direct
1,JJLM29,Jiangjialiang,姜家梁,114,40,1099,low,7956-7622,7956,7622,0,1,-17.57500076,26.91500092,3,106,0,0.05,469.5,465.5955,,,,,,,Direct
1,JJLM34,Jiangjialiang,姜家梁,114,40,1099,low,7956-7622,7956,7622,0,1,-17.57500076,26.91500092,3,106,1,0.05,445.5,441.7155,,356,327.5,,,80.59486253,Direct
1,JJLM35,Jiangjialiang,姜家梁,114,40,1099,low,7956-7622,7956,7622,0,1,-17.57500076,26.91500092,3,106,0,0.05,433,429.278,,363,315,,,84.56058778,Direct
1,JJLM36,Jiangjialiang,姜家梁,114,40,1099,low,7956-7622,7956,7622,0,1,-17.57500076,26.91500092,3,106,0,0.05,,,,372.5,,,,,Direct
1,JJLM37,Jiangjialiang,姜家梁,114,40,1099,low,7956-7622,7956,7622,0,1,-17.57500076,26.91500092,3,106,0,0.05,434.5,430.7705,,,,,,,Direct
1,JJLM39,Jiangjialiang,姜家梁,114,40,1099,low,7956-7622,7956,7622,0,1,-17.57500076,26.91500092,3,106,0,0.05,434,430.273,,354.7,306,235.5,76.96078431,82.4360348,Direct
1,JJLM40,Jiangjialiang,姜家梁,114,40,1099,low,7956-7622,7956,7622,0,1,-17.57500076,26.91500092,3,106,0,0.05,437.5,433.7555,,,,230,,,Direct
1,JJLM47_up,Jiangjialiang,姜家梁,114,40,1099,low,7956-7622,7956,7622,0,1,-17.57500076,26.91500092,3,106,1,0.05,397.5,393.9555,,312,276,210,76.08695652,79.19676207,Direct
1,JJLM47_low,Jiangjialiang,姜家梁,114,40,1099,low,7956-7622,7956,7622,0,1,-17.57500076,26.91500092,3,106,0,0.05,,,,357.3,,,,,Direct
1,JJLM51,Jiangjialiang,姜家梁,114,40,1099,low,7956-7622,7956,7622,0,1,-17.57500076,26.91500092,3,106,0,0.05,478,474.053,,404,328.6,267.5,81.4059647,85.22253841,Direct
1,JJLM57,Jiangjialiang,姜家梁,114,40,1099,low,7956-7622,7956,7622,0,1,-17.57500076,26.91500092,3,106,0,0.05,,,,367,328,,,,Direct
1,JJLM58,Jiangjialiang,姜家梁,114,40,1099,low,7956-7622,7956,7622,0,1,-17.57500076,26.91500092,3,106,1,0.05,417.5,413.8555,,,,,,,Direct
1,JJLM60,Jiangjialiang,姜家梁,114,40,1099,low,7956-7622,7956,7622,0,1,-17.57500076,26.91500092,3,106,1,0.05,422,418.333,,,,,,,Direct
1,JJLM63_left,Jiangjialiang,姜家梁,114,40,1099,low,7956-7622,7956,7622,0,1,-17.57500076,26.91500092,3,106,0,0.05,,,,372.5,,249,,,Direct
1,JJLM63_right,Jiangjialiang,姜家梁,114,40,1099,low,7956-7622,7956,7622,0,1,-17.57500076,26.91500092,3,106,0,0.05,446.5,442.7105,,,,,,,Direct
1,JJLM65_up,Jiangjialiang,姜家梁,114,40,1099,low,7956-7622,7956,7622,0,1,-17.57500076,26.91500092,3,106,0,0.05,,,,347.5,,,,,Direct
1,JJLM65_low,Jiangjialiang,姜家梁,114,40,1099,low,7956-7622,7956,7622,0,1,-17.57500076,26.91500092,3,106,0,0.05,,,,,297.5,240,80.67226891,,Direct
1,JJLM68,Jiangjialiang,姜家梁,114,40,1099,low,7956-7622,7956,7622,0,1,-17.57500076,26.91500092,3,106,1,0.05,434.5,430.7705,,,,,,,Direct
1,JJLM69,Jiangjialiang,姜家梁,114,40,1099,low,7956-7622,7956,7622,0,1,-17.57500076,26.91500092,3,106,0,0.05,440.5,436.7405,,,329.5,,,,Direct
2,WJHM419yi,Jiahu,河南舞阳贾湖,113.4,33.36,163,low,9000-7500,9000,7500,0,1,-3.325000048,30.98600006,14,173,0,0.05,464,460.123,,392.5,326,,,85.3032776,Direct
2,WJHM420,Jiahu,河南舞阳贾湖,113.4,33.36,163,low,9000-7500,9000,7500,0,1,-3.325000048,30.98600006,14,173,0,0.05,444.5,440.7205,,392.5,,,,89.05871181,Direct
2,WJHM449jia,Jiahu,河南舞阳贾湖,113.4,33.36,163,low,9000-7500,9000,7500,0,1,-3.325000048,30.98600006,14,173,0,0.05,499.5,495.4455,,405,352,273,77.55681818,81.74461167,Direct
2,WJHM455,Jiahu,河南舞阳贾湖,113.4,33.36,163,low,9000-7500,9000,7500,0,1,-3.325000048,30.98600006,14,173,0,0.05,454,450.173,,,323,,,,Direct
2,WJHM463yi,Jiahu,河南舞阳贾湖,113.4,33.36,163,low,9000-7500,9000,7500,0,1,-3.325000048,30.98600006,14,173,0,0.05,466,462.113,,,,,,,Direct
2,WJHM466,Jiahu,河南舞阳贾湖,113.4,33.36,163,low,9000-7500,9000,7500,0,1,-3.325000048,30.98600006,14,173,0,0.05,448,444.203,,364,302,,,81.94451636,Direct
2,WJHM489,Jiahu,河南舞阳贾湖,113.4,33.36,163,low,9000-7500,9000,7500,0,1,-3.325000048,30.98600006,14,173,0,0.05,,,,368,,,,,Direct
2,WJHM490jia,Jiahu,河南舞阳贾湖,113.4,33.36,163,low,9000-7500,9000,7500,0,1,-3.325000048,30.98600006,14,173,0,0.05,430.5,426.7905,,363.5,314,248,78.98089172,85.17059307,Direct
2,WJHM491jia,Jiahu,河南舞阳贾湖,113.4,33.36,163,low,9000-7500,9000,7500,0,1,-3.325000048,30.98600006,14,173,0,0.05,,,,,342,,,,Direct
2,WJHM496,Jiahu,河南舞阳贾湖,113.4,33.36,163,low,9000-7500,9000,7500,0,1,-3.325000048,30.98600006,14,173,0,0.05,470,466.093,,386,324,,,82.81609035,Direct
2,WJHM498south,Jiahu,河南舞阳贾湖,113.4,33.36,163,low,9000-7500,9000,7500,0,1,-3.325000048,30.98600006,14,173,0,0.05,467.5,463.6055,,,321,,,,Direct
2,WJHM499,Jiahu,河南舞阳贾湖,113.4,33.36,163,low,9000-7500,9000,7500,0,1,-3.325000048,30.98600006,14,173,0,0.05,,,,,354,,,,Direct
2,WJHM506,Jiahu,河南舞阳贾湖,113.4,33.36,163,low,9000-7500,9000,7500,0,1,-3.325000048,30.98600006,14,173,0,0.05,430,426.293,,,,,,,Direct
2,WJHM294,Jiahu,河南舞阳贾湖,113.4,33.36,163,low,9000-7500,9000,7500,0,1,-3.325000048,30.98600006,14,173,1,0.95,,,,,308,,,,Direct
2,WJHM416,Jiahu,河南舞阳贾湖,113.4,33.36,163,low,9000-7500,9000,7500,0,1,-3.325000048,30.98600006,14,173,1,0.95,,,,,307,,,,Direct
2,WJHM417,Jiahu,河南舞阳贾湖,113.4,33.36,163,low,9000-7500,9000,7500,0,1,-3.325000048,30.98600006,14,173,1,0.95,,,,,,251,,,Direct
2,WJHM419jia,Jiahu,河南舞阳贾湖,113.4,33.36,163,low,9000-7500,9000,7500,0,1,-3.325000048,30.98600006,14,173,1,0.95,440,436.243,,374,334,258,77.24550898,85.73203467,Direct
2,WJHM422,Jiahu,河南舞阳贾湖,113.4,33.36,163,low,9000-7500,9000,7500,0,1,-3.325000048,30.98600006,14,173,1,0.95,454,450.173,,374,320,251,78.4375,83.07917179,Direct
2,WJHM426,Jiahu,河南舞阳贾湖,113.4,33.36,163,low,9000-7500,9000,7500,0,1,-3.325000048,30.98600006,14,173,1,0.95,,,,,308,,,,Direct
2,WJHM430,Jiahu,河南舞阳贾湖,113.4,33.36,163,low,9000-7500,9000,7500,0,1,-3.325000048,30.98600006,14,173,1,0.95,465.5,461.6155,,365.5,328.5,,,79.17845046,Direct
2,WJHM437,Jiahu,河南舞阳贾湖,113.4,33.36,163,low,9000-7500,9000,7500,0,1,-3.325000048,30.98600006,14,173,1,0.95,,,,,316,,,,Direct
2,WJHM449yi,Jiahu,河南舞阳贾湖,113.4,33.36,163,low,9000-7500,9000,7500,0,1,-3.325000048,30.98600006,14,173,1,0.95,450,446.193,,,308,,,,Direct
2,WJHM451da,Jiahu,河南舞阳贾湖,113.4,33.36,163,low,9000-7500,9000,7500,0,1,-3.325000048,30.98600006,14,173,1,0.95,,,,301,299.5,,,,Direct
2,WJHM452,Jiahu,河南舞阳贾湖,113.4,33.36,163,low,9000-7500,9000,7500,0,1,-3.325000048,30.98600006,14,173,1,0.95,417,413.358,,,,,,,Direct
2,WJHM467,Jiahu,河南舞阳贾湖,113.4,33.36,163,low,9000-7500,9000,7500,0,1,-3.325000048,30.98600006,14,173,1,0.95,490,485.993,,,,,,,Direct
2,WJHM470,Jiahu,河南舞阳贾湖,113.4,33.36,163,low,9000-7500,9000,7500,0,1,-3.325000048,30.98600006,14,173,1,0.95,432,428.283,,,,,,,Direct
2,WJHM474,Jiahu,河南舞阳贾湖,113.4,33.36,163,low,9000-7500,9000,7500,0,1,-3.325000048,30.98600006,14,173,1,0.95,,,,,319,,,,Direct
2,WJHM477,Jiahu,河南舞阳贾湖,113.4,33.36,163,low,9000-7500,9000,7500,0,1,-3.325000048,30.98600006,14,173,1,0.95,471,467.088,,,322,,,,Direct
2,WJHM478,Jiahu,河南舞阳贾湖,113.4,33.36,163,low,9000-7500,9000,7500,0,1,-3.325000048,30.98600006,14,173,1,0.95,450,446.193,,,313,,,,Direct
2,WJHM479,Jiahu,河南舞阳贾湖,113.4,33.36,163,low,9000-7500,9000,7500,0,1,-3.325000048,30.98600006,14,173,1,0.95,,,,363.5,306.5,,,,Direct
2,WJHM490ding,Jiahu,河南舞阳贾湖,113.4,33.36,163,low,9000-7500,9000,7500,0,1,-3.325000048,30.98600006,14,173,1,0.95,430,426.293,,361.5,,,,84.80082948,Direct
2,WJHM491yi,Jiahu,河南舞阳贾湖,113.4,33.36,163,low,9000-7500,9000,7500,0,1,-3.325000048,30.98600006,14,173,1,0.95,,,,,334,,,,Direct
2,WJHM493,Jiahu,河南舞阳贾湖,113.4,33.36,163,low,9000-7500,9000,7500,0,1,-3.325000048,30.98600006,14,173,1,0.95,,,,,315,,,,Direct
2,WJHM514,Jiahu,河南舞阳贾湖,113.4,33.36,163,low,9000-7500,9000,7500,0,1,-3.325000048,30.98600006,14,173,1,0.95,,,,,301,,,,Direct
2,WJHM515,Jiahu,河南舞阳贾湖,113.4,33.36,163,low,9000-7500,9000,7500,0,1,-3.325000048,30.98600006,14,173,1,0.95,462,458.133,,,,,,,Direct
2,WJHM516,Jiahu,河南舞阳贾湖,113.4,33.36,163,low,9000-7500,9000,7500,0,1,-3.325000048,30.98600006,14,173,1,0.95,431,427.288,,348,297.5,,,81.44389732,Direct
3_1,HTMGM45,Houtaomuga_period1&2,吉林后套木噶_1&2,123.47,45.39,136,low,8000-7500,8000,7500,0,1,-21.88299942,29.04999924,1,141,0,0.05,432.5,428.7805,,,,,,,Direct
3_1,HTMGM54B,Houtaomuga_period1&2,吉林后套木噶_1&2,123.47,45.39,136,low,8000-7500,8000,7500,0,1,-21.88299942,29.04999924,1,141,0,0.05,446.5,442.7105,,,,,,,Direct
3_2,HTMGMM94,Houtaomuga_period3&4,吉林后套木噶_3&4,123.47,45.39,136,low,6000-5450,6000,5450,1,1,-21.88299942,29.04999924,1,141,0,0.05,400,396.443,,,,,,,Direct
3_2,HTMGMM90,Houtaomuga_period3&4,吉林后套木噶_3&4,123.47,45.39,136,low,6000-5450,6000,5450,1,1,-21.88299942,29.04999924,1,141,0,0.05,434,430.273,,,,,,,Direct
3_2,HTMGMM91,Houtaomuga_period3&4,吉林后套木噶_3&4,123.47,45.39,136,low,6000-5450,6000,5450,1,1,-21.88299942,29.04999924,1,141,1,0.95,429,425.298,,,,,,,Direct
3_3,HTMGM7,Houtaomuga_period5&6,吉林后套木噶_5&6,123.47,45.39,136,low,2720-1730,2720,1730,3,1,-21.88299942,29.04999924,1,141,0,0.05,438,434.253,,,,,,,Direct
3_3,HTMGM25A,Houtaomuga_period5&6,吉林后套木噶_5&6,123.47,45.39,136,low,2720-1730,2720,1730,3,1,-21.88299942,29.04999924,1,141,0,0.05,457.5,453.6555,,,,,,,Direct
3_3,2011DHAⅢM48A,Houtaomuga_period5&6,吉林后套木噶_5&6,123.47,45.39,136,low,2720-1730,2720,1730,3,1,-21.88299942,29.04999924,1,141,0,0.05,404.5,400.9205,,,,,,,Direct
3_3,2011DHAⅢM48B,Houtaomuga_period5&6,吉林后套木噶_5&6,123.47,45.39,136,low,2720-1730,2720,1730,3,1,-21.88299942,29.04999924,1,141,0,0.05,397,393.458,,,,,,,Direct
3_3,2011DHAⅢM49A,Houtaomuga_period5&6,吉林后套木噶_5&6,123.47,45.39,136,low,2720-1730,2720,1730,3,1,-21.88299942,29.04999924,1,141,0,0.05,413,409.378,,,,,,,Direct
3_3,2011DHAⅢM49C,Houtaomuga_period5&6,吉林后套木噶_5&6,123.47,45.39,136,low,2720-1730,2720,1730,3,1,-21.88299942,29.04999924,1,141,0,0.05,394,390.473,,,,,,,Direct
3_3,2011DHAⅢM58B?E? ,Houtaomuga_period5&6,吉林后套木噶_5&6,123.47,45.39,136,low,2720-1730,2720,1730,3,1,-21.88299942,29.04999924,1,141,0,0.05,437,433.258,,,,,,,Direct
3_3,2011DHAⅢM58C,Houtaomuga_period5&6,吉林后套木噶_5&6,123.47,45.39,136,low,2720-1730,2720,1730,3,1,-21.88299942,29.04999924,1,141,0,0.05,445.5,441.7155,,,,,,,Direct
3_3,2011DHAⅢM59A,Houtaomuga_period5&6,吉林后套木噶_5&6,123.47,45.39,136,low,2720-1730,2720,1730,3,1,-21.88299942,29.04999924,1,141,0,0.05,434,430.273,,,,,,,Direct
3_3,2011DHAⅢM60,Houtaomuga_period5&6,吉林后套木噶_5&6,123.47,45.39,136,low,2720-1730,2720,1730,3,1,-21.88299942,29.04999924,1,141,0,0.05,408,404.403,,,,,,,Direct
3_3,2011DHAⅢM62A ,Houtaomuga_period5&6,吉林后套木噶_5&6,123.47,45.39,136,low,2720-1730,2720,1730,3,1,-21.88299942,29.04999924,1,141,0,0.05,442.75,438.97925,,,,,,,Direct
3_3,2012DHAⅢM74A,Houtaomuga_period5&6,吉林后套木噶_5&6,123.47,45.39,136,low,2720-1730,2720,1730,3,1,-21.88299942,29.04999924,1,141,0,0.05,425,421.318,,,,,,,Direct
3_3,2012DHAⅢM83B ,Houtaomuga_period5&6,吉林后套木噶_5&6,123.47,45.39,136,low,2720-1730,2720,1730,3,1,-21.88299942,29.04999924,1,141,0,0.05,401.5,397.9355,,,,,,,Direct
3_3,2013DHAⅠM2B,Houtaomuga_period5&6,吉林后套木噶_5&6,123.47,45.39,136,low,2720-1730,2720,1730,3,1,-21.88299942,29.04999924,1,141,1,0.95,416.25,412.61175,,,,,,,Direct
3_3,2013DHAⅠM4,Houtaomuga_period5&6,吉林后套木噶_5&6,123.47,45.39,136,low,2720-1730,2720,1730,3,1,-21.88299942,29.04999924,1,141,1,0.95,411.75,408.13425,,,,,,,Direct
3_3,2013DHAⅠM6B,Houtaomuga_period5&6,吉林后套木噶_5&6,123.47,45.39,136,low,2720-1730,2720,1730,3,1,-21.88299942,29.04999924,1,141,1,0.95,412,408.383,,,,,,,Direct
3_3,2013DHAⅠM6C,Houtaomuga_period5&6,吉林后套木噶_5&6,123.47,45.39,136,low,2720-1730,2720,1730,3,1,-21.88299942,29.04999924,1,141,1,0.95,378,374.553,,,,,,,Direct
3_3,2013DHAⅠM8,Houtaomuga_period5&6,吉林后套木噶_5&6,123.47,45.39,136,low,2720-1730,2720,1730,3,1,-21.88299942,29.04999924,1,141,1,0.95,412.5,408.8805,,,,,,,Direct
3_3,2013DHAⅡM1A,Houtaomuga_period5&6,吉林后套木噶_5&6,123.47,45.39,136,low,2720-1730,2720,1730,3,1,-21.88299942,29.04999924,1,141,1,0.95,408,404.403,,,,,,,Direct
3_3,2011DHAⅢM28,Houtaomuga_period5&6,吉林后套木噶_5&6,123.47,45.39,136,low,2720-1730,2720,1730,3,1,-21.88299942,29.04999924,1,141,1,0.95,408.5,404.9005,,,,,,,Direct
3_3,2011DHAⅢM35A ,Houtaomuga_period5&6,吉林后套木噶_5&6,123.47,45.39,136,low,2720-1730,2720,1730,3,1,-21.88299942,29.04999924,1,141,1,0.95,413,409.378,,,,,,,Direct
3_3,2011DHAⅢM39A,Houtaomuga_period5&6,吉林后套木噶_5&6,123.47,45.39,136,low,2720-1730,2720,1730,3,1,-21.88299942,29.04999924,1,141,1,0.95,395.5,391.9655,,,,,,,Direct
3_3,2011DHAⅢM40A,Houtaomuga_period5&6,吉林后套木噶_5&6,123.47,45.39,136,low,2720-1730,2720,1730,3,1,-21.88299942,29.04999924,1,141,1,0.95,388,384.503,,,,,,,Direct
3_3,2011DHAⅢM43D,Houtaomuga_period5&6,吉林后套木噶_5&6,123.47,45.39,136,low,2720-1730,2720,1730,3,1,-21.88299942,29.04999924,1,141,1,0.95,383.5,380.0255,,,,,,,Direct
3_3,2011DHAⅢM46A ,Houtaomuga_period5&6,吉林后套木噶_5&6,123.47,45.39,136,low,2720-1730,2720,1730,3,1,-21.88299942,29.04999924,1,141,1,0.95,358.5,355.1505,,,,,,,Direct
3_3,2011DHAⅢM49B ,Houtaomuga_period5&6,吉林后套木噶_5&6,123.47,45.39,136,low,2720-1730,2720,1730,3,1,-21.88299942,29.04999924,1,141,1,0.95,368.25,364.85175,,,,,,,Direct
3_3,2011DHAⅢM4B ,Houtaomuga_period5&6,吉林后套木噶_5&6,123.47,45.39,136,low,2720-1730,2720,1730,3,1,-21.88299942,29.04999924,1,141,1,0.95,397,393.458,,,,,,,Direct
3_3,2011DHAⅢM51,Houtaomuga_period5&6,吉林后套木噶_5&6,123.47,45.39,136,low,2720-1730,2720,1730,3,1,-21.88299942,29.04999924,1,141,1,0.95,401.25,397.68675,,,,,,,Direct
3_3,2011DHAⅢM58D,Houtaomuga_period5&6,吉林后套木噶_5&6,123.47,45.39,136,low,2720-1730,2720,1730,3,1,-21.88299942,29.04999924,1,141,1,0.95,397,393.458,,,,,,,Direct
3_3,2011DHAⅢM61 ,Houtaomuga_period5&6,吉林后套木噶_5&6,123.47,45.39,136,low,2720-1730,2720,1730,3,1,-21.88299942,29.04999924,1,141,1,0.95,416,412.363,,,,,,,Direct
3_3,2011DHAⅢM67 ,Houtaomuga_period5&6,吉林后套木噶_5&6,123.47,45.39,136,low,2720-1730,2720,1730,3,1,-21.88299942,29.04999924,1,141,1,0.95,422,418.333,,,,,,,Direct
3_3,2012DHAⅢM70A,Houtaomuga_period5&6,吉林后套木噶_5&6,123.47,45.39,136,low,2720-1730,2720,1730,3,1,-21.88299942,29.04999924,1,141,1,0.95,398.25,394.70175,,,,,,,Direct
3_3,2012DHAⅢM70B,Houtaomuga_period5&6,吉林后套木噶_5&6,123.47,45.39,136,low,2720-1730,2720,1730,3,1,-21.88299942,29.04999924,1,141,1,0.95,407,403.408,,,,,,,Direct
3_3,2012DHAⅢM74C,Houtaomuga_period5&6,吉林后套木噶_5&6,123.47,45.39,136,low,2720-1730,2720,1730,3,1,-21.88299942,29.04999924,1,141,1,0.95,427.5,423.8055,,,,,,,Direct
3_3,2012DHAⅢM76,Houtaomuga_period5&6,吉林后套木噶_5&6,123.47,45.39,136,low,2720-1730,2720,1730,3,1,-21.88299942,29.04999924,1,141,1,0.95,383.5,380.0255,,,,,,,Direct
3_3,2012DHAⅢM83A,Houtaomuga_period5&6,吉林后套木噶_5&6,123.47,45.39,136,low,2720-1730,2720,1730,3,1,-21.88299942,29.04999924,1,141,1,0.95,389.5,385.9955,,,,,,,Direct
3_3,2012DHAⅢM84A,Houtaomuga_period5&6,吉林后套木噶_5&6,123.47,45.39,136,low,2720-1730,2720,1730,3,1,-21.88299942,29.04999924,1,141,1,0.95,394,390.473,,,,,,,Direct
3_3,2012DHAⅢM84B,Houtaomuga_period5&6,吉林后套木噶_5&6,123.47,45.39,136,low,2720-1730,2720,1730,3,1,-21.88299942,29.04999924,1,141,1,0.95,420,416.343,,,,,,,Direct
3_3,2012DHAⅣM1A,Houtaomuga_period5&6,吉林后套木噶_5&6,123.47,45.39,136,low,2720-1730,2720,1730,3,1,-21.88299942,29.04999924,1,141,1,0.95,378.5,375.0505,,,,,,,Direct
3_3,2012DHAⅣM1B ,Houtaomuga_period5&6,吉林后套木噶_5&6,123.47,45.39,136,low,2720-1730,2720,1730,3,1,-21.88299942,29.04999924,1,141,1,0.95,393,389.478,,,,,,,Direct
3_3,2012DHAⅣM1C,Houtaomuga_period5&6,吉林后套木噶_5&6,123.47,45.39,136,low,2720-1730,2720,1730,3,1,-21.88299942,29.04999924,1,141,1,0.95,438,434.253,,,,,,,Direct
4,MDGM91,Miaodigou,河南陕县庙底沟,111.17,34.78,379,low,6000-4000,6000,4000,1,2,-5.395999908,31.83600044,7,123,0,0.05,446.7342479,442.9435766,,,,,,,Direct
4,MDGM17,Miaodigou,河南陕县庙底沟,111.17,34.78,379,low,6000-4000,6000,4000,1,2,-5.395999908,31.83600044,7,123,0,0.05,418.9797905,415.3278916,,,,,,,Direct
4,MDGM9,Miaodigou,河南陕县庙底沟,111.17,34.78,379,low,6000-4000,6000,4000,1,2,-5.395999908,31.83600044,7,123,0,0.05,436.4023282,432.6633166,,,,,,,Direct
4,MDGM85,Miaodigou,河南陕县庙底沟,111.17,34.78,379,low,6000-4000,6000,4000,1,2,-5.395999908,31.83600044,7,123,0,0.05,425.0404622,421.3582599,,,,,,,Direct
4,MDGM108,Miaodigou,河南陕县庙底沟,111.17,34.78,379,low,6000-4000,6000,4000,1,2,-5.395999908,31.83600044,7,123,0,0.05,441.6972477,437.9317615,,,,,,,Direct
4,MDGM37,Miaodigou,河南陕县庙底沟,111.17,34.78,379,low,6000-4000,6000,4000,1,2,-5.395999908,31.83600044,7,123,0,0.05,427.563398,423.868581,,,,,,,Direct
4,MDGM4,Miaodigou,河南陕县庙底沟,111.17,34.78,379,low,6000-4000,6000,4000,1,2,-5.395999908,31.83600044,7,123,0,0.05,419.1981132,415.5451226,,,,,,,Direct
4,MDGM126,Miaodigou,河南陕县庙底沟,111.17,34.78,379,low,6000-4000,6000,4000,1,2,-5.395999908,31.83600044,7,123,0,0.05,409.7641509,406.1583302,,,,,,,Direct
5,2013 M10,Wanggou,汪沟,113.24,34.49,362,low,6000-5000,6000,5000,1,2,-5.177000046,30.22900009,7,158,0,0.05,452,448.183,47.94,,,,,,Direct
5,2013 M19,Wanggou,汪沟,113.24,34.49,362,low,6000-5000,6000,5000,1,2,-5.177000046,30.22900009,7,158,0,0.05,493,488.978,49.06,,,,,,Direct
5,2013 M28,Wanggou,汪沟,113.24,34.49,362,low,6000-5000,6000,5000,1,2,-5.177000046,30.22900009,7,158,0,0.05,451,447.188,46.57,,,,,,Direct
5,2013 M32,Wanggou,汪沟,113.24,34.49,362,low,6000-5000,6000,5000,1,2,-5.177000046,30.22900009,7,158,0,0.05,453,449.178,48.5,,,,,,Direct
5,2013 M36,Wanggou,汪沟,113.24,34.49,362,low,6000-5000,6000,5000,1,2,-5.177000046,30.22900009,7,158,0,0.05,426,422.313,40.45,,,,,,Direct
5,2013 M4,Wanggou,汪沟,113.24,34.49,362,low,6000-5000,6000,5000,1,2,-5.177000046,30.22900009,7,158,0,0.05,494,489.973,,,,,,,Direct
5,2013 M40,Wanggou,汪沟,113.24,34.49,362,low,6000-5000,6000,5000,1,2,-5.177000046,30.22900009,7,158,0,0.05,420,416.343,47.04,,,,,,Direct
5,2013 M46,Wanggou,汪沟,113.24,34.49,362,low,6000-5000,6000,5000,1,2,-5.177000046,30.22900009,7,158,0,0.05,464,460.123,49.57,,,,,,Direct
5,2013 M50,Wanggou,汪沟,113.24,34.49,362,low,6000-5000,6000,5000,1,2,-5.177000046,30.22900009,7,158,0,0.05,429,425.298,47.68,,,,,,Direct
5,2013 M59east,Wanggou,汪沟,113.24,34.49,362,low,6000-5000,6000,5000,1,2,-5.177000046,30.22900009,7,158,0,0.05,419,415.348,,,,,,,Direct
5,2013 M66,Wanggou,汪沟,113.24,34.49,362,low,6000-5000,6000,5000,1,2,-5.177000046,30.22900009,7,158,0,0.05,452,448.183,48.695,,,,,,Direct
5,2014 M116,Wanggou,汪沟,113.24,34.49,362,low,6000-5000,6000,5000,1,2,-5.177000046,30.22900009,7,158,0,0.05,446,442.213,50.04,,,,,,Direct
5,2014 M121,Wanggou,汪沟,113.24,34.49,362,low,6000-5000,6000,5000,1,2,-5.177000046,30.22900009,7,158,0,0.05,466,462.113,46.6,,,,,,Direct
5,2014 M88,Wanggou,汪沟,113.24,34.49,362,low,6000-5000,6000,5000,1,2,-5.177000046,30.22900009,7,158,0,0.05,485,481.018,48.73,,,,,,Direct
5,2014 M91,Wanggou,汪沟,113.24,34.49,362,low,6000-5000,6000,5000,1,2,-5.177000046,30.22900009,7,158,0,0.05,443.5,439.7255,45.275,,,,,,Direct
5,2014 M94,Wanggou,汪沟,113.24,34.49,362,low,6000-5000,6000,5000,1,2,-5.177000046,30.22900009,7,158,0,0.05,493.5,489.4755,,,,,,,Direct
5,2015ⅡM1,Wanggou,汪沟,113.24,34.49,362,low,6000-5000,6000,5000,1,2,-5.177000046,30.22900009,7,158,0,0.05,422,418.333,,,,,,,Direct
5,2015 G⑭,Wanggou,汪沟,113.24,34.49,362,low,6000-5000,6000,5000,1,2,-5.177000046,30.22900009,7,158,0,0.05,406.5,402.9105,43.57,,,,,,Direct
5,2015 H18,Wanggou,汪沟,113.24,34.49,362,low,6000-5000,6000,5000,1,2,-5.177000046,30.22900009,7,158,0,0.05,414,410.373,45.885,,,,,,Direct
5,2015 M1north,Wanggou,汪沟,113.24,34.49,362,low,6000-5000,6000,5000,1,2,-5.177000046,30.22900009,7,158,0,0.05,430.5,426.7905,43.61,,,,,,Direct
5,2015 M2,Wanggou,汪沟,113.24,34.49,362,low,6000-5000,6000,5000,1,2,-5.177000046,30.22900009,7,158,0,0.05,415,411.368,41.975,,,,,,Direct
5,2015 M29,Wanggou,汪沟,113.24,34.49,362,low,6000-5000,6000,5000,1,2,-5.177000046,30.22900009,7,158,0,0.05,436,432.263,47.59,,,,,,Direct
5,2015 M3sou,Wanggou,汪沟,113.24,34.49,362,low,6000-5000,6000,5000,1,2,-5.177000046,30.22900009,7,158,0,0.05,425,421.318,47.325,,,,,,Direct
5,2015 M4,Wanggou,汪沟,113.24,34.49,362,low,6000-5000,6000,5000,1,2,-5.177000046,30.22900009,7,158,0,0.05,442,438.233,,,,,,,Direct
5,2015 M52,Wanggou,汪沟,113.24,34.49,362,low,6000-5000,6000,5000,1,2,-5.177000046,30.22900009,7,158,0,0.05,445,441.218,45.28,,,,,,Direct
5,2015 M55,Wanggou,汪沟,113.24,34.49,362,low,6000-5000,6000,5000,1,2,-5.177000046,30.22900009,7,158,0,0.05,439,435.248,46.98,,,,,,Direct
5,2015 M56,Wanggou,汪沟,113.24,34.49,362,low,6000-5000,6000,5000,1,2,-5.177000046,30.22900009,7,158,0,0.05,447,443.208,44.66,,,,,,Direct
5,2015 M57,Wanggou,汪沟,113.24,34.49,362,low,6000-5000,6000,5000,1,2,-5.177000046,30.22900009,7,158,0,0.05,451,447.188,47.08,,,,,,Direct
5,2015 M58,Wanggou,汪沟,113.24,34.49,362,low,6000-5000,6000,5000,1,2,-5.177000046,30.22900009,7,158,0,0.05,408,404.403,39.08,,,,,,Direct
5,2015 M65,Wanggou,汪沟,113.24,34.49,362,low,6000-5000,6000,5000,1,2,-5.177000046,30.22900009,7,158,0,0.05,413,409.378,46,,,,,,Direct
5,2015 M69,Wanggou,汪沟,113.24,34.49,362,low,6000-5000,6000,5000,1,2,-5.177000046,30.22900009,7,158,0,0.05,443,439.228,46.47,,,,,,Direct
5,2015 M77,Wanggou,汪沟,113.24,34.49,362,low,6000-5000,6000,5000,1,2,-5.177000046,30.22900009,7,158,0,0.05,456,452.163,46.65,,,,,,Direct
5,2013 M69,Wanggou,汪沟,113.24,34.49,362,low,6000-5000,6000,5000,1,2,-5.177000046,30.22900009,7,158,0,0.05,440,436.243,,,,,,,Direct
5,2015 M124,Wanggou,汪沟,113.24,34.49,362,low,6000-5000,6000,5000,1,2,-5.177000046,30.22900009,7,158,0,0.05,421,417.338,45.08,,,,,,Direct
5,2013 M1,Wanggou,汪沟,113.24,34.49,362,low,6000-5000,6000,5000,1,2,-5.177000046,30.22900009,7,158,1,0.95,425.5,421.8155,41.275,,,,,,Direct
5,2013 M12,Wanggou,汪沟,113.24,34.49,362,low,6000-5000,6000,5000,1,2,-5.177000046,30.22900009,7,158,1,0.95,405,401.418,42.605,,,,,,Direct
5,2013 M13,Wanggou,汪沟,113.24,34.49,362,low,6000-5000,6000,5000,1,2,-5.177000046,30.22900009,7,158,1,0.95,440,436.243,,,,,,,Direct
5,2013 M15,Wanggou,汪沟,113.24,34.49,362,low,6000-5000,6000,5000,1,2,-5.177000046,30.22900009,7,158,1,0.95,406,402.413,,,,,,,Direct
5,2013 M16,Wanggou,汪沟,113.24,34.49,362,low,6000-5000,6000,5000,1,2,-5.177000046,30.22900009,7,158,1,0.95,414,410.373,42.38,,,,,,Direct
5,2013 M27,Wanggou,汪沟,113.24,34.49,362,low,6000-5000,6000,5000,1,2,-5.177000046,30.22900009,7,158,1,0.95,,,43.34,,,,,,Direct
5,2013 M31,Wanggou,汪沟,113.24,34.49,362,low,6000-5000,6000,5000,1,2,-5.177000046,30.22900009,7,158,1,0.95,414,410.373,,,,,,,Direct
5,2013 M34,Wanggou,汪沟,113.24,34.49,362,low,6000-5000,6000,5000,1,2,-5.177000046,30.22900009,7,158,1,0.95,448,444.203,48.92,,,,,,Direct
5,2013 M35,Wanggou,汪沟,113.24,34.49,362,low,6000-5000,6000,5000,1,2,-5.177000046,30.22900009,7,158,1,0.95,379,375.548,40.52,,,,,,Direct
5,2013 M56,Wanggou,汪沟,113.24,34.49,362,low,6000-5000,6000,5000,1,2,-5.177000046,30.22900009,7,158,1,0.95,399,395.448,39.795,,,,,,Direct
5,2013 M58,Wanggou,汪沟,113.24,34.49,362,low,6000-5000,6000,5000,1,2,-5.177000046,30.22900009,7,158,1,0.95,468,464.103,47.65,,,,,,Direct
5,2013 M65 ,Wanggou,汪沟,113.24,34.49,362,low,6000-5000,6000,5000,1,2,-5.177000046,30.22900009,7,158,1,0.95,420,416.343,44.15,,,,,,Direct
5,2014 M93,Wanggou,汪沟,113.24,34.49,362,low,6000-5000,6000,5000,1,2,-5.177000046,30.22900009,7,158,1,0.95,427,423.308,42.72,,,,,,Direct
5,2014 M99,Wanggou,汪沟,113.24,34.49,362,low,6000-5000,6000,5000,1,2,-5.177000046,30.22900009,7,158,1,0.95,448,444.203,,,,,,,Direct
5,2015H35:1,Wanggou,汪沟,113.24,34.49,362,low,6000-5000,6000,5000,1,2,-5.177000046,30.22900009,7,158,1,0.95,436,432.263,40.95,,,,,,Direct
5,2015H35:3,Wanggou,汪沟,113.24,34.49,362,low,6000-5000,6000,5000,1,2,-5.177000046,30.22900009,7,158,1,0.95,435,431.268,42.29,,,,,,Direct
5,2015 M122,Wanggou,汪沟,113.24,34.49,362,low,6000-5000,6000,5000,1,2,-5.177000046,30.22900009,7,158,1,0.95,410,406.393,,,,,,,Direct
5,2015 M123,Wanggou,汪沟,113.24,34.49,362,low,6000-5000,6000,5000,1,2,-5.177000046,30.22900009,7,158,1,0.95,426,422.313,42.01,,,,,,Direct
5,2015 M130,Wanggou,汪沟,113.24,34.49,362,low,6000-5000,6000,5000,1,2,-5.177000046,30.22900009,7,158,1,0.95,411,407.388,,,,,,,Direct
5,2015 M134,Wanggou,汪沟,113.24,34.49,362,low,6000-5000,6000,5000,1,2,-5.177000046,30.22900009,7,158,1,0.95,433,429.278,45.18,,,,,,Direct
5,2015 M139,Wanggou,汪沟,113.24,34.49,362,low,6000-5000,6000,5000,1,2,-5.177000046,30.22900009,7,158,1,0.95,434,430.273,41.55,,,,,,Direct
5,2015 M1sou,Wanggou,汪沟,113.24,34.49,362,low,6000-5000,6000,5000,1,2,-5.177000046,30.22900009,7,158,1,0.95,384,380.523,,,,,,,Direct
5,2015 M36,Wanggou,汪沟,113.24,34.49,362,low,6000-5000,6000,5000,1,2,-5.177000046,30.22900009,7,158,1,0.95,457,453.158,46.38,,,,,,Direct
5,2015 M38,Wanggou,汪沟,113.24,34.49,362,low,6000-5000,6000,5000,1,2,-5.177000046,30.22900009,7,158,1,0.95,408,404.403,43.06,,,,,,Direct
5,2015 M64,Wanggou,汪沟,113.24,34.49,362,low,6000-5000,6000,5000,1,2,-5.177000046,30.22900009,7,158,1,0.95,386,382.513,39.8,,,,,,Direct
5,2016 M76sou,Wanggou,汪沟,113.24,34.49,362,low,6000-5000,6000,5000,1,2,-5.177000046,30.22900009,7,158,1,0.95,,,44.24,,,,,,Direct
5,2013 M53,Wanggou,汪沟,113.24,34.49,362,low,6000-5000,6000,5000,1,2,-5.177000046,30.22900009,7,158,1,0.95,415,411.368,47.13,,,,,,Direct
5,2015 M133,Wanggou,汪沟,113.24,34.49,362,low,6000-5000,6000,5000,1,2,-5.177000046,30.22900009,7,158,1,0.95,408,404.403,42.22,,,,,,Direct
6,2015M47,Sunzhuang,孙庄,113.32,34.45,322,low,6000-5000,6000,5000,1,2,-4.964000225,30.29999924,7,157,0,0.05,445.5,441.7155,48.44,,,,,,Direct
6,2015M50,Sunzhuang,孙庄,113.32,34.45,322,low,6000-5000,6000,5000,1,2,-4.964000225,30.29999924,7,157,0,0.05,462,458.133,48.715,,,,,,Direct
6,2015M2,Sunzhuang,孙庄,113.32,34.45,322,low,6000-5000,6000,5000,1,2,-4.964000225,30.29999924,7,157,0,0.05,,,48.72,,,,,,Direct
6,2015M23,Sunzhuang,孙庄,113.32,34.45,322,low,6000-5000,6000,5000,1,2,-4.964000225,30.29999924,7,157,0,0.05,438,434.253,48.86,,,,,,Direct
6,2015M35,Sunzhuang,孙庄,113.32,34.45,322,low,6000-5000,6000,5000,1,2,-4.964000225,30.29999924,7,157,0,0.05,,,48.79,,,,,,Direct
6,2015M19,Sunzhuang,孙庄,113.32,34.45,322,low,6000-5000,6000,5000,1,2,-4.964000225,30.29999924,7,157,0,0.05,431,427.288,47.9,,,,,,Direct
6,2015M3,Sunzhuang,孙庄,113.32,34.45,322,low,6000-5000,6000,5000,1,2,-4.964000225,30.29999924,7,157,0,0.05,454,450.173,46.665,,,,,,Direct
6,2015M28,Sunzhuang,孙庄,113.32,34.45,322,low,6000-5000,6000,5000,1,2,-4.964000225,30.29999924,7,157,0,0.05,428,424.303,48.37,,,,,,Direct
6,2015M20,Sunzhuang,孙庄,113.32,34.45,322,low,6000-5000,6000,5000,1,2,-4.964000225,30.29999924,7,157,0,0.05,438,434.253,46.975,,,,,,Direct
6,2015M10,Sunzhuang,孙庄,113.32,34.45,322,low,6000-5000,6000,5000,1,2,-4.964000225,30.29999924,7,157,0,0.05,466,462.113,,,,,,,Direct
6,2015M11,Sunzhuang,孙庄,113.32,34.45,322,low,6000-5000,6000,5000,1,2,-4.964000225,30.29999924,7,157,0,0.05,442,438.233,47.765,,,,,,Direct
6,2015M15,Sunzhuang,孙庄,113.32,34.45,322,low,6000-5000,6000,5000,1,2,-4.964000225,30.29999924,7,157,0,0.05,449,445.198,46.95,,,,,,Direct
6,2015M17,Sunzhuang,孙庄,113.32,34.45,322,low,6000-5000,6000,5000,1,2,-4.964000225,30.29999924,7,157,0,0.05,471,467.088,46.48,,,,,,Direct
6,2015M14,Sunzhuang,孙庄,113.32,34.45,322,low,6000-5000,6000,5000,1,2,-4.964000225,30.29999924,7,157,0,0.05,,,49.72,,,,,,Direct
6,2015M5,Sunzhuang,孙庄,113.32,34.45,322,low,6000-5000,6000,5000,1,2,-4.964000225,30.29999924,7,157,0,0.05,450.5,446.6905,45.145,,,,,,Direct
6,2015M43,Sunzhuang,孙庄,113.32,34.45,322,low,6000-5000,6000,5000,1,2,-4.964000225,30.29999924,7,157,0,0.05,444,440.223,48.215,,,,,,Direct
6,2015M16,Sunzhuang,孙庄,113.32,34.45,322,low,6000-5000,6000,5000,1,2,-4.964000225,30.29999924,7,157,0,0.05,,,47.215,,,,,,Direct
6,2015M54,Sunzhuang,孙庄,113.32,34.45,322,low,6000-5000,6000,5000,1,2,-4.964000225,30.29999924,7,157,0,0.05,438,434.253,48.985,,,,,,Direct
6,2015M41,Sunzhuang,孙庄,113.32,34.45,322,low,6000-5000,6000,5000,1,2,-4.964000225,30.29999924,7,157,1,0.95,424.82,,42.96,,,,,,Direct
6,2015M21,Sunzhuang,孙庄,113.32,34.45,322,low,6000-5000,6000,5000,1,2,-4.964000225,30.29999924,7,157,1,0.95,428,424.303,42.12,,,,,,Direct
6,2015M6,Sunzhuang,孙庄,113.32,34.45,322,low,6000-5000,6000,5000,1,2,-4.964000225,30.29999924,7,157,1,0.95,,,41.49,,,,,,Direct
6,2015M25,Sunzhuang,孙庄,113.32,34.45,322,low,6000-5000,6000,5000,1,2,-4.964000225,30.29999924,7,157,1,0.95,418,414.353,43.04,,,,,,Direct
6,2015M12,Sunzhuang,孙庄,113.32,34.45,322,low,6000-5000,6000,5000,1,2,-4.964000225,30.29999924,7,157,1,0.95,452,448.183,43.37,,,,,,Direct
6,2015M34,Sunzhuang,孙庄,113.32,34.45,322,low,6000-5000,6000,5000,1,2,-4.964000225,30.29999924,7,157,1,0.95,421.5,417.8355,43.45,,,,,,Direct
6,2015M48,Sunzhuang,孙庄,113.32,34.45,322,low,6000-5000,6000,5000,1,2,-4.964000225,30.29999924,7,157,1,0.95,421,417.338,42.525,,,,,,Direct
6,2015M4,Sunzhuang,孙庄,113.32,34.45,322,low,6000-5000,6000,5000,1,2,-4.964000225,30.29999924,7,157,1,0.95,,,42,,,,,,Direct
6,2015M1,Sunzhuang,孙庄,113.32,34.45,322,low,6000-5000,6000,5000,1,2,-4.964000225,30.29999924,7,157,1,0.95,413.5,409.8755,44.13,,,,,,Direct
6,2015M29,Sunzhuang,孙庄,113.32,34.45,322,low,6000-5000,6000,5000,1,2,-4.964000225,30.29999924,7,157,1,0.95,423,419.328,44.16,,,,,,Direct
6,2015M24,Sunzhuang,孙庄,113.32,34.45,322,low,6000-5000,6000,5000,1,2,-4.964000225,30.29999924,7,157,1,0.95,410,406.393,44.11,,,,,,Direct
6,2015M27,Sunzhuang,孙庄,113.32,34.45,322,low,6000-5000,6000,5000,1,2,-4.964000225,30.29999924,7,157,1,0.95,,,43.535,,,,,,Direct
6,2015M49,Sunzhuang,孙庄,113.32,34.45,322,low,6000-5000,6000,5000,1,2,-4.964000225,30.29999924,7,157,1,0.95,,,43.03,,,,,,Direct
6,2015M55,Sunzhuang,孙庄,113.32,34.45,322,low,6000-5000,6000,5000,1,2,-4.964000225,30.29999924,7,157,1,0.95,435,431.268,43.095,,,,,,Direct
6,2015M53,Sunzhuang,孙庄,113.32,34.45,322,low,6000-5000,6000,5000,1,2,-4.964000225,30.29999924,7,157,1,0.95,,,41.16,,,,,,Direct
6,2015M51,Sunzhuang,孙庄,113.32,34.45,322,low,6000-5000,6000,5000,1,2,-4.964000225,30.29999924,7,157,1,0.95,428,424.303,45.43,,,,,,Direct
7,2014M3-1,ShangangYang,尚岗杨,113.4,34.45,236,low,6000-5000,6000,5000,1,2,-4.717000008,30.75300026,7,157,0,0.05,467.5,463.6055,47.09,,,,,,Direct
7,2014M21,ShangangYang,尚岗杨,113.4,34.45,236,low,6000-5000,6000,5000,1,2,-4.717000008,30.75300026,7,157,0,0.05,,,49.2,,,,,,Direct
7,2014M15,ShangangYang,尚岗杨,113.4,34.45,236,low,6000-5000,6000,5000,1,2,-4.717000008,30.75300026,7,157,0,0.05,471,467.088,52.88,,,,,,Direct
7,2014M6,ShangangYang,尚岗杨,113.4,34.45,236,low,6000-5000,6000,5000,1,2,-4.717000008,30.75300026,7,157,0,0.05,455,451.168,47.115,,,,,,Direct
7,2014M36,ShangangYang,尚岗杨,113.4,34.45,236,low,6000-5000,6000,5000,1,2,-4.717000008,30.75300026,7,157,0,0.05,,,49.22,,,,,,Direct
7,2014M18,ShangangYang,尚岗杨,113.4,34.45,236,low,6000-5000,6000,5000,1,2,-4.717000008,30.75300026,7,157,0,0.05,460,456.143,46.675,,,,,,Direct
7,2014M35,ShangangYang,尚岗杨,113.4,34.45,236,low,6000-5000,6000,5000,1,2,-4.717000008,30.75300026,7,157,0,0.05,452.5,448.6805,49.165,,,,,,Direct
7,2014M24,ShangangYang,尚岗杨,113.4,34.45,236,low,6000-5000,6000,5000,1,2,-4.717000008,30.75300026,7,157,0,0.05,457,453.158,45.36,,,,,,Direct
7,2014M23,ShangangYang,尚岗杨,113.4,34.45,236,low,6000-5000,6000,5000,1,2,-4.717000008,30.75300026,7,157,0,0.05,475,471.068,50.73,,,,,,Direct
7,2014M11,ShangangYang,尚岗杨,113.4,34.45,236,low,6000-5000,6000,5000,1,2,-4.717000008,30.75300026,7,157,1,0.95,,,40.26,,,,,,Direct
7,2014M26,ShangangYang,尚岗杨,113.4,34.45,236,low,6000-5000,6000,5000,1,2,-4.717000008,30.75300026,7,157,1,0.95,,,46.83,,,,,,Direct
8,QTM175,Qingtai,青台,113.5,34.5,167,low,6000-5000,6000,5000,1,2,-4.986999989,30.92099953,6,155,0,0.05,494,489.973,51.9,,,,,,Direct
8,QTM177,Qingtai,青台,113.5,34.5,167,low,6000-5000,6000,5000,1,2,-4.986999989,30.92099953,6,155,0,0.05,486,482.013,49.73,,,,,,Direct
8,QTM132,Qingtai,青台,113.5,34.5,167,low,6000-5000,6000,5000,1,2,-4.986999989,30.92099953,6,155,0,0.05,510,505.893,53.64,,,,,,Direct
8,QTM159,Qingtai,青台,113.5,34.5,167,low,6000-5000,6000,5000,1,2,-4.986999989,30.92099953,6,155,0,0.05,425,421.318,47.37,,,,,,Direct
8,QTM133nor3,Qingtai,青台,113.5,34.5,167,low,6000-5000,6000,5000,1,2,-4.986999989,30.92099953,6,155,0,0.05,455,451.168,45.23,,,,,,Direct
8,QTM31,Qingtai,青台,113.5,34.5,167,low,6000-5000,6000,5000,1,2,-4.986999989,30.92099953,6,155,0,0.05,436,432.263,47.89,,,,,,Direct
8,QTM30,Qingtai,青台,113.5,34.5,167,low,6000-5000,6000,5000,1,2,-4.986999989,30.92099953,6,155,0,0.05,446,442.213,46.85,,,,,,Direct
8,QTM22,Qingtai,青台,113.5,34.5,167,low,6000-5000,6000,5000,1,2,-4.986999989,30.92099953,6,155,0,0.05,486,482.013,49.73,,,,,,Direct
8,QTM20,Qingtai,青台,113.5,34.5,167,low,6000-5000,6000,5000,1,2,-4.986999989,30.92099953,6,155,0,0.05,443,439.228,42.18,,,,,,Direct
8,QTM192,Qingtai,青台,113.5,34.5,167,low,6000-5000,6000,5000,1,2,-4.986999989,30.92099953,6,155,0,0.05,457,453.158,47.64,,,,,,Direct
8,QTM198male1,Qingtai,青台,113.5,34.5,167,low,6000-5000,6000,5000,1,2,-4.986999989,30.92099953,6,155,0,0.05,477,473.058,51.15,,,,,,Direct
8,QTM139,Qingtai,青台,113.5,34.5,167,low,6000-5000,6000,5000,1,2,-4.986999989,30.92099953,6,155,0,0.05,450,446.193,48.44,,,,,,Direct
8,QTH506,Qingtai,青台,113.5,34.5,167,low,6000-5000,6000,5000,1,2,-4.986999989,30.92099953,6,155,0,0.05,,,45.16,,,,,,Direct
8,QTM167,Qingtai,青台,113.5,34.5,167,low,6000-5000,6000,5000,1,2,-4.986999989,30.92099953,6,155,1,0.95,397,393.458,38.3,,,,,,Direct
8,QTM178,Qingtai,青台,113.5,34.5,167,low,6000-5000,6000,5000,1,2,-4.986999989,30.92099953,6,155,1,0.95,442,438.233,,,,,,,Direct
8,QTM46,Qingtai,青台,113.5,34.5,167,low,6000-5000,6000,5000,1,2,-4.986999989,30.92099953,6,155,1,0.95,384,380.523,43.32,,,,,,Direct
8,QTM153,Qingtai,青台,113.5,34.5,167,low,6000-5000,6000,5000,1,2,-4.986999989,30.92099953,6,155,1,0.95,435,431.268,45.35,,,,,,Direct
8,QTH406,Qingtai,青台,113.5,34.5,167,low,6000-5000,6000,5000,1,2,-4.986999989,30.92099953,6,155,1,0.95,409,405.398,39.62,,,,,,Direct
8,QTM26,Qingtai,青台,113.5,34.5,167,low,6000-5000,6000,5000,1,2,-4.986999989,30.92099953,6,155,1,0.95,432,428.283,42.41,,,,,,Direct
8,QTM135,Qingtai,青台,113.5,34.5,167,low,6000-5000,6000,5000,1,2,-4.986999989,30.92099953,6,155,1,0.95,405,401.418,42.99,,,,,,Direct
8,QTM108,Qingtai,青台,113.5,34.5,167,low,6000-5000,6000,5000,1,2,-4.986999989,30.92099953,6,155,1,0.95,431,427.288,42.89,,,,,,Direct
8,QTM138,Qingtai,青台,113.5,34.5,167,low,6000-5000,6000,5000,1,2,-4.986999989,30.92099953,6,155,1,0.95,418,414.353,42.79,,,,,,Direct
8,QTM170,Qingtai,青台,113.5,34.5,167,low,6000-5000,6000,5000,1,2,-4.986999989,30.92099953,6,155,1,0.95,458,454.153,,,,,,,Direct
8,QTM133mid2,Qingtai,青台,113.5,34.5,167,low,6000-5000,6000,5000,1,2,-4.986999989,30.92099953,6,155,1,0.95,487,483.008,46.96,,,,,,Direct
8,QTM32,Qingtai,青台,113.5,34.5,167,low,6000-5000,6000,5000,1,2,-4.986999989,30.92099953,6,155,1,0.95,433,429.278,45.71,,,,,,Direct
9,2018M474,Shuanghuaishu,双槐村,113.5,34.48,167,low,6000-5000,6000,5000,1,2,-4.986999989,30.92099953,6,155,0,0.05,459,455.148,52.425,,,,,,Direct
9,2018M486:1,Shuanghuaishu,双槐村,113.5,34.48,167,low,6000-5000,6000,5000,1,2,-4.986999989,30.92099953,6,155,0,0.05,448.5,444.7005,46.535,,,,,,Direct
9,2018M460,Shuanghuaishu,双槐村,113.5,34.48,167,low,6000-5000,6000,5000,1,2,-4.986999989,30.92099953,6,155,0,0.05,424,420.323,43.55,,,,,,Direct
9,2018M488,Shuanghuaishu,双槐村,113.5,34.48,167,low,6000-5000,6000,5000,1,2,-4.986999989,30.92099953,6,155,0,0.05,469,465.098,49.875,,,,,,Direct
9,2018M461,Shuanghuaishu,双槐村,113.5,34.48,167,low,6000-5000,6000,5000,1,2,-4.986999989,30.92099953,6,155,0,0.05,466,462.113,46.38,,,,,,Direct
9,2018M463,Shuanghuaishu,双槐村,113.5,34.48,167,low,6000-5000,6000,5000,1,2,-4.986999989,30.92099953,6,155,0,0.05,481,477.038,49,,,,,,Direct
9,2018M373,Shuanghuaishu,双槐村,113.5,34.48,167,low,6000-5000,6000,5000,1,2,-4.986999989,30.92099953,6,155,0,0.05,456,452.163,50.385,,,,,,Direct
9,2018M357,Shuanghuaishu,双槐村,113.5,34.48,167,low,6000-5000,6000,5000,1,2,-4.986999989,30.92099953,6,155,0,0.05,475,471.068,47.46,,,,,,Direct
9,2018M375,Shuanghuaishu,双槐村,113.5,34.48,167,low,6000-5000,6000,5000,1,2,-4.986999989,30.92099953,6,155,0,0.05,480,476.043,48.96,,,,,,Direct
9,2018M443,Shuanghuaishu,双槐村,113.5,34.48,167,low,6000-5000,6000,5000,1,2,-4.986999989,30.92099953,6,155,1,0.95,418,414.353,42.73,,,,,,
9,2018M481,Shuanghuaishu,双槐村,113.5,34.48,167,low,6000-5000,6000,5000,1,2,-4.986999989,30.92099953,6,155,1,0.95,436,432.263,43.48,,,,,,
9,2018M465,Shuanghuaishu,双槐村,113.5,34.48,167,low,6000-5000,6000,5000,1,2,-4.986999989,30.92099953,6,155,1,0.95,376,372.563,39.145,,,,,,
9,2018M475:1,Shuanghuaishu,双槐村,113.5,34.48,167,low,6000-5000,6000,5000,1,2,-4.986999989,30.92099953,6,155,1,0.95,404,400.423,42.28,,,,,,
9,2018M380,Shuanghuaishu,双槐村,113.5,34.48,167,low,6000-5000,6000,5000,1,2,-4.986999989,30.92099953,6,155,1,0.95,380,376.543,40.43,,,,,,
9,2018M484,Shuanghuaishu,双槐村,113.5,34.48,167,low,6000-5000,6000,5000,1,2,-4.986999989,30.92099953,6,155,1,0.95,442,438.233,42.65,,,,,,
10,MDZH23,Duzhong,河南渑池笃忠遗址,111.87,34.67,498,low,6000-4000,6000,4000,2,2,-5.662000179,30.60000038,6,139,0,0.05,,,,365,328.5,,,,
10,MDZH69:4,Duzhong,河南渑池笃忠遗址,111.87,34.67,498,low,6000-4000,6000,4000,2,2,-5.662000179,30.60000038,6,139,0,0.05,446.75,443.25,41.7,367.5,317.5,,,82.91032149,
10,MDZH69:5,Duzhong,河南渑池笃忠遗址,111.87,34.67,498,low,6000-4000,6000,4000,2,2,-5.662000179,30.60000038,6,139,0,0.05,,423,41.16,357.5,,,,84.51536643,
10,MDZH69:6,Duzhong,河南渑池笃忠遗址,111.87,34.67,498,low,6000-4000,6000,4000,2,2,-5.662000179,30.60000038,6,139,0,0.05,423.5,420.5,44.22,343,294.25,,,81.56956005,
10,MDZH82:2,Duzhong,河南渑池笃忠遗址,111.87,34.67,498,low,6000-4000,6000,4000,2,2,-5.662000179,30.60000038,6,139,0,0.05,448.5,444,42.65,367.25,308,,,82.71396396,
10,MDZH82:3,Duzhong,河南渑池笃忠遗址,111.87,34.67,498,low,6000-4000,6000,4000,2,2,-5.662000179,30.60000038,6,139,0,0.05,447,443.5,45.85,365.25,301.5,,,82.35625705,
10,MDZH87:1,Duzhong,河南渑池笃忠遗址,111.87,34.67,498,low,6000-4000,6000,4000,2,2,-5.662000179,30.60000038,6,139,0,0.05,,,,,326,,,,
10,MDZH87:2,Duzhong,河南渑池笃忠遗址,111.87,34.67,498,low,6000-4000,6000,4000,2,2,-5.662000179,30.60000038,6,139,0,0.05,419,416,36.6,327,288.5,,,78.60576923,
10,MDZH87:3,Duzhong,河南渑池笃忠遗址,111.87,34.67,498,low,6000-4000,6000,4000,2,2,-5.662000179,30.60000038,6,139,0,0.05,445,441,48.9,344,312,,,78.00453515,
10,MDZH69:2,Duzhong,河南渑池笃忠遗址,111.87,34.67,498,low,6000-4000,6000,4000,2,2,-5.662000179,30.60000038,6,139,1,0.95,384.5,381.5,36.35,312,283,,,81.78243775,Direct
10,MDZH69:3,Duzhong,河南渑池笃忠遗址,111.87,34.67,498,low,6000-4000,6000,4000,2,2,-5.662000179,30.60000038,6,139,1,0.95,401,397,38.84,333.75,,,,84.06801008,Direct
10,MDZH82:4,Duzhong,河南渑池笃忠遗址,111.87,34.67,498,low,6000-4000,6000,4000,2,2,-5.662000179,30.60000038,6,139,1,0.95,,,38.4,343.5,280.75,,,,Direct
11,GWM16,Gouwan,河南沟湾,111.28,33.05,253,low,6000-4000,6000,4000,2,2,-2.014999866,32.50099945,11,154,0,0.05,446,442.213,,359.5,308,,,81.29566521,Direct
11,GWM20,Gouwan,河南沟湾,111.28,33.05,253,low,6000-4000,6000,4000,2,2,-2.014999866,32.50099945,11,154,0,0.05,422,418.333,,342,,,,81.75305319,Direct
11,GWM37,Gouwan,河南沟湾,111.28,33.05,253,low,6000-4000,6000,4000,2,2,-2.014999866,32.50099945,11,154,0,0.05,451.5,447.6855,,380,316,254,80.37974684,84.8810158,Direct
11,GWM41,Gouwan,河南沟湾,111.28,33.05,253,low,6000-4000,6000,4000,2,2,-2.014999866,32.50099945,11,154,0,0.05,,,,,318,,,,Direct
11,GWM69,Gouwan,河南沟湾,111.28,33.05,253,low,6000-4000,6000,4000,2,2,-2.014999866,32.50099945,11,154,0,0.05,477.5,473.5555,,399,335.5,,,84.25622762,Direct
11,GWM72,Gouwan,河南沟湾,111.28,33.05,253,low,6000-4000,6000,4000,2,2,-2.014999866,32.50099945,11,154,0,0.05,,,,,321,,,,Direct
11,GWM79,Gouwan,河南沟湾,111.28,33.05,253,low,6000-4000,6000,4000,2,2,-2.014999866,32.50099945,11,154,0,0.05,,,,372,306,,,,Direct
11,GWM81,Gouwan,河南沟湾,111.28,33.05,253,low,6000-4000,6000,4000,2,2,-2.014999866,32.50099945,11,154,0,0.05,,,,334,,,,,Direct
11,GWM82,Gouwan,河南沟湾,111.28,33.05,253,low,6000-4000,6000,4000,2,2,-2.014999866,32.50099945,11,154,0,0.05,443,439.228,,,305,,,,Direct
11,GWM84,Gouwan,河南沟湾,111.28,33.05,253,low,6000-4000,6000,4000,2,2,-2.014999866,32.50099945,11,154,0,0.05,418,414.353,,,297,,,,Direct
11,GWM95,Gouwan,河南沟湾,111.28,33.05,253,low,6000-4000,6000,4000,2,2,-2.014999866,32.50099945,11,154,0,0.05,433.5,429.7755,,365,298,,,84.92806128,Direct
11,GWM102,Gouwan,河南沟湾,111.28,33.05,253,low,6000-4000,6000,4000,2,2,-2.014999866,32.50099945,11,154,0,0.05,427,423.308,,,,,,,Direct
11,GWM115,Gouwan,河南沟湾,111.28,33.05,253,low,6000-4000,6000,4000,2,2,-2.014999866,32.50099945,11,154,0,0.05,441,437.238,,360.5,308.5,,,82.4493754,Direct
11,GWM121,Gouwan,河南沟湾,111.28,33.05,253,low,6000-4000,6000,4000,2,2,-2.014999866,32.50099945,11,154,0,0.05,,,,,332,,,,Direct
11,GWM122,Gouwan,河南沟湾,111.28,33.05,253,low,6000-4000,6000,4000,2,2,-2.014999866,32.50099945,11,154,0,0.05,,,,361,,,,,Direct
11,GWM126,Gouwan,河南沟湾,111.28,33.05,253,low,6000-4000,6000,4000,2,2,-2.014999866,32.50099945,11,154,0,0.05,458.5,454.6505,,,313,,,,Direct
11,GWM131,Gouwan,河南沟湾,111.28,33.05,253,low,6000-4000,6000,4000,2,2,-2.014999866,32.50099945,11,154,0,0.05,,,,363,,,,,Direct
11,GWM134,Gouwan,河南沟湾,111.28,33.05,253,low,6000-4000,6000,4000,2,2,-2.014999866,32.50099945,11,154,0,0.05,,,,,316,,,,Direct
11,GWM21,Gouwan,河南沟湾,111.28,33.05,253,low,6000-4000,6000,4000,2,2,-2.014999866,32.50099945,11,154,1,0.95,,,,,,207,,,Direct
11,GWM34,Gouwan,河南沟湾,111.28,33.05,253,low,6000-4000,6000,4000,2,2,-2.014999866,32.50099945,11,154,1,0.95,412,408.383,,350,300,,,85.70386133,Direct
11,GWM53,Gouwan,河南沟湾,111.28,33.05,253,low,6000-4000,6000,4000,2,2,-2.014999866,32.50099945,11,154,1,0.95,432,428.283,,362,,,,84.52355102,Direct
11,GWM54,Gouwan,河南沟湾,111.28,33.05,253,low,6000-4000,6000,4000,2,2,-2.014999866,32.50099945,11,154,1,0.95,,,,330,297,,,,Direct
11,GWM96,Gouwan,河南沟湾,111.28,33.05,253,low,6000-4000,6000,4000,2,2,-2.014999866,32.50099945,11,154,1,0.95,,,,,304,,,,Direct
11,GWM103,Gouwan,河南沟湾,111.28,33.05,253,low,6000-4000,6000,4000,2,2,-2.014999866,32.50099945,11,154,1,0.95,,,,363.5,307.5,,,,Direct
11,GWM106,Gouwan,河南沟湾,111.28,33.05,253,low,6000-4000,6000,4000,2,2,-2.014999866,32.50099945,11,154,1,0.95,,,,,287,,,,Direct
11,GWM110,Gouwan,河南沟湾,111.28,33.05,253,low,6000-4000,6000,4000,2,2,-2.014999866,32.50099945,11,154,1,0.95,394,390.473,,,,,,,Direct
11,GWM112,Gouwan,河南沟湾,111.28,33.05,253,low,6000-4000,6000,4000,2,2,-2.014999866,32.50099945,11,154,1,0.95,,,,335,,,,,Direct
11,GWM116,Gouwan,河南沟湾,111.28,33.05,253,low,6000-4000,6000,4000,2,2,-2.014999866,32.50099945,11,154,1,0.95,,,,341,294,,,,Direct
12,SGM30,Shigu,河南石固,113.68,34.17,103,low,7000-4500,7000,4500,2,2,-4.472000122,31.43499947,9,164,0,0.05,452,446.5,,,,,,,Direct
12,SGM33,Shigu,河南石固,113.68,34.17,103,low,7000-4500,7000,4500,2,2,-4.472000122,31.43499947,9,164,1,0.95,406,400,,,,,,,Direct
12,SGM83,Shigu,河南石固,113.68,34.17,103,low,7000-4500,7000,4500,2,2,-4.472000122,31.43499947,9,164,1,0.95,405,399.5,,,,,,,Direct
12,SGM85,Shigu,河南石固,113.68,34.17,103,low,7000-4500,7000,4500,2,2,-4.472000122,31.43499947,9,164,1,0.95,427.5,423,,,,,,,Direct
12,SGM88,Shigu,河南石固,113.68,34.17,103,low,7000-4500,7000,4500,2,2,-4.472000122,31.43499947,9,164,1,0.95,410,405.5,,,,,,,Direct
12,SGM35,Shigu,河南石固,113.68,34.17,103,low,7000-4500,7000,4500,2,2,-4.472000122,31.43499947,9,164,1,0.95,432,428,,,,,,,Direct
12,SGM36,Shigu,河南石固,113.68,34.17,103,low,7000-4500,7000,4500,2,2,-4.472000122,31.43499947,9,164,1,0.95,402,401.5,,,,,,,Direct
12,SGM60,Shigu,河南石固,113.68,34.17,103,low,7000-4500,7000,4500,2,2,-4.472000122,31.43499947,9,164,1,0.95,406.5,402.5,,,,,,,Direct
13,QLSM105,Qingliangsi_period2,山西清凉寺,110.35,34.43,1106,low,5200-3700,5200,3700,2,2,-6.389999866,27.1060009,7,126,0,0.05,,,,,306.5,,,,Direct
13,QLSM111,Qingliangsi_period2,山西清凉寺,110.35,34.43,1106,low,5200-3700,5200,3700,2,2,-6.389999866,27.1060009,7,126,0,0.05,,,,,307,229,74.59283388,,Direct
13,QLSM112,Qingliangsi_period2,山西清凉寺,110.35,34.43,1106,low,5200-3700,5200,3700,2,2,-6.389999866,27.1060009,7,126,0,0.05,,,,351,,,,,Direct
13,QLSM114,Qingliangsi_period2,山西清凉寺,110.35,34.43,1106,low,5200-3700,5200,3700,2,2,-6.389999866,27.1060009,7,126,0,0.05,,,,360,300.5,,,,Direct
13,QLSM115,Qingliangsi_period2,山西清凉寺,110.35,34.43,1106,low,5200-3700,5200,3700,2,2,-6.389999866,27.1060009,7,126,0,0.05,,,,375,,,,,Direct
13,QLSM117,Qingliangsi_period2,山西清凉寺,110.35,34.43,1106,low,5200-3700,5200,3700,2,2,-6.389999866,27.1060009,7,126,0,0.05,,,,,330,278,84.24242424,,Direct
13,QLSM119,Qingliangsi_period2,山西清凉寺,110.35,34.43,1106,low,5200-3700,5200,3700,2,2,-6.389999866,27.1060009,7,126,0,0.05,,,,370,311,251,80.7073955,,Direct
13,QLSM123,Qingliangsi_period2,山西清凉寺,110.35,34.43,1106,low,5200-3700,5200,3700,2,2,-6.389999866,27.1060009,7,126,0,0.05,,,,,,251,,,Direct
13,QLSM127,Qingliangsi_period2,山西清凉寺,110.35,34.43,1106,low,5200-3700,5200,3700,2,2,-6.389999866,27.1060009,7,126,0,0.05,,,,368,,246,,,Direct
13,QLSM128,Qingliangsi_period2,山西清凉寺,110.35,34.43,1106,low,5200-3700,5200,3700,2,2,-6.389999866,27.1060009,7,126,0,0.05,,,,390,341,250,73.31378299,,Direct
13,QLSM135,Qingliangsi_period2,山西清凉寺,110.35,34.43,1106,low,5200-3700,5200,3700,2,2,-6.389999866,27.1060009,7,126,0,0.05,,,,370.5,312,,,,Direct
13,QLSM147,Qingliangsi_period2,山西清凉寺,110.35,34.43,1106,low,5200-3700,5200,3700,2,2,-6.389999866,27.1060009,7,126,0,0.05,446,440,48,,307,247,80.45602606,,Direct
13,QLSM152,Qingliangsi_period2,山西清凉寺,110.35,34.43,1106,low,5200-3700,5200,3700,2,2,-6.389999866,27.1060009,7,126,0,0.05,,,,,336,,,,Direct
13,QLSM155,Qingliangsi_period2,山西清凉寺,110.35,34.43,1106,low,5200-3700,5200,3700,2,2,-6.389999866,27.1060009,7,126,0,0.05,410,405,48.5,333,,230,,82.22222222,Direct
13,QLSM157,Qingliangsi_period2,山西清凉寺,110.35,34.43,1106,low,5200-3700,5200,3700,2,2,-6.389999866,27.1060009,7,126,0,0.05,440,436,48.2,369.5,322.5,254,78.75968992,84.74770642,Direct
13,QLSM164,Qingliangsi_period2,山西清凉寺,110.35,34.43,1106,low,5200-3700,5200,3700,2,2,-6.389999866,27.1060009,7,126,0,0.05,,,,,327,262,80.12232416,,Direct
13,QLSM171,Qingliangsi_period2,山西清凉寺,110.35,34.43,1106,low,5200-3700,5200,3700,2,2,-6.389999866,27.1060009,7,126,0,0.05,,,,,,247,,,Direct
13,QLSM173,Qingliangsi_period2,山西清凉寺,110.35,34.43,1106,low,5200-3700,5200,3700,2,2,-6.389999866,27.1060009,7,126,0,0.05,,,,,312,,,,Direct
13,QLSM185,Qingliangsi_period2,山西清凉寺,110.35,34.43,1106,low,5200-3700,5200,3700,2,2,-6.389999866,27.1060009,7,126,0,0.05,,,,,321,,,,Direct
13,QLSM187,Qingliangsi_period2,山西清凉寺,110.35,34.43,1106,low,5200-3700,5200,3700,2,2,-6.389999866,27.1060009,7,126,0,0.05,,,,,311,236,75.88424437,,Direct
13,QLSM192,Qingliangsi_period2,山西清凉寺,110.35,34.43,1106,low,5200-3700,5200,3700,2,2,-6.389999866,27.1060009,7,126,0,0.05,,,,,328,264,80.48780488,,Direct
13,QLSM202,Qingliangsi_period2,山西清凉寺,110.35,34.43,1106,low,5200-3700,5200,3700,2,2,-6.389999866,27.1060009,7,126,0,0.05,,,,,,240,,,Direct
13,QLSM206,Qingliangsi_period2,山西清凉寺,110.35,34.43,1106,low,5200-3700,5200,3700,2,2,-6.389999866,27.1060009,7,126,0,0.05,,,,,305,,,,Direct
13,QLSM219,Qingliangsi_period2,山西清凉寺,110.35,34.43,1106,low,5200-3700,5200,3700,2,2,-6.389999866,27.1060009,7,126,0,0.05,399,390.5,45.8,326.5,278,213,76.61870504,83.61075544,Direct
13,QLSM221,Qingliangsi_period2,山西清凉寺,110.35,34.43,1106,low,5200-3700,5200,3700,2,2,-6.389999866,27.1060009,7,126,0,0.05,,,,,288,,,,Direct
13,QLSM222,Qingliangsi_period2,山西清凉寺,110.35,34.43,1106,low,5200-3700,5200,3700,2,2,-6.389999866,27.1060009,7,126,0,0.05,,,,341.5,,,,,Direct
13,QLSM234,Qingliangsi_period2,山西清凉寺,110.35,34.43,1106,low,5200-3700,5200,3700,2,2,-6.389999866,27.1060009,7,126,0,0.05,,,,,328,,,,Direct
13,QLSM238,Qingliangsi_period2,山西清凉寺,110.35,34.43,1106,low,5200-3700,5200,3700,2,2,-6.389999866,27.1060009,7,126,0,0.05,,,,,,270,,,Direct
13,QLSM25,Qingliangsi_period2,山西清凉寺,110.35,34.43,1106,low,5200-3700,5200,3700,2,2,-6.389999866,27.1060009,7,126,0,0.05,,,,367.5,302,245,81.12582781,,Direct
13,QLSM252,Qingliangsi_period2,山西清凉寺,110.35,34.43,1106,low,5200-3700,5200,3700,2,2,-6.389999866,27.1060009,7,126,0,0.05,,,,,,256,,,Direct
13,QLSM258,Qingliangsi_period2,山西清凉寺,110.35,34.43,1106,low,5200-3700,5200,3700,2,2,-6.389999866,27.1060009,7,126,0,0.05,,,,,322,,,,Direct
13,QLSM26,Qingliangsi_period2,山西清凉寺,110.35,34.43,1106,low,5200-3700,5200,3700,2,2,-6.389999866,27.1060009,7,126,0,0.05,465,461,45.6,,,,,,Direct
13,QLSM263,Qingliangsi_period2,山西清凉寺,110.35,34.43,1106,low,5200-3700,5200,3700,2,2,-6.389999866,27.1060009,7,126,0,0.05,,,,,,245,,,Direct
13,QLSM274,Qingliangsi_period2,山西清凉寺,110.35,34.43,1106,low,5200-3700,5200,3700,2,2,-6.389999866,27.1060009,7,126,0,0.05,,,,,297.5,,,,Direct
13,QLSM276,Qingliangsi_period2,山西清凉寺,110.35,34.43,1106,low,5200-3700,5200,3700,2,2,-6.389999866,27.1060009,7,126,0,0.05,,,,,302,,,,Direct
13,QLSM277,Qingliangsi_period2,山西清凉寺,110.35,34.43,1106,low,5200-3700,5200,3700,2,2,-6.389999866,27.1060009,7,126,0,0.05,,,,365,306,,,,Direct
13,QLSM28,Qingliangsi_period2,山西清凉寺,110.35,34.43,1106,low,5200-3700,5200,3700,2,2,-6.389999866,27.1060009,7,126,0,0.05,,,,379,,,,,Direct
13,QLSM284,Qingliangsi_period2,山西清凉寺,110.35,34.43,1106,low,5200-3700,5200,3700,2,2,-6.389999866,27.1060009,7,126,0,0.05,,,,358,294,234.5,79.76190476,,Direct
13,QLSM287,Qingliangsi_period2,山西清凉寺,110.35,34.43,1106,low,5200-3700,5200,3700,2,2,-6.389999866,27.1060009,7,126,0,0.05,,,,330,,,,,Direct
13,QLSM29,Qingliangsi_period2,山西清凉寺,110.35,34.43,1106,low,5200-3700,5200,3700,2,2,-6.389999866,27.1060009,7,126,0,0.05,,,,362,297,246,82.82828283,,Direct
13,QLSM297,Qingliangsi_period2,山西清凉寺,110.35,34.43,1106,low,5200-3700,5200,3700,2,2,-6.389999866,27.1060009,7,126,0,0.05,433,431,47.2,351.5,,,,81.55452436,Direct
13,QLSM299,Qingliangsi_period2,山西清凉寺,110.35,34.43,1106,low,5200-3700,5200,3700,2,2,-6.389999866,27.1060009,7,126,0,0.05,,,,,320,251,78.4375,,Direct
13,QLSM301,Qingliangsi_period2,山西清凉寺,110.35,34.43,1106,low,5200-3700,5200,3700,2,2,-6.389999866,27.1060009,7,126,0,0.05,448,444,48.6,385,,,,86.71171171,Direct
13,QLSM302,Qingliangsi_period2,山西清凉寺,110.35,34.43,1106,low,5200-3700,5200,3700,2,2,-6.389999866,27.1060009,7,126,0,0.05,,,,,,249,,,Direct
13,QLSM311,Qingliangsi_period2,山西清凉寺,110.35,34.43,1106,low,5200-3700,5200,3700,2,2,-6.389999866,27.1060009,7,126,0,0.05,,,,370,307,,,,Direct
13,QLSM313,Qingliangsi_period2,山西清凉寺,110.35,34.43,1106,low,5200-3700,5200,3700,2,2,-6.389999866,27.1060009,7,126,0,0.05,,,,,,253,,,Direct
13,QLSM317,Qingliangsi_period2,山西清凉寺,110.35,34.43,1106,low,5200-3700,5200,3700,2,2,-6.389999866,27.1060009,7,126,0,0.05,,,,393,325,,,,Direct
13,QLSM324,Qingliangsi_period2,山西清凉寺,110.35,34.43,1106,low,5200-3700,5200,3700,2,2,-6.389999866,27.1060009,7,126,0,0.05,,,,366,301.5,254,84.24543947,,Direct
13,QLSM327,Qingliangsi_period2,山西清凉寺,110.35,34.43,1106,low,5200-3700,5200,3700,2,2,-6.389999866,27.1060009,7,126,0,0.05,,,,362,,,,,Direct
13,QLSM330,Qingliangsi_period2,山西清凉寺,110.35,34.43,1106,low,5200-3700,5200,3700,2,2,-6.389999866,27.1060009,7,126,0,0.05,,,,371,316.5,248.5,78.5150079,,Direct
13,QLSM336,Qingliangsi_period2,山西清凉寺,110.35,34.43,1106,low,5200-3700,5200,3700,2,2,-6.389999866,27.1060009,7,126,0,0.05,,,,371,,,,,Direct
13,QLSM342,Qingliangsi_period2,山西清凉寺,110.35,34.43,1106,low,5200-3700,5200,3700,2,2,-6.389999866,27.1060009,7,126,0,0.05,,,,,294,238,80.95238095,,Direct
13,QLSM346,Qingliangsi_period2,山西清凉寺,110.35,34.43,1106,low,5200-3700,5200,3700,2,2,-6.389999866,27.1060009,7,126,0,0.05,,,,381.5,334.5,252,75.33632287,,Direct
13,QLSM348,Qingliangsi_period2,山西清凉寺,110.35,34.43,1106,low,5200-3700,5200,3700,2,2,-6.389999866,27.1060009,7,126,0,0.05,,,,,326,247,75.76687117,,Direct
13,QLSM350,Qingliangsi_period2,山西清凉寺,110.35,34.43,1106,low,5200-3700,5200,3700,2,2,-6.389999866,27.1060009,7,126,0,0.05,,,,,309.5,240,77.54442649,,Direct
13,QLSM352,Qingliangsi_period2,山西清凉寺,110.35,34.43,1106,low,5200-3700,5200,3700,2,2,-6.389999866,27.1060009,7,126,0,0.05,,,,376,,,,,Direct
13,QLSM354盗洞,Qingliangsi_period2,山西清凉寺,110.35,34.43,1106,low,5200-3700,5200,3700,2,2,-6.389999866,27.1060009,7,126,0,0.05,,,,374,323,247,76.47058824,,Direct
13,QLSM355,Qingliangsi_period2,山西清凉寺,110.35,34.43,1106,low,5200-3700,5200,3700,2,2,-6.389999866,27.1060009,7,126,0,0.05,,,,370,,,,,Direct
13,QLSM47,Qingliangsi_period2,山西清凉寺,110.35,34.43,1106,low,5200-3700,5200,3700,2,2,-6.389999866,27.1060009,7,126,0,0.05,459,457,49,375.7,319,,,82.21006565,Direct
13,QLSM48,Qingliangsi_period2,山西清凉寺,110.35,34.43,1106,low,5200-3700,5200,3700,2,2,-6.389999866,27.1060009,7,126,0,0.05,,,,365,,,,,Direct
13,QLSM51,Qingliangsi_period2,山西清凉寺,110.35,34.43,1106,low,5200-3700,5200,3700,2,2,-6.389999866,27.1060009,7,126,0,0.05,461,454,46.2,385,327,253.5,77.52293578,84.80176211,Direct
13,QLSM52,Qingliangsi_period2,山西清凉寺,110.35,34.43,1106,low,5200-3700,5200,3700,2,2,-6.389999866,27.1060009,7,126,0,0.05,,,,371.5,,245,,,Direct
13,QLSM53殉人,Qingliangsi_period2,山西清凉寺,110.35,34.43,1106,low,5200-3700,5200,3700,2,2,-6.389999866,27.1060009,7,126,0,0.05,497,495,52.2,415,300,,,83.83838384,Direct
13,QLSM57,Qingliangsi_period2,山西清凉寺,110.35,34.43,1106,low,5200-3700,5200,3700,2,2,-6.389999866,27.1060009,7,126,0,0.05,,,,,,248,,,Direct
13,QLSM58(1),Qingliangsi_period2,山西清凉寺,110.35,34.43,1106,low,5200-3700,5200,3700,2,2,-6.389999866,27.1060009,7,126,0,0.05,433,432.5,48.75,336,310.5,234,75.36231884,77.68786127,Direct
13,QLSM58(2),Qingliangsi_period2,山西清凉寺,110.35,34.43,1106,low,5200-3700,5200,3700,2,2,-6.389999866,27.1060009,7,126,0,0.05,,,,390,,251,,,Direct
13,QLSM59,Qingliangsi_period2,山西清凉寺,110.35,34.43,1106,low,5200-3700,5200,3700,2,2,-6.389999866,27.1060009,7,126,0,0.05,433,429,46.7,,,,,,Direct
13,QLSM65,Qingliangsi_period2,山西清凉寺,110.35,34.43,1106,low,5200-3700,5200,3700,2,2,-6.389999866,27.1060009,7,126,0,0.05,463.5,454.5,52.05,390,319,258,80.87774295,85.80858086,Direct
13,QLSM69,Qingliangsi_period2,山西清凉寺,110.35,34.43,1106,low,5200-3700,5200,3700,2,2,-6.389999866,27.1060009,7,126,0,0.05,470,467,50.3,,,,,,Direct
13,QLSM70,Qingliangsi_period2,山西清凉寺,110.35,34.43,1106,low,5200-3700,5200,3700,2,2,-6.389999866,27.1060009,7,126,0,0.05,,,,338,,,,,Direct
13,QLSM75(1),Qingliangsi_period2,山西清凉寺,110.35,34.43,1106,low,5200-3700,5200,3700,2,2,-6.389999866,27.1060009,7,126,0,0.05,,,,406,,,,,Direct
13,QLSM75(2),Qingliangsi_period2,山西清凉寺,110.35,34.43,1106,low,5200-3700,5200,3700,2,2,-6.389999866,27.1060009,7,126,0,0.05,430,426,55.4,358,305.5,237,77.57774141,84.03755869,Direct
13,QLSM82,Qingliangsi_period2,山西清凉寺,110.35,34.43,1106,low,5200-3700,5200,3700,2,2,-6.389999866,27.1060009,7,126,0,0.05,429,423,47.3,347,,217,,82.03309693,Direct
13,QLSM89,Qingliangsi_period2,山西清凉寺,110.35,34.43,1106,low,5200-3700,5200,3700,2,2,-6.389999866,27.1060009,7,126,0,0.05,464,460,51,382,323.5,253,78.20710974,83.04347826,Direct
13,QLSM90,Qingliangsi_period2,山西清凉寺,110.35,34.43,1106,low,5200-3700,5200,3700,2,2,-6.389999866,27.1060009,7,126,0,0.05,472,470,52.65,387.5,325,252,77.53846154,82.44680851,Direct
13,QLSM92,Qingliangsi_period2,山西清凉寺,110.35,34.43,1106,low,5200-3700,5200,3700,2,2,-6.389999866,27.1060009,7,126,0,0.05,,,,,307.5,247,80.32520325,,Direct
13,QLSM94,Qingliangsi_period2,山西清凉寺,110.35,34.43,1106,low,5200-3700,5200,3700,2,2,-6.389999866,27.1060009,7,126,0,0.05,450,448,47.7,373,328,,,83.25892857,Direct
13,QLSM95,Qingliangsi_period2,山西清凉寺,110.35,34.43,1106,low,5200-3700,5200,3700,2,2,-6.389999866,27.1060009,7,126,0,0.05,478,470,50.3,390,,,,82.9787234,Direct
13,QLSM98,Qingliangsi_period2,山西清凉寺,110.35,34.43,1106,low,5200-3700,5200,3700,2,2,-6.389999866,27.1060009,7,126,0,0.05,458.5,456,49.5,379,311,244,78.45659164,83.11403509,Direct
13,QLSM10,Qingliangsi_period2,山西清凉寺,110.35,34.43,1106,low,5200-3700,5200,3700,2,2,-6.389999866,27.1060009,7,126,1,0.95,,,,346,,,,,Direct
13,QLSM102,Qingliangsi_period2,山西清凉寺,110.35,34.43,1106,low,5200-3700,5200,3700,2,2,-6.389999866,27.1060009,7,126,1,0.95,,,,362,,,,,Direct
13,QLSM103,Qingliangsi_period2,山西清凉寺,110.35,34.43,1106,low,5200-3700,5200,3700,2,2,-6.389999866,27.1060009,7,126,1,0.95,425,422.5,43.85,360,300,241.5,80.5,85.20710059,Direct
13,QLSM104,Qingliangsi_period2,山西清凉寺,110.35,34.43,1106,low,5200-3700,5200,3700,2,2,-6.389999866,27.1060009,7,126,1,0.95,,,,352,302,,,,Direct
13,QLSM106,Qingliangsi_period2,山西清凉寺,110.35,34.43,1106,low,5200-3700,5200,3700,2,2,-6.389999866,27.1060009,7,126,1,0.95,,,,,322.5,256,79.37984496,,Direct
13,QLSM107,Qingliangsi_period2,山西清凉寺,110.35,34.43,1106,low,5200-3700,5200,3700,2,2,-6.389999866,27.1060009,7,126,1,0.95,,,,,290,,,,Direct
13,QLSM109,Qingliangsi_period2,山西清凉寺,110.35,34.43,1106,low,5200-3700,5200,3700,2,2,-6.389999866,27.1060009,7,126,1,0.95,403,401,42,,275.5,211,76.58802178,,Direct
13,QLSM110yangshen,Qingliangsi_period2,山西清凉寺,110.35,34.43,1106,low,5200-3700,5200,3700,2,2,-6.389999866,27.1060009,7,126,1,0.95,,,,,285,224,78.59649123,,Direct
13,QLSM111Low,Qingliangsi_period2,山西清凉寺,110.35,34.43,1106,low,5200-3700,5200,3700,2,2,-6.389999866,27.1060009,7,126,1,0.95,,,,,296,234,79.05405405,,Direct
13,QLSM118,Qingliangsi_period2,山西清凉寺,110.35,34.43,1106,low,5200-3700,5200,3700,2,2,-6.389999866,27.1060009,7,126,1,0.95,433,430,44,356.5,302,,,82.90697674,Direct
13,QLSM12,Qingliangsi_period2,山西清凉寺,110.35,34.43,1106,low,5200-3700,5200,3700,2,2,-6.389999866,27.1060009,7,126,1,0.95,424.5,420,40.15,347,,227,,82.61904762,Direct
13,QLSM122,Qingliangsi_period2,山西清凉寺,110.35,34.43,1106,low,5200-3700,5200,3700,2,2,-6.389999866,27.1060009,7,126,1,0.95,431,422,47.2,,294,,,,Direct
13,QLSM124,Qingliangsi_period2,山西清凉寺,110.35,34.43,1106,low,5200-3700,5200,3700,2,2,-6.389999866,27.1060009,7,126,1,0.95,410,404,40.6,334,286,219,76.57342657,82.67326733,Direct
13,QLSM130,Qingliangsi_period2,山西清凉寺,110.35,34.43,1106,low,5200-3700,5200,3700,2,2,-6.389999866,27.1060009,7,126,1,0.95,403,400,43.7,,276.5,,,,Direct
13,QLSM131,Qingliangsi_period2,山西清凉寺,110.35,34.43,1106,low,5200-3700,5200,3700,2,2,-6.389999866,27.1060009,7,126,1,0.95,420,416,41.8,365,297,,,87.74038462,Direct
13,QLSM136,Qingliangsi_period2,山西清凉寺,110.35,34.43,1106,low,5200-3700,5200,3700,2,2,-6.389999866,27.1060009,7,126,1,0.95,,,,355,,,,,Direct
13,QLSM137,Qingliangsi_period2,山西清凉寺,110.35,34.43,1106,low,5200-3700,5200,3700,2,2,-6.389999866,27.1060009,7,126,1,0.95,,,,382,,,,,Direct
13,QLSM138,Qingliangsi_period2,山西清凉寺,110.35,34.43,1106,low,5200-3700,5200,3700,2,2,-6.389999866,27.1060009,7,126,1,0.95,,,,349,302,,,,Direct
13,QLSM144,Qingliangsi_period2,山西清凉寺,110.35,34.43,1106,low,5200-3700,5200,3700,2,2,-6.389999866,27.1060009,7,126,1,0.95,,,,391.5,,,,,Direct
13,QLSM146ES,Qingliangsi_period2,山西清凉寺,110.35,34.43,1106,low,5200-3700,5200,3700,2,2,-6.389999866,27.1060009,7,126,1,0.95,,,,334,289,204,70.58823529,,Direct
13,QLSM146ESW,Qingliangsi_period2,山西清凉寺,110.35,34.43,1106,low,5200-3700,5200,3700,2,2,-6.389999866,27.1060009,7,126,1,0.95,,,,311,,208,,,Direct
13,QLSM148,Qingliangsi_period2,山西清凉寺,110.35,34.43,1106,low,5200-3700,5200,3700,2,2,-6.389999866,27.1060009,7,126,1,0.95,422,420,49.7,,296,236.5,79.89864865,,Direct
13,QLSM15,Qingliangsi_period2,山西清凉寺,110.35,34.43,1106,low,5200-3700,5200,3700,2,2,-6.389999866,27.1060009,7,126,1,0.95,,,,,,234,,,Direct
13,QLSM151,Qingliangsi_period2,山西清凉寺,110.35,34.43,1106,low,5200-3700,5200,3700,2,2,-6.389999866,27.1060009,7,126,1,0.95,,,,342,,221,,,Direct
13,QLSM154,Qingliangsi_period2,山西清凉寺,110.35,34.43,1106,low,5200-3700,5200,3700,2,2,-6.389999866,27.1060009,7,126,1,0.95,,,,,312,,,,Direct
13,QLSM158,Qingliangsi_period2,山西清凉寺,110.35,34.43,1106,low,5200-3700,5200,3700,2,2,-6.389999866,27.1060009,7,126,1,0.95,,,,360,,,,,Direct
13,QLSM172,Qingliangsi_period2,山西清凉寺,110.35,34.43,1106,low,5200-3700,5200,3700,2,2,-6.389999866,27.1060009,7,126,1,0.95,,,,364,,245,,,Direct
13,QLSM175,Qingliangsi_period2,山西清凉寺,110.35,34.43,1106,low,5200-3700,5200,3700,2,2,-6.389999866,27.1060009,7,126,1,0.95,,,,326,285,211,74.03508772,,Direct
13,QLSM182,Qingliangsi_period2,山西清凉寺,110.35,34.43,1106,low,5200-3700,5200,3700,2,2,-6.389999866,27.1060009,7,126,1,0.95,,,,,,220,,,Direct
13,QLSM189,Qingliangsi_period2,山西清凉寺,110.35,34.43,1106,low,5200-3700,5200,3700,2,2,-6.389999866,27.1060009,7,126,1,0.95,,,,,291.5,228,78.2161235,,Direct
13,QLSM193,Qingliangsi_period2,山西清凉寺,110.35,34.43,1106,low,5200-3700,5200,3700,2,2,-6.389999866,27.1060009,7,126,1,0.95,,,,,322,260,80.74534161,,Direct
13,QLSM196,Qingliangsi_period2,山西清凉寺,110.35,34.43,1106,low,5200-3700,5200,3700,2,2,-6.389999866,27.1060009,7,126,1,0.95,,,,364,306,238.5,77.94117647,,Direct
13,QLSM197,Qingliangsi_period2,山西清凉寺,110.35,34.43,1106,low,5200-3700,5200,3700,2,2,-6.389999866,27.1060009,7,126,1,0.95,,,,330,275,216,78.54545455,,Direct
13,QLSM198,Qingliangsi_period2,山西清凉寺,110.35,34.43,1106,low,5200-3700,5200,3700,2,2,-6.389999866,27.1060009,7,126,1,0.95,,,,,,242,,,Direct
13,QLSM203,Qingliangsi_period2,山西清凉寺,110.35,34.43,1106,low,5200-3700,5200,3700,2,2,-6.389999866,27.1060009,7,126,1,0.95,,,,,,226,,,Direct
13,QLSM223,Qingliangsi_period2,山西清凉寺,110.35,34.43,1106,low,5200-3700,5200,3700,2,2,-6.389999866,27.1060009,7,126,1,0.95,,,,,,252,,,Direct
13,QLSM227,Qingliangsi_period2,山西清凉寺,110.35,34.43,1106,low,5200-3700,5200,3700,2,2,-6.389999866,27.1060009,7,126,1,0.95,,,,353,,,,,Direct
13,QLSM235,Qingliangsi_period2,山西清凉寺,110.35,34.43,1106,low,5200-3700,5200,3700,2,2,-6.389999866,27.1060009,7,126,1,0.95,,,,,,221.5,,,Direct
13,QLSM236,Qingliangsi_period2,山西清凉寺,110.35,34.43,1106,low,5200-3700,5200,3700,2,2,-6.389999866,27.1060009,7,126,1,0.95,,,,,,260,,,Direct
13,QLSM246,Qingliangsi_period2,山西清凉寺,110.35,34.43,1106,low,5200-3700,5200,3700,2,2,-6.389999866,27.1060009,7,126,1,0.95,,,,,,250,,,Direct
13,QLSM259,Qingliangsi_period2,山西清凉寺,110.35,34.43,1106,low,5200-3700,5200,3700,2,2,-6.389999866,27.1060009,7,126,1,0.95,,,,352,,,,,Direct
13,QLSM195,Qingliangsi_period2,山西清凉寺,110.35,34.43,1106,low,5200-3700,5200,3700,2,2,-6.389999866,27.1060009,7,126,1,0.95,,,,,277,,,,Direct
13,QLSM266,Qingliangsi_period2,山西清凉寺,110.35,34.43,1106,low,5200-3700,5200,3700,2,2,-6.389999866,27.1060009,7,126,1,0.95,,,,,300,,,,Direct
13,QLSM279,Qingliangsi_period2,山西清凉寺,110.35,34.43,1106,low,5200-3700,5200,3700,2,2,-6.389999866,27.1060009,7,126,1,0.95,455,453,,,,,,,Direct
13,QLSM281,Qingliangsi_period2,山西清凉寺,110.35,34.43,1106,low,5200-3700,5200,3700,2,2,-6.389999866,27.1060009,7,126,1,0.95,,,,361,,,,,Direct
13,QLSM282,Qingliangsi_period2,山西清凉寺,110.35,34.43,1106,low,5200-3700,5200,3700,2,2,-6.389999866,27.1060009,7,126,1,0.95,467,460,47.6,404,325,257,79.07692308,87.82608696,Direct
13,QLSM286,Qingliangsi_period2,山西清凉寺,110.35,34.43,1106,low,5200-3700,5200,3700,2,2,-6.389999866,27.1060009,7,126,1,0.95,,,,385,327,248,75.84097859,,Direct
13,QLSM288,Qingliangsi_period2,山西清凉寺,110.35,34.43,1106,low,5200-3700,5200,3700,2,2,-6.389999866,27.1060009,7,126,1,0.95,,,,,294,234,79.59183673,,Direct
13,QLSM297(2),Qingliangsi_period2,山西清凉寺,110.35,34.43,1106,low,5200-3700,5200,3700,2,2,-6.389999866,27.1060009,7,126,1,0.95,407,403.5,44.8,335,,,,83.02354399,Direct
13,QLSM300,Qingliangsi_period2,山西清凉寺,110.35,34.43,1106,low,5200-3700,5200,3700,2,2,-6.389999866,27.1060009,7,126,1,0.95,,,,,286,,,,Direct
13,QLSM304,Qingliangsi_period2,山西清凉寺,110.35,34.43,1106,low,5200-3700,5200,3700,2,2,-6.389999866,27.1060009,7,126,1,0.95,,,,385,281,,,,Direct
13,QLSM308,Qingliangsi_period2,山西清凉寺,110.35,34.43,1106,low,5200-3700,5200,3700,2,2,-6.389999866,27.1060009,7,126,1,0.95,417.5,411.5,44.35,343,,220,,83.35358445,Direct
13,QLSM321,Qingliangsi_period2,山西清凉寺,110.35,34.43,1106,low,5200-3700,5200,3700,2,2,-6.389999866,27.1060009,7,126,1,0.95,,,,,,249,,,Direct
13,QLSM328,Qingliangsi_period2,山西清凉寺,110.35,34.43,1106,low,5200-3700,5200,3700,2,2,-6.389999866,27.1060009,7,126,1,0.95,,,,,334,258,77.24550898,,Direct
13,QLSM331,Qingliangsi_period2,山西清凉寺,110.35,34.43,1106,low,5200-3700,5200,3700,2,2,-6.389999866,27.1060009,7,126,1,0.95,432.5,428,46.55,369,300,237,79,86.21495327,Direct
13,QLSM332,Qingliangsi_period2,山西清凉寺,110.35,34.43,1106,low,5200-3700,5200,3700,2,2,-6.389999866,27.1060009,7,126,1,0.95,,,,,340,,,,Direct
13,QLSM333,Qingliangsi_period2,山西清凉寺,110.35,34.43,1106,low,5200-3700,5200,3700,2,2,-6.389999866,27.1060009,7,126,1,0.95,,,,,,221,,,Direct
13,QLSM343,Qingliangsi_period2,山西清凉寺,110.35,34.43,1106,low,5200-3700,5200,3700,2,2,-6.389999866,27.1060009,7,126,1,0.95,,,,354,294,,,,Direct
13,QLSM344,Qingliangsi_period2,山西清凉寺,110.35,34.43,1106,low,5200-3700,5200,3700,2,2,-6.389999866,27.1060009,7,126,1,0.95,447,443,51.9,375,,,,84.65011287,Direct
13,QLSM345,Qingliangsi_period2,山西清凉寺,110.35,34.43,1106,low,5200-3700,5200,3700,2,2,-6.389999866,27.1060009,7,126,1,0.95,470,468,51.1,,,262,,,Direct
13,QLSM347,Qingliangsi_period2,山西清凉寺,110.35,34.43,1106,low,5200-3700,5200,3700,2,2,-6.389999866,27.1060009,7,126,1,0.95,453,451,48.5,375,326.5,,,83.14855876,Direct
13,QLSM351,Qingliangsi_period2,山西清凉寺,110.35,34.43,1106,low,5200-3700,5200,3700,2,2,-6.389999866,27.1060009,7,126,1,0.95,477,474,51,400,332,254,76.5060241,84.38818565,Direct
13,QLSM354(2),Qingliangsi_period2,山西清凉寺,110.35,34.43,1106,low,5200-3700,5200,3700,2,2,-6.389999866,27.1060009,7,126,1,0.95,,,,,304,251,82.56578947,,Direct
13,QLSM47(2),Qingliangsi_period2,山西清凉寺,110.35,34.43,1106,low,5200-3700,5200,3700,2,2,-6.389999866,27.1060009,7,126,1,0.95,,,,342,,216,,,Direct
13,QLSM64,Qingliangsi_period2,山西清凉寺,110.35,34.43,1106,low,5200-3700,5200,3700,2,2,-6.389999866,27.1060009,7,126,1,0.95,,,,350,,,,,Direct
13,QLSM66South,Qingliangsi_period2,山西清凉寺,110.35,34.43,1106,low,5200-3700,5200,3700,2,2,-6.389999866,27.1060009,7,126,1,0.95,,,,337,,,,,Direct
13,QLSM7,Qingliangsi_period2,山西清凉寺,110.35,34.43,1106,low,5200-3700,5200,3700,2,2,-6.389999866,27.1060009,7,126,1,0.95,,,,,,,,,Direct
13,QLSM80,Qingliangsi_period2,山西清凉寺,110.35,34.43,1106,low,5200-3700,5200,3700,2,2,-6.389999866,27.1060009,7,126,1,0.95,449,440,43.7,378,,,,85.90909091,Direct
13,QLSM82C,Qingliangsi_period2,山西清凉寺,110.35,34.43,1106,low,5200-3700,5200,3700,2,2,-6.389999866,27.1060009,7,126,1,0.95,,,,,,195,,,Direct
13,QLSM97,Qingliangsi_period2,山西清凉寺,110.35,34.43,1106,low,5200-3700,5200,3700,2,2,-6.389999866,27.1060009,7,126,1,0.95,,,,,295,224,75.93220339,,Direct
14,2016JJM1,Jiaojia,山东焦家遗址大汶口,117.36,36.79,33,low,5500-4600,5500,4600,1,2,-7.190999985,31.04100037,4,215,0,0.05,442.5,438.7305,46.785,360.5,298,242.5,81.37583893,82.16889412,Direct
14,2016JJM3,Jiaojia,山东焦家遗址大汶口,117.36,36.79,33,low,5500-4600,5500,4600,1,2,-7.190999985,31.04100037,4,215,0,0.05,430,426.293,,357.5,298,239,80.20134228,83.86250771,Direct
14,2016JJM4,Jiaojia,山东焦家遗址大汶口,117.36,36.79,33,low,5500-4600,5500,4600,1,2,-7.190999985,31.04100037,4,215,0,0.05,485,481.018,52.395,379,334.5,259,77.42899851,78.79123027,Direct
14,2016JJM6,Jiaojia,山东焦家遗址大汶口,117.36,36.79,33,low,5500-4600,5500,4600,1,2,-7.190999985,31.04100037,4,215,0,0.05,445,441.218,45.32,345,299,235,78.59531773,78.19263947,Direct
14,2016JJM8,Jiaojia,山东焦家遗址大汶口,117.36,36.79,33,low,5500-4600,5500,4600,1,2,-7.190999985,31.04100037,4,215,0,0.05,,,,,,,,,Direct
14,2016JJM10,Jiaojia,山东焦家遗址大汶口,117.36,36.79,33,low,5500-4600,5500,4600,1,2,-7.190999985,31.04100037,4,215,0,0.05,455,451.168,48.54,375,320,252,78.75,83.11759699,Direct
14,2016JJM17,Jiaojia,山东焦家遗址大汶口,117.36,36.79,33,low,5500-4600,5500,4600,1,2,-7.190999985,31.04100037,4,215,0,0.05,,,,362,,,,,Direct
14,2016JJM18,Jiaojia,山东焦家遗址大汶口,117.36,36.79,33,low,5500-4600,5500,4600,1,2,-7.190999985,31.04100037,4,215,0,0.05,,,,397.5,,,,,Direct
14,2016JJM20,Jiaojia,山东焦家遗址大汶口,117.36,36.79,33,low,5500-4600,5500,4600,1,2,-7.190999985,31.04100037,4,215,0,0.05,465,461.118,48.39,385.5,318,253,79.55974843,83.60116066,Direct
14,2016JJM23,Jiaojia,山东焦家遗址大汶口,117.36,36.79,33,low,5500-4600,5500,4600,1,2,-7.190999985,31.04100037,4,215,0,0.05,432,428.283,47.45,354.5,295,239,81.01694915,82.77237247,Direct
14,2016JJM27,Jiaojia,山东焦家遗址大汶口,117.36,36.79,33,low,5500-4600,5500,4600,1,2,-7.190999985,31.04100037,4,215,0,0.05,465,461.118,46.54,370,328,246.5,75.15243902,80.23976509,Direct
14,2016JJM30,Jiaojia,山东焦家遗址大汶口,117.36,36.79,33,low,5500-4600,5500,4600,1,2,-7.190999985,31.04100037,4,215,0,0.05,485,481.018,50.115,396.5,328.5,267,81.27853881,82.42934776,Direct
14,2016JJM31,Jiaojia,山东焦家遗址大汶口,117.36,36.79,33,low,5500-4600,5500,4600,1,2,-7.190999985,31.04100037,4,215,0,0.05,459,455.148,44.615,372.5,317,250,78.86435331,81.84151089,Direct
14,2016JJM32,Jiaojia,山东焦家遗址大汶口,117.36,36.79,33,low,5500-4600,5500,4600,1,2,-7.190999985,31.04100037,4,215,0,0.05,470,466.093,51.36,376.5,318,259,81.44654088,80.77787051,Direct
14,2016JJM42,Jiaojia,山东焦家遗址大汶口,117.36,36.79,33,low,5500-4600,5500,4600,1,2,-7.190999985,31.04100037,4,215,0,0.05,510,505.893,54.05,407,345,270,78.26086957,80.45179514,Direct
14,2016JJM43,Jiaojia,山东焦家遗址大汶口,117.36,36.79,33,low,5500-4600,5500,4600,1,2,-7.190999985,31.04100037,4,215,0,0.05,480,476.043,54.36,,340,250,73.52941176,,Direct
14,2016JJM44,Jiaojia,山东焦家遗址大汶口,117.36,36.79,33,low,5500-4600,5500,4600,1,2,-7.190999985,31.04100037,4,215,0,0.05,447.5,443.7055,47.67,375,315,240,76.19047619,84.51551761,Direct
14,2016JJM55,Jiaojia,山东焦家遗址大汶口,117.36,36.79,33,low,5500-4600,5500,4600,1,2,-7.190999985,31.04100037,4,215,0,0.05,463,459.128,51.06,378.5,319,260.5,81.66144201,82.43888415,Direct
14,2016JJM57,Jiaojia,山东焦家遗址大汶口,117.36,36.79,33,low,5500-4600,5500,4600,1,2,-7.190999985,31.04100037,4,215,0,0.05,428,424.303,47.67,350,296,232.5,78.5472973,82.48822186,Direct
14,2016JJM68,Jiaojia,山东焦家遗址大汶口,117.36,36.79,33,low,5500-4600,5500,4600,1,2,-7.190999985,31.04100037,4,215,0,0.05,468.75,464.84925,45.98,370,,,,79.59569688,Direct
14,2016JJM70,Jiaojia,山东焦家遗址大汶口,117.36,36.79,33,low,5500-4600,5500,4600,1,2,-7.190999985,31.04100037,4,215,0,0.05,460,456.143,49.63,380,320.5,261,81.43525741,83.30720849,Direct
14,2016JJM72South,Jiaojia,山东焦家遗址大汶口,117.36,36.79,33,low,5500-4600,5500,4600,1,2,-7.190999985,31.04100037,4,215,0,0.05,484,480.023,50.19,397.5,325,265,81.53846154,82.80853209,Direct
14,2016JJM81,Jiaojia,山东焦家遗址大汶口,117.36,36.79,33,low,5500-4600,5500,4600,1,2,-7.190999985,31.04100037,4,215,0,0.05,444,440.223,45.725,368,303.25,,,83.59399668,Direct
14,2016JJM84,Jiaojia,山东焦家遗址大汶口,117.36,36.79,33,low,5500-4600,5500,4600,1,2,-7.190999985,31.04100037,4,215,0,0.05,430,426.293,,342,,,,80.22651087,Direct
14,2016JJM92,Jiaojia,山东焦家遗址大汶口,117.36,36.79,33,low,5500-4600,5500,4600,1,2,-7.190999985,31.04100037,4,215,0,0.05,493.5,489.4755,52.67,410,,,,83.76313013,Direct
14,2016JJM95,Jiaojia,山东焦家遗址大汶口,117.36,36.79,33,low,5500-4600,5500,4600,1,2,-7.190999985,31.04100037,4,215,0,0.05,472,468.083,50.115,375.5,326,,,80.22081554,Direct
14,2016JJM99,Jiaojia,山东焦家遗址大汶口,117.36,36.79,33,low,5500-4600,5500,4600,1,2,-7.190999985,31.04100037,4,215,0,0.05,427,423.308,,349,300,,,82.44587865,Direct
14,2016JJM101,Jiaojia,山东焦家遗址大汶口,117.36,36.79,33,low,5500-4600,5500,4600,1,2,-7.190999985,31.04100037,4,215,0,0.05,459,455.148,47.97,366.5,318,251.5,79.08805031,80.52325837,Direct
14,2016JJM103,Jiaojia,山东焦家遗址大汶口,117.36,36.79,33,low,5500-4600,5500,4600,1,2,-7.190999985,31.04100037,4,215,0,0.05,460,456.143,49.91,375,316.5,247.5,78.19905213,82.211061,Direct
14,2016JJM105,Jiaojia,山东焦家遗址大汶口,117.36,36.79,33,low,5500-4600,5500,4600,1,2,-7.190999985,31.04100037,4,215,0,0.05,485,481.018,50.17,382.5,,255.5,,79.51885376,Direct
14,2016JJM111,Jiaojia,山东焦家遗址大汶口,117.36,36.79,33,low,5500-4600,5500,4600,1,2,-7.190999985,31.04100037,4,215,0,0.05,464.5,460.6205,48.91,369,329,244.4,74.28571429,80.10933078,Direct
14,2016JJM112,Jiaojia,山东焦家遗址大汶口,117.36,36.79,33,low,5500-4600,5500,4600,1,2,-7.190999985,31.04100037,4,215,0,0.05,466.5,462.6105,48.44,383.5,327,265,81.03975535,82.89911275,Direct
14,2016JJM122South,Jiaojia,山东焦家遗址大汶口,117.36,36.79,33,low,5500-4600,5500,4600,1,2,-7.190999985,31.04100037,4,215,0,0.05,445,441.218,,350,309,240,77.66990291,79.32586613,Direct
14,2016JJM122North,Jiaojia,山东焦家遗址大汶口,117.36,36.79,33,low,5500-4600,5500,4600,1,2,-7.190999985,31.04100037,4,215,0,0.05,442.5,438.7305,46.18,360,360,,,82.05492894,Direct
14,2016JJM127,Jiaojia,山东焦家遗址大汶口,117.36,36.79,33,low,5500-4600,5500,4600,1,2,-7.190999985,31.04100037,4,215,0,0.05,507,502.908,47.58,400,335,267,79.70149254,79.53741042,Direct
14,2016JJM15,Jiaojia,山东焦家遗址大汶口,117.36,36.79,33,low,5500-4600,5500,4600,1,2,-7.190999985,31.04100037,4,215,1,0.95,,,40.37,328,306,230,75.16339869,,Direct
14,2016JJM16,Jiaojia,山东焦家遗址大汶口,117.36,36.79,33,low,5500-4600,5500,4600,1,2,-7.190999985,31.04100037,4,215,1,0.95,440,436.243,43.405,359,300.5,230,76.5391015,82.29358408,Direct
14,2016JJM21South,Jiaojia,山东焦家遗址大汶口,117.36,36.79,33,low,5500-4600,5500,4600,1,2,-7.190999985,31.04100037,4,215,1,0.95,406,402.413,43.16,,286,222.5,77.7972028,,Direct
14,2016JJM21North,Jiaojia,山东焦家遗址大汶口,117.36,36.79,33,low,5500-4600,5500,4600,1,2,-7.190999985,31.04100037,4,215,1,0.95,,,,,,217,,,Direct
14,2016JJM22,Jiaojia,山东焦家遗址大汶口,117.36,36.79,33,low,5500-4600,5500,4600,1,2,-7.190999985,31.04100037,4,215,1,0.95,413.5,409.8755,40.835,298,,232,,72.70500432,Direct
14,2016JJM24,Jiaojia,山东焦家遗址大汶口,117.36,36.79,33,low,5500-4600,5500,4600,1,2,-7.190999985,31.04100037,4,215,1,0.95,427.5,423.8055,42.11,348,299,225,75.25083612,82.11313916,Direct
14,2016JJM25,Jiaojia,山东焦家遗址大汶口,117.36,36.79,33,low,5500-4600,5500,4600,1,2,-7.190999985,31.04100037,4,215,1,0.95,431,427.288,43.68,349.5,299.5,223,74.45742905,81.79494861,Direct
14,2016JJM26,Jiaojia,山东焦家遗址大汶口,117.36,36.79,33,low,5500-4600,5500,4600,1,2,-7.190999985,31.04100037,4,215,1,0.95,,,46.52,350,282,234,82.9787234,,Direct
14,2016JJM34,Jiaojia,山东焦家遗址大汶口,117.36,36.79,33,low,5500-4600,5500,4600,1,2,-7.190999985,31.04100037,4,215,1,0.95,,,,,,210.5,,,Direct
14,2016JJM39,Jiaojia,山东焦家遗址大汶口,117.36,36.79,33,low,5500-4600,5500,4600,1,2,-7.190999985,31.04100037,4,215,1,0.95,450,446.193,43.19,,306,,,,Direct
14,2016JJM46,Jiaojia,山东焦家遗址大汶口,117.36,36.79,33,low,5500-4600,5500,4600,1,2,-7.190999985,31.04100037,4,215,1,0.95,448.5,444.7005,43.73,377.5,310,239,77.09677419,84.88859356,Direct
14,2016JJM47,Jiaojia,山东焦家遗址大汶口,117.36,36.79,33,low,5500-4600,5500,4600,1,2,-7.190999985,31.04100037,4,215,1,0.95,437.5,433.7555,42.96,347.5,307.5,225,73.17073171,80.11425792,Direct
14,2016JJM51,Jiaojia,山东焦家遗址大汶口,117.36,36.79,33,low,5500-4600,5500,4600,1,2,-7.190999985,31.04100037,4,215,1,0.95,405,401.418,,,292,214,73.28767123,,Direct
14,2016JJM52,Jiaojia,山东焦家遗址大汶口,117.36,36.79,33,low,5500-4600,5500,4600,1,2,-7.190999985,31.04100037,4,215,1,0.95,411,407.388,40.68,340.5,292.5,226,77.26495726,83.58125423,Direct
14,2016JJM58,Jiaojia,山东焦家遗址大汶口,117.36,36.79,33,low,5500-4600,5500,4600,1,2,-7.190999985,31.04100037,4,215,1,0.95,417,413.358,43.295,338,290,219,75.51724138,81.76931377,Direct
14,2016JJM59,Jiaojia,山东焦家遗址大汶口,117.36,36.79,33,low,5500-4600,5500,4600,1,2,-7.190999985,31.04100037,4,215,1,0.95,405,401.418,38.795,335.5,275.5,214.5,77.8584392,83.57871346,Direct
14,2016JJM66,Jiaojia,山东焦家遗址大汶口,117.36,36.79,33,low,5500-4600,5500,4600,1,2,-7.190999985,31.04100037,4,215,1,0.95,435,431.268,43.37,355,295.5,235.5,79.69543147,82.31540481,Direct
14,2016JJM67,Jiaojia,山东焦家遗址大汶口,117.36,36.79,33,low,5500-4600,5500,4600,1,2,-7.190999985,31.04100037,4,215,1,0.95,387,383.508,39.53,317,269,,,82.65798888,Direct
14,2016JJM71,Jiaojia,山东焦家遗址大汶口,117.36,36.79,33,low,5500-4600,5500,4600,1,2,-7.190999985,31.04100037,4,215,1,0.95,420,416.343,41.59,335.25,294.5,225,76.40067912,80.52254992,Direct
14,2016JJM72North,Jiaojia,山东焦家遗址大汶口,117.36,36.79,33,low,5500-4600,5500,4600,1,2,-7.190999985,31.04100037,4,215,1,0.95,398.25,394.70175,39.98,325.5,273,205,75.09157509,82.46733135,Direct
14,2016JJM73,Jiaojia,山东焦家遗址大汶口,117.36,36.79,33,low,5500-4600,5500,4600,1,2,-7.190999985,31.04100037,4,215,1,0.95,,,43.79,,292,,,,Direct
14,2016JJM80,Jiaojia,山东焦家遗址大汶口,117.36,36.79,33,low,5500-4600,5500,4600,1,2,-7.190999985,31.04100037,4,215,1,0.95,419.5,415.8455,39.79,336.5,,,,80.9194761,Direct
14,2016JJM82,Jiaojia,山东焦家遗址大汶口,117.36,36.79,33,low,5500-4600,5500,4600,1,2,-7.190999985,31.04100037,4,215,1,0.95,400,396.443,40.81,328,277.5,220.5,79.45945946,82.73572746,Direct
14,2016JJM83,Jiaojia,山东焦家遗址大汶口,117.36,36.79,33,low,5500-4600,5500,4600,1,2,-7.190999985,31.04100037,4,215,1,0.95,,,41.01,,,,,,Direct
14,2016JJM85,Jiaojia,山东焦家遗址大汶口,117.36,36.79,33,low,5500-4600,5500,4600,1,2,-7.190999985,31.04100037,4,215,1,0.95,420,416.343,39.295,336,,226,,80.70268985,Direct
14,2016JJM87,Jiaojia,山东焦家遗址大汶口,117.36,36.79,33,low,5500-4600,5500,4600,1,2,-7.190999985,31.04100037,4,215,1,0.95,426.5,422.8105,41.355,351.5,289.5,226.5,78.23834197,83.13417004,Direct
14,2016JJM90,Jiaojia,山东焦家遗址大汶口,117.36,36.79,33,low,5500-4600,5500,4600,1,2,-7.190999985,31.04100037,4,215,1,0.95,,,44.01,,,,,,Direct
14,2016JJM91,Jiaojia,山东焦家遗址大汶口,117.36,36.79,33,low,5500-4600,5500,4600,1,2,-7.190999985,31.04100037,4,215,1,0.95,,,,,,,,,Direct
14,2016JJM93,Jiaojia,山东焦家遗址大汶口,117.36,36.79,33,low,5500-4600,5500,4600,1,2,-7.190999985,31.04100037,4,215,1,0.95,437,433.258,44.52,356.5,302.5,225.5,74.54545455,82.28353545,Direct
14,2016JJM96,Jiaojia,山东焦家遗址大汶口,117.36,36.79,33,low,5500-4600,5500,4600,1,2,-7.190999985,31.04100037,4,215,1,0.95,,,43.5,,,,,,Direct
14,2016JJM104,Jiaojia,山东焦家遗址大汶口,117.36,36.79,33,low,5500-4600,5500,4600,1,2,-7.190999985,31.04100037,4,215,1,0.95,407.5,403.9055,40.72,,283,,,,Direct
14,2016JJM107,Jiaojia,山东焦家遗址大汶口,117.36,36.79,33,low,5500-4600,5500,4600,1,2,-7.190999985,31.04100037,4,215,1,0.95,424.5,420.8205,40.995,340,298.25,225,75.44006706,80.79454304,Direct
14,2016JJM108,Jiaojia,山东焦家遗址大汶口,117.36,36.79,33,low,5500-4600,5500,4600,1,2,-7.190999985,31.04100037,4,215,1,0.95,,,,351,,,,,Direct
14,2016JJM109,Jiaojia,山东焦家遗址大汶口,117.36,36.79,33,low,5500-4600,5500,4600,1,2,-7.190999985,31.04100037,4,215,1,0.95,420.5,416.8405,44.86,350,290,220,75.86206897,83.96496981,Direct
14,2016JJM110,Jiaojia,山东焦家遗址大汶口,117.36,36.79,33,low,5500-4600,5500,4600,1,2,-7.190999985,31.04100037,4,215,1,0.95,450,446.193,43.04,371,317.5,237,74.64566929,83.14787547,Direct
14,2016JJM116,Jiaojia,山东焦家遗址大汶口,117.36,36.79,33,low,5500-4600,5500,4600,1,2,-7.190999985,31.04100037,4,215,1,0.95,,,,,,235,,,Direct
14,2016JJM118,Jiaojia,山东焦家遗址大汶口,117.36,36.79,33,low,5500-4600,5500,4600,1,2,-7.190999985,31.04100037,4,215,1,0.95,,,,350,300,,,,Direct
14,2016JJM121,Jiaojia,山东焦家遗址大汶口,117.36,36.79,33,low,5500-4600,5500,4600,1,2,-7.190999985,31.04100037,4,215,1,0.95,432,428.283,,359,,,,83.8230796,Direct
14,2016JJM123,Jiaojia,山东焦家遗址大汶口,117.36,36.79,33,low,5500-4600,5500,4600,1,2,-7.190999985,31.04100037,4,215,1,0.95,422,418.333,40.62,355,289,225,77.85467128,84.86062539,Direct
14,2016JJM130,Jiaojia,山东焦家遗址大汶口,117.36,36.79,33,low,5500-4600,5500,4600,1,2,-7.190999985,31.04100037,4,215,1,0.95,464,460.123,46.055,375,314.25,,,81.49994675,Direct
14,2016JJM132,Jiaojia,山东焦家遗址大汶口,117.36,36.79,33,low,5500-4600,5500,4600,1,2,-7.190999985,31.04100037,4,215,1,0.95,440.5,436.7405,41.815,340,302,227,75.16556291,77.84943233,Direct
14,2016JJM388,Jiaojia,山东焦家遗址大汶口,117.36,36.79,33,low,5500-4600,5500,4600,1,2,-7.190999985,31.04100037,4,215,1,0.95,455,451.168,43.21,,,,,,Direct
15,MGM351,Mogou,甘肃磨沟,103.52,34.41,2200,low,4000-3400,4000,3400,2,3,-16.21500015,16.77099991,2,118,0,0.05,480,476.043,,394,343,,,82.76563252,Direct
15,MGM419R2,Mogou,甘肃磨沟,103.52,34.41,2200,low,4000-3400,4000,3400,2,3,-16.21500015,16.77099991,2,118,0,0.05,462,458.133,,393,324.5,257,79.19876733,85.78294949,Direct
15,MGM443R3,Mogou,甘肃磨沟,103.52,34.41,2200,low,4000-3400,4000,3400,2,3,-16.21500015,16.77099991,2,118,0,0.05,430.5,426.7905,,342,,234,,80.13299265,Direct
15,MGM476R1,Mogou,甘肃磨沟,103.52,34.41,2200,low,4000-3400,4000,3400,2,3,-16.21500015,16.77099991,2,118,0,0.05,440,436.243,,,,,,,Direct
15,MGM486R7,Mogou,甘肃磨沟,103.52,34.41,2200,low,4000-3400,4000,3400,2,3,-16.21500015,16.77099991,2,118,0,0.05,421.25,417.58675,,328.5,,230,,78.6662891,Direct
15,MGM492R2,Mogou,甘肃磨沟,103.52,34.41,2200,low,4000-3400,4000,3400,2,3,-16.21500015,16.77099991,2,118,0,0.05,399.95,396.39325,,355,276.5,,,89.55752904,Direct
15,MGM498R2,Mogou,甘肃磨沟,103.52,34.41,2200,low,4000-3400,4000,3400,2,3,-16.21500015,16.77099991,2,118,0,0.05,427.5,423.8055,,357.75,310,242,78.06451613,84.4137228,Direct
15,MGM549,Mogou,甘肃磨沟,103.52,34.41,2200,low,4000-3400,4000,3400,2,3,-16.21500015,16.77099991,2,118,0,0.05,415,411.368,,331,286,218,76.22377622,80.46323487,Direct
15,MGM597R2,Mogou,甘肃磨沟,103.52,34.41,2200,low,4000-3400,4000,3400,2,3,-16.21500015,16.77099991,2,118,0,0.05,450.5,446.6905,,372,312.5,243.5,77.92,83.27913846,Direct
15,MGM601R2,Mogou,甘肃磨沟,103.52,34.41,2200,low,4000-3400,4000,3400,2,3,-16.21500015,16.77099991,2,118,0,0.05,452.5,448.6805,,377.5,327,258,78.89908257,84.13559314,Direct
15,MGM632R8,Mogou,甘肃磨沟,103.52,34.41,2200,low,4000-3400,4000,3400,2,3,-16.21500015,16.77099991,2,118,0,0.05,,,,376,,253,,,Direct
15,MGM647R1,Mogou,甘肃磨沟,103.52,34.41,2200,low,4000-3400,4000,3400,2,3,-16.21500015,16.77099991,2,118,0,0.05,446.5,442.7105,,357,310,234,75.48387097,80.63960534,Direct
15,MGM650R3,Mogou,甘肃磨沟,103.52,34.41,2200,low,4000-3400,4000,3400,2,3,-16.21500015,16.77099991,2,118,0,0.05,410,406.393,,327.5,294,215,73.1292517,80.58701799,Direct
15,MGM659R1,Mogou,甘肃磨沟,103.52,34.41,2200,low,4000-3400,4000,3400,2,3,-16.21500015,16.77099991,2,118,0,0.05,431,427.288,,355,311,243,78.13504823,83.08213664,Direct
15,MGM662R2,Mogou,甘肃磨沟,103.52,34.41,2200,low,4000-3400,4000,3400,2,3,-16.21500015,16.77099991,2,118,0,0.05,427,423.308,,339.5,295,245,83.05084746,80.20164986,Direct
15,MGM663R1,Mogou,甘肃磨沟,103.52,34.41,2200,low,4000-3400,4000,3400,2,3,-16.21500015,16.77099991,2,118,0,0.05,428,424.303,,346.5,,236,,81.66333964,Direct
15,MGM678,Mogou,甘肃磨沟,103.52,34.41,2200,low,4000-3400,4000,3400,2,3,-16.21500015,16.77099991,2,118,0,0.05,424,420.323,,339,296,223,75.33783784,80.65226029,Direct
15,MGM687R1,Mogou,甘肃磨沟,103.52,34.41,2200,low,4000-3400,4000,3400,2,3,-16.21500015,16.77099991,2,118,0,0.05,415,411.368,,349,287,248,86.41114983,84.83887906,Direct
15,MGM687R2,Mogou,甘肃磨沟,103.52,34.41,2200,low,4000-3400,4000,3400,2,3,-16.21500015,16.77099991,2,118,0,0.05,385,381.518,,326.5,283.5,215.5,76.01410935,85.5791863,Direct
15,MGM687R4,Mogou,甘肃磨沟,103.52,34.41,2200,low,4000-3400,4000,3400,2,3,-16.21500015,16.77099991,2,118,0,0.05,428,424.303,,,,228.75,,,Direct
15,MGM691R1,Mogou,甘肃磨沟,103.52,34.41,2200,low,4000-3400,4000,3400,2,3,-16.21500015,16.77099991,2,118,0,0.05,463,459.128,,,,,,,Direct
15,MGM692R2,Mogou,甘肃磨沟,103.52,34.41,2200,low,4000-3400,4000,3400,2,3,-16.21500015,16.77099991,2,118,0,0.05,436,432.263,,369,322,253,78.57142857,85.36469696,Direct
15,MGM694R2,Mogou,甘肃磨沟,103.52,34.41,2200,low,4000-3400,4000,3400,2,3,-16.21500015,16.77099991,2,118,0,0.05,,,,359,312,220,70.51282051,,Direct
15,MGM694R4,Mogou,甘肃磨沟,103.52,34.41,2200,low,4000-3400,4000,3400,2,3,-16.21500015,16.77099991,2,118,0,0.05,472,468.083,,376.5,336,260,77.38095238,80.43445286,Direct
15,MGM709R3,Mogou,甘肃磨沟,103.52,34.41,2200,low,4000-3400,4000,3400,2,3,-16.21500015,16.77099991,2,118,0,0.05,435,431.268,,355.25,303,231.25,76.32013201,82.3733734,Direct
15,MGM709R4,Mogou,甘肃磨沟,103.52,34.41,2200,low,4000-3400,4000,3400,2,3,-16.21500015,16.77099991,2,118,0,0.05,432,428.283,,348.5,299.5,228.5,76.29382304,81.37142964,Direct
15,MGM710,Mogou,甘肃磨沟,103.52,34.41,2200,low,4000-3400,4000,3400,2,3,-16.21500015,16.77099991,2,118,0,0.05,418,414.353,,330,298,231,77.51677852,79.64223742,Direct
15,MGM714R4,Mogou,甘肃磨沟,103.52,34.41,2200,low,4000-3400,4000,3400,2,3,-16.21500015,16.77099991,2,118,0,0.05,435,431.268,,375.5,308,234.5,76.13636364,87.06882959,Direct
15,MGM719R1,Mogou,甘肃磨沟,103.52,34.41,2200,low,4000-3400,4000,3400,2,3,-16.21500015,16.77099991,2,118,0,0.05,452,448.183,,365,314.5,237,75.35771065,81.43994752,Direct
15,MGM722R1,Mogou,甘肃磨沟,103.52,34.41,2200,low,4000-3400,4000,3400,2,3,-16.21500015,16.77099991,2,118,0,0.05,456,452.163,,392.5,331,258,77.94561934,86.80497962,Direct
15,MGM723,Mogou,甘肃磨沟,103.52,34.41,2200,low,4000-3400,4000,3400,2,3,-16.21500015,16.77099991,2,118,0,0.05,460,456.143,,371,311.5,241,77.36757624,81.33414302,Direct
15,MGM729,Mogou,甘肃磨沟,103.52,34.41,2200,low,4000-3400,4000,3400,2,3,-16.21500015,16.77099991,2,118,0,0.05,425,421.318,,358.5,300,,,85.09012195,Direct
15,MGM731R3,Mogou,甘肃磨沟,103.52,34.41,2200,low,4000-3400,4000,3400,2,3,-16.21500015,16.77099991,2,118,0,0.05,445.5,441.7155,,371,312.5,250,80,83.99071348,Direct
15,MGM747R3,Mogou,甘肃磨沟,103.52,34.41,2200,low,4000-3400,4000,3400,2,3,-16.21500015,16.77099991,2,118,0,0.05,,,,350,,,,,Direct
15,MGM749R1,Mogou,甘肃磨沟,103.52,34.41,2200,low,4000-3400,4000,3400,2,3,-16.21500015,16.77099991,2,118,0,0.05,,,,369.5,,248,,,Direct
15,MGM756,Mogou,甘肃磨沟,103.52,34.41,2200,low,4000-3400,4000,3400,2,3,-16.21500015,16.77099991,2,118,0,0.05,465,461.118,,375,312,258,82.69230769,81.32408624,Direct
15,MGM766R1,Mogou,甘肃磨沟,103.52,34.41,2200,low,4000-3400,4000,3400,2,3,-16.21500015,16.77099991,2,118,0,0.05,449.5,445.6955,,375,315,241,76.50793651,84.13816159,Direct
15,MGM787R4,Mogou,甘肃磨沟,103.52,34.41,2200,low,4000-3400,4000,3400,2,3,-16.21500015,16.77099991,2,118,0,0.05,446,442.213,,365.5,322,234,72.67080745,82.65247743,Direct
15,MGM803R3,Mogou,甘肃磨沟,103.52,34.41,2200,low,4000-3400,4000,3400,2,3,-16.21500015,16.77099991,2,118,0,0.05,462.5,458.6305,,371,308,,,80.89300646,Direct
15,MGM806,Mogou,甘肃磨沟,103.52,34.41,2200,low,4000-3400,4000,3400,2,3,-16.21500015,16.77099991,2,118,0,0.05,,,,361.5,305,266,87.21311475,,Direct
15,MGM807R2,Mogou,甘肃磨沟,103.52,34.41,2200,low,4000-3400,4000,3400,2,3,-16.21500015,16.77099991,2,118,0,0.05,439.5,435.7455,,368,299,248,82.94314381,84.45296624,Direct
15,MGM823,Mogou,甘肃磨沟,103.52,34.41,2200,low,4000-3400,4000,3400,2,3,-16.21500015,16.77099991,2,118,0,0.05,,,,354.5,,243,,,Direct
15,MGM833R1,Mogou,甘肃磨沟,103.52,34.41,2200,low,4000-3400,4000,3400,2,3,-16.21500015,16.77099991,2,118,0,0.05,,,,348.5,303,234.5,77.39273927,,Direct
15,MGM839R1,Mogou,甘肃磨沟,103.52,34.41,2200,low,4000-3400,4000,3400,2,3,-16.21500015,16.77099991,2,118,0,0.05,458.5,454.6505,,368.5,325,,,81.05126905,Direct
15,MGM845R2,Mogou,甘肃磨沟,103.52,34.41,2200,low,4000-3400,4000,3400,2,3,-16.21500015,16.77099991,2,118,0,0.05,435.5,431.7655,,355.5,,235.5,,82.33636083,Direct
15,MGM849,Mogou,甘肃磨沟,103.52,34.41,2200,low,4000-3400,4000,3400,2,3,-16.21500015,16.77099991,2,118,0,0.05,441.5,437.7355,,361,298,245,82.2147651,82.46989335,Direct
15,MGM880R1,Mogou,甘肃磨沟,103.52,34.41,2200,low,4000-3400,4000,3400,2,3,-16.21500015,16.77099991,2,118,0,0.05,468.5,464.6005,,394,312,248.5,79.6474359,84.80404132,Direct
15,MGM880R2,Mogou,甘肃磨沟,103.52,34.41,2200,low,4000-3400,4000,3400,2,3,-16.21500015,16.77099991,2,118,0,0.05,420,416.343,,354.5,287,238.5,83.1010453,85.14614152,Direct
15,MGM882,Mogou,甘肃磨沟,103.52,34.41,2200,low,4000-3400,4000,3400,2,3,-16.21500015,16.77099991,2,118,0,0.05,423,419.328,,344,289,227.5,78.71972318,82.03601954,Direct
15,MGM893R2,Mogou,甘肃磨沟,103.52,34.41,2200,low,4000-3400,4000,3400,2,3,-16.21500015,16.77099991,2,118,0,0.05,433,429.278,,348.5,,230,,81.18282325,Direct
15,MGM894R5,Mogou,甘肃磨沟,103.52,34.41,2200,low,4000-3400,4000,3400,2,3,-16.21500015,16.77099991,2,118,0,0.05,433,429.278,,353.5,307,,,82.34756964,Direct
15,MGM361R2,Mogou,甘肃磨沟,103.52,34.41,2200,low,4000-3400,4000,3400,2,3,-16.21500015,16.77099991,2,118,1,0.95,432,428.283,,354,301,,,82.65562724,Direct
15,MGM361R12,Mogou,甘肃磨沟,103.52,34.41,2200,low,4000-3400,4000,3400,2,3,-16.21500015,16.77099991,2,118,1,0.95,381.5,378.0355,,332,263,213,80.98859316,87.82243996,Direct
15,MGM420R2,Mogou,甘肃磨沟,103.52,34.41,2200,low,4000-3400,4000,3400,2,3,-16.21500015,16.77099991,2,118,1,0.95,389,385.498,,325.5,279,210,75.2688172,84.43623573,Direct
15,MGM437R1,Mogou,甘肃磨沟,103.52,34.41,2200,low,4000-3400,4000,3400,2,3,-16.21500015,16.77099991,2,118,1,0.95,421.5,417.8355,,340.5,293,227.5,77.64505119,81.49140032,Direct
15,MGM438R1,Mogou,甘肃磨沟,103.52,34.41,2200,low,4000-3400,4000,3400,2,3,-16.21500015,16.77099991,2,118,1,0.95,392.2,388.682,,320.65,,,,82.49674541,Direct
15,MGM458R2,Mogou,甘肃磨沟,103.52,34.41,2200,low,4000-3400,4000,3400,2,3,-16.21500015,16.77099991,2,118,1,0.95,425,421.318,,351,,,,83.30999388,Direct
15,MGM471R5,Mogou,甘肃磨沟,103.52,34.41,2200,low,4000-3400,4000,3400,2,3,-16.21500015,16.77099991,2,118,1,0.95,404,400.423,,332.25,277.5,215.5,77.65765766,82.9747542,Direct
15,MGM493R10,Mogou,甘肃磨沟,103.52,34.41,2200,low,4000-3400,4000,3400,2,3,-16.21500015,16.77099991,2,118,1,0.95,423.5,419.8255,,350.25,283,226,79.85865724,83.42751929,Direct
15,MGM499R2,Mogou,甘肃磨沟,103.52,34.41,2200,low,4000-3400,4000,3400,2,3,-16.21500015,16.77099991,2,118,1,0.95,402.75,399.17925,,335.3,285,224.25,78.68421053,83.99735207,Direct
15,MGM503R7,Mogou,甘肃磨沟,103.52,34.41,2200,low,4000-3400,4000,3400,2,3,-16.21500015,16.77099991,2,118,1,0.95,403.25,399.67675,,332.5,,226,,83.19222972,Direct
15,MGM511R2,Mogou,甘肃磨沟,103.52,34.41,2200,low,4000-3400,4000,3400,2,3,-16.21500015,16.77099991,2,118,1,0.95,394,390.473,,325.5,276,204,73.91304348,83.36043721,Direct
15,MGM522R2,Mogou,甘肃磨沟,103.52,34.41,2200,low,4000-3400,4000,3400,2,3,-16.21500015,16.77099991,2,118,1,0.95,406,402.413,,334,285.5,212.5,74.43082312,82.99930668,Direct
15,MGM547,Mogou,甘肃磨沟,103.52,34.41,2200,low,4000-3400,4000,3400,2,3,-16.21500015,16.77099991,2,118,1,0.95,373,369.578,,,,207,,,Direct
15,MGM551R3,Mogou,甘肃磨沟,103.52,34.41,2200,low,4000-3400,4000,3400,2,3,-16.21500015,16.77099991,2,118,1,0.95,420.5,416.8405,,350.5,295,,,84.08491977,Direct
15,MGM612R10,Mogou,甘肃磨沟,103.52,34.41,2200,low,4000-3400,4000,3400,2,3,-16.21500015,16.77099991,2,118,1,0.95,412.5,408.8805,,343.5,290,224,77.24137931,84.00987575,Direct
15,MGM631R1,Mogou,甘肃磨沟,103.52,34.41,2200,low,4000-3400,4000,3400,2,3,-16.21500015,16.77099991,2,118,1,0.95,401,397.438,,321.5,266.5,,,80.89312044,Direct
15,MGM632R9,Mogou,甘肃磨沟,103.52,34.41,2200,low,4000-3400,4000,3400,2,3,-16.21500015,16.77099991,2,118,1,0.95,,,,331.5,,,,,Direct
15,MGM648,Mogou,甘肃磨沟,103.52,34.41,2200,low,4000-3400,4000,3400,2,3,-16.21500015,16.77099991,2,118,1,0.95,434,430.273,,356,299.5,220,73.4557596,82.73816856,Direct
15,MGM663R2,Mogou,甘肃磨沟,103.52,34.41,2200,low,4000-3400,4000,3400,2,3,-16.21500015,16.77099991,2,118,1,0.95,413.75,410.12425,,338,286,215,75.17482517,82.41404891,Direct
15,MGM688,Mogou,甘肃磨沟,103.52,34.41,2200,low,4000-3400,4000,3400,2,3,-16.21500015,16.77099991,2,118,1,0.95,367,363.608,,310,267,194,72.65917603,85.25665002,Direct
15,MGM691R2,Mogou,甘肃磨沟,103.52,34.41,2200,low,4000-3400,4000,3400,2,3,-16.21500015,16.77099991,2,118,1,0.95,425.5,421.8155,,342,303,,,81.07810168,Direct
15,MGM694R3,Mogou,甘肃磨沟,103.52,34.41,2200,low,4000-3400,4000,3400,2,3,-16.21500015,16.77099991,2,118,1,0.95,413,409.378,,,290,245,84.48275862,,Direct
15,MGM694R7,Mogou,甘肃磨沟,103.52,34.41,2200,low,4000-3400,4000,3400,2,3,-16.21500015,16.77099991,2,118,1,0.95,402,398.433,,332,289,237,82.00692042,83.32643129,Direct
15,MGM699R3,Mogou,甘肃磨沟,103.52,34.41,2200,low,4000-3400,4000,3400,2,3,-16.21500015,16.77099991,2,118,1,0.95,389.5,385.9955,,314,,207,,81.34809862,Direct
15,MGM703R1,Mogou,甘肃磨沟,103.52,34.41,2200,low,4000-3400,4000,3400,2,3,-16.21500015,16.77099991,2,118,1,0.95,395.5,391.9655,,318.5,272,234,86.02941176,81.25715146,Direct
15,MGM703R2,Mogou,甘肃磨沟,103.52,34.41,2200,low,4000-3400,4000,3400,2,3,-16.21500015,16.77099991,2,118,1,0.95,435,431.268,,351.5,302.5,233.5,77.19008264,81.50384448,Direct
15,MGM707R2,Mogou,甘肃磨沟,103.52,34.41,2200,low,4000-3400,4000,3400,2,3,-16.21500015,16.77099991,2,118,1,0.95,420,416.343,,350.5,299,233.5,78.09364548,84.18539522,Direct
15,MGM709R2,Mogou,甘肃磨沟,103.52,34.41,2200,low,4000-3400,4000,3400,2,3,-16.21500015,16.77099991,2,118,1,0.95,407.5,403.9055,,327,280,223,79.64285714,80.95953138,Direct
15,MGM714R2,Mogou,甘肃磨沟,103.52,34.41,2200,low,4000-3400,4000,3400,2,3,-16.21500015,16.77099991,2,118,1,0.95,,,,357.5,306,251,82.02614379,,Direct
15,MGM720R3,Mogou,甘肃磨沟,103.52,34.41,2200,low,4000-3400,4000,3400,2,3,-16.21500015,16.77099991,2,118,1,0.95,405,401.418,,333,283,221.25,78.18021201,82.95592126,Direct
15,MGM737R2,Mogou,甘肃磨沟,103.52,34.41,2200,low,4000-3400,4000,3400,2,3,-16.21500015,16.77099991,2,118,1,0.95,411,407.388,,330.5,,203,,81.12659185,Direct
15,MGM738R2,Mogou,甘肃磨沟,103.52,34.41,2200,low,4000-3400,4000,3400,2,3,-16.21500015,16.77099991,2,118,1,0.95,418,414.353,,355,285,231,81.05263158,85.67574025,Direct
15,MGM747R1,Mogou,甘肃磨沟,103.52,34.41,2200,low,4000-3400,4000,3400,2,3,-16.21500015,16.77099991,2,118,1,0.95,,,,316,,,,,Direct
15,MGM766R2,Mogou,甘肃磨沟,103.52,34.41,2200,low,4000-3400,4000,3400,2,3,-16.21500015,16.77099991,2,118,1,0.95,385,381.518,,332,280,219.5,78.39285714,87.02079587,Direct
15,MGM787R6,Mogou,甘肃磨沟,103.52,34.41,2200,low,4000-3400,4000,3400,2,3,-16.21500015,16.77099991,2,118,1,0.95,377,373.558,,329,,220,,88.07199953,Direct
15,MGM812R4,Mogou,甘肃磨沟,103.52,34.41,2200,low,4000-3400,4000,3400,2,3,-16.21500015,16.77099991,2,118,1,0.95,418,414.353,,338.5,283,208.5,73.67491166,81.69362838,Direct
15,MGM815R1,Mogou,甘肃磨沟,103.52,34.41,2200,low,4000-3400,4000,3400,2,3,-16.21500015,16.77099991,2,118,1,0.95,429,425.298,,345,290.5,232,79.86230637,81.11959144,Direct
15,MGM815R2,Mogou,甘肃磨沟,103.52,34.41,2200,low,4000-3400,4000,3400,2,3,-16.21500015,16.77099991,2,118,1,0.95,,,,,302,245.5,81.29139073,,Direct
15,MGM822R1,Mogou,甘肃磨沟,103.52,34.41,2200,low,4000-3400,4000,3400,2,3,-16.21500015,16.77099991,2,118,1,0.95,414.5,410.8705,,332,,228,,80.80404896,Direct
15,MGM835,Mogou,甘肃磨沟,103.52,34.41,2200,low,4000-3400,4000,3400,2,3,-16.21500015,16.77099991,2,118,1,0.95,414,410.373,,352,282,222.5,78.90070922,85.77562364,Direct
15,MGM845R3,Mogou,甘肃磨沟,103.52,34.41,2200,low,4000-3400,4000,3400,2,3,-16.21500015,16.77099991,2,118,1,0.95,392.5,388.9805,,313,283,210,74.204947,80.46675862,Direct
15,MGM847R3,Mogou,甘肃磨沟,103.52,34.41,2200,low,4000-3400,4000,3400,2,3,-16.21500015,16.77099991,2,118,1,0.95,417,413.358,,348,295,228,77.28813559,84.18852423,Direct
15,MGM869R1,Mogou,甘肃磨沟,103.52,34.41,2200,low,4000-3400,4000,3400,2,3,-16.21500015,16.77099991,2,118,1,0.95,419,415.348,,348,298,225.5,75.67114094,83.78516328,Direct
15,MGM869R2,Mogou,甘肃磨沟,103.52,34.41,2200,low,4000-3400,4000,3400,2,3,-16.21500015,16.77099991,2,118,1,0.95,391.5,387.9855,,333.5,279,215.5,77.24014337,85.95682055,Direct
15,MGM875R3,Mogou,甘肃磨沟,103.52,34.41,2200,low,4000-3400,4000,3400,2,3,-16.21500015,16.77099991,2,118,1,0.95,,,,,312,226,72.43589744,,Direct
15,MGM888R1,Mogou,甘肃磨沟,103.52,34.41,2200,low,4000-3400,4000,3400,2,3,-16.21500015,16.77099991,2,118,1,0.95,406,402.413,,346,,,,85.9813177,Direct
15,MGM888R4,Mogou,甘肃磨沟,103.52,34.41,2200,low,4000-3400,4000,3400,2,3,-16.21500015,16.77099991,2,118,1,0.95,415,411.368,,,297,225.5,75.92592593,,Direct
15,MGM894R1,Mogou,甘肃磨沟,103.52,34.41,2200,low,4000-3400,4000,3400,2,3,-16.21500015,16.77099991,2,118,1,0.95,412,408.383,,342,,224.5,,83.74491592,Direct
15,MGM894R4,Mogou,甘肃磨沟,103.52,34.41,2200,low,4000-3400,4000,3400,2,3,-16.21500015,16.77099991,2,118,1,0.95,423,419.328,,348.5,,229,,83.10916514,Direct
15,MGM895R2,Mogou,甘肃磨沟,103.52,34.41,2200,low,4000-3400,4000,3400,2,3,-16.21500015,16.77099991,2,118,1,0.95,,,,334.5,282.5,218.5,77.34513274,,Direct
15,MGM895R3,Mogou,甘肃磨沟,103.52,34.41,2200,low,4000-3400,4000,3400,2,3,-16.21500015,16.77099991,2,118,1,0.95,375,371.568,,302,280,205,73.21428571,81.2771821,Direct
16,JZM111,Jiangzhuang,蒋庄,120.12,32.45,6,low,6000-4000,6000,4000,2,4,-1.5,30.78000069,33,203,0,0.05,414.5,410.8705,,,,,,,Direct
16,JZM180,Jiangzhuang,蒋庄,120.12,32.45,6,low,6000-4000,6000,4000,2,4,-1.5,30.78000069,33,203,0,0.05,450.5,446.6905,,,,,,,Direct
16,JZM35,Jiangzhuang,蒋庄,120.12,32.45,6,low,6000-4000,6000,4000,2,4,-1.5,30.78000069,33,203,0,0.05,438,434.253,,,,,,,Direct
16,JZM46nor,Jiangzhuang,蒋庄,120.12,32.45,6,low,6000-4000,6000,4000,2,4,-1.5,30.78000069,33,203,0,0.05,426.5,422.8105,,,,,,,Direct
16,JZM66:A,Jiangzhuang,蒋庄,120.12,32.45,6,low,6000-4000,6000,4000,2,4,-1.5,30.78000069,33,203,0,0.05,412.5,408.8805,,,,,,,Direct
16,JZM69,Jiangzhuang,蒋庄,120.12,32.45,6,low,6000-4000,6000,4000,2,4,-1.5,30.78000069,33,203,0,0.05,422.5,418.8305,,,,,,,Direct
16,JZM97,Jiangzhuang,蒋庄,120.12,32.45,6,low,6000-4000,6000,4000,2,4,-1.5,30.78000069,33,203,0,0.05,443,439.228,,,,,,,Direct
16,JZM110,Jiangzhuang,蒋庄,120.12,32.45,6,low,6000-4000,6000,4000,2,4,-1.5,30.78000069,33,203,1,0.95,406,402.413,,,,,,,Direct
16,JZM170,Jiangzhuang,蒋庄,120.12,32.45,6,low,6000-4000,6000,4000,2,4,-1.5,30.78000069,33,203,1,0.95,399.5,395.9455,,,,,,,Direct
16,JZM176,Jiangzhuang,蒋庄,120.12,32.45,6,low,6000-4000,6000,4000,2,4,-1.5,30.78000069,33,203,1,0.95,396,392.463,,,,,,,Direct
16,JZM49,Jiangzhuang,蒋庄,120.12,32.45,6,low,6000-4000,6000,4000,2,4,-1.5,30.78000069,33,203,1,0.95,374,370.573,,,,,,,Direct
16,JZM72,Jiangzhuang,蒋庄,120.12,32.45,6,low,6000-4000,6000,4000,2,4,-1.5,30.78000069,33,203,1,0.95,387,383.508,,,,,,,Direct
17,GFLM6,Guangfulin,广富林,121.2,31.06,5,low,6000-4000,6000,4000,2,4,0.743000031,31.13999939,40,136,0,0.05,421,417.338,,350.4,295,237,80.33898305,83.96072248,Direct
17,GFLM9,Guangfulin,广富林,121.2,31.06,5,low,6000-4000,6000,4000,2,4,0.743000031,31.13999939,40,136,0,0.05,402,398.433,,,,,,,Direct
17,GFLM11,Guangfulin,广富林,121.2,31.06,5,low,6000-4000,6000,4000,2,4,0.743000031,31.13999939,40,136,0,0.05,,,,,,,,,Direct
17,GFLM15,Guangfulin,广富林,121.2,31.06,5,low,6000-4000,6000,4000,2,4,0.743000031,31.13999939,40,136,0,0.05,,,,330.5,287,226,78.7456446,,Direct
17,GFLM18,Guangfulin,广富林,121.2,31.06,5,low,6000-4000,6000,4000,2,4,0.743000031,31.13999939,40,136,0,0.05,,,,360,296,237,80.06756757,,Direct
17,GFLM21,Guangfulin,广富林,121.2,31.06,5,low,6000-4000,6000,4000,2,4,0.743000031,31.13999939,40,136,0,0.05,,,,,303,,,,Direct
17,GFLM22,Guangfulin,广富林,121.2,31.06,5,low,6000-4000,6000,4000,2,4,0.743000031,31.13999939,40,136,0,0.05,,,,,,,,,Direct
17,GFLM23,Guangfulin,广富林,121.2,31.06,5,low,6000-4000,6000,4000,2,4,0.743000031,31.13999939,40,136,0,0.05,409,405.398,,,299,,,,Direct
17,GFLM3,Guangfulin,广富林,121.2,31.06,5,low,6000-4000,6000,4000,2,4,0.743000031,31.13999939,40,136,1,0.95,,,,,266,,,,Direct
17,GFLM4,Guangfulin,广富林,121.2,31.06,5,low,6000-4000,6000,4000,2,4,0.743000031,31.13999939,40,136,1,0.95,400.35,396.79125,,,,,,,Direct
17,GFLM13,Guangfulin,广富林,121.2,31.06,5,low,6000-4000,6000,4000,2,4,0.743000031,31.13999939,40,136,1,0.95,359,355.648,,286,,,,80.41659169,Direct
18,FQSM11,Fuquanshan,上海福泉山,121.18,31.21,4,low,6000-4000,6000,4000,1,4,0.63499999,31.19300079,41,144,0,0.05,448.5,444.7005,,378,,,,85.00102878,Direct
18,FQSM12,Fuquanshan,上海福泉山,121.18,31.21,4,low,6000-4000,6000,4000,1,4,0.63499999,31.19300079,41,144,0,0.05,433,429.278,,360.5,,,,83.97821458,Direct
18,FQSM13,Fuquanshan,上海福泉山,121.18,31.21,4,low,6000-4000,6000,4000,1,4,0.63499999,31.19300079,41,144,0,0.05,,,,334,,,,,Direct
19,FHDJiaM15,Hedang,广东佛山河宕,113.1,23.01,4,low,4000-3000,4000,3000,2,1,9.934999466,32.94000244,43,233,0,0.05,412,408.383,,,,,,,Direct
19,FHDJiaM19,Hedang,广东佛山河宕,113.1,23.01,4,low,4000-3000,4000,3000,2,1,9.934999466,32.94000244,43,233,0,0.05,426,422.313,,359,,,,85.00803906,Direct
19,FHDJiaM11,Hedang,广东佛山河宕,113.1,23.01,4,low,4000-3000,4000,3000,2,1,9.934999466,32.94000244,43,233,0,0.05,,,,341,,,,,Direct
19,FHDJiaM59,Hedang,广东佛山河宕,113.1,23.01,4,low,4000-3000,4000,3000,2,1,9.934999466,32.94000244,43,233,0,0.05,435,431.268,,349,,,,80.92415853,Direct
19,FHDJiaM57,Hedang,广东佛山河宕,113.1,23.01,4,low,4000-3000,4000,3000,2,1,9.934999466,32.94000244,43,233,0,0.05,444,440.223,,359,,,,81.54957828,Direct
19,FHDJiaM65,Hedang,广东佛山河宕,113.1,23.01,4,low,4000-3000,4000,3000,2,1,9.934999466,32.94000244,43,233,0,0.05,465,461.118,,374,,,,81.10722201,Direct
19,FHDJiaM41,Hedang,广东佛山河宕,113.1,23.01,4,low,4000-3000,4000,3000,2,1,9.934999466,32.94000244,43,233,0,0.05,,,,,,,,,Direct
19,FHDJiaM22,Hedang,广东佛山河宕,113.1,23.01,4,low,4000-3000,4000,3000,2,1,9.934999466,32.94000244,43,233,0,0.05,,,,,,,,,Direct
19,FHDJiaM12south,Hedang,广东佛山河宕,113.1,23.01,4,low,4000-3000,4000,3000,2,1,9.934999466,32.94000244,43,233,1,0.95,400,396.443,,318,,,,80.21329674,Direct
19,FHDJiaM12north,Hedang,广东佛山河宕,113.1,23.01,4,low,4000-3000,4000,3000,2,1,9.934999466,32.94000244,43,233,1,0.95,,,,317,,,,,Direct
19,FHDJiaM48,Hedang,广东佛山河宕,113.1,23.01,4,low,4000-3000,4000,3000,2,1,9.934999466,32.94000244,43,233,1,0.95,,,,,,,,,Direct
19,FHDJiaM54,Hedang,广东佛山河宕,113.1,23.01,4,low,4000-3000,4000,3000,2,1,9.934999466,32.94000244,43,233,1,0.95,404,400.423,,327,,,,81.6636407,Direct
19,FHDJiaM55,Hedang,广东佛山河宕,113.1,23.01,4,low,4000-3000,4000,3000,2,1,9.934999466,32.94000244,43,233,1,0.95,390,386.493,,,,,,,Direct
19,FHDJiaM60,Hedang,广东佛山河宕,113.1,23.01,4,low,4000-3000,4000,3000,2,1,9.934999466,32.94000244,43,233,1,0.95,,,,,,,,,Direct
19,FHDJiaM2,Hedang,广东佛山河宕,113.1,23.01,4,low,4000-3000,4000,3000,2,1,9.934999466,32.94000244,43,233,1,0.95,,,,342,,,,,Direct
20,DDZM1109,Dadianzi,大甸子,120.36,42.18,618,low,3685-3413,3685,3413,3,2,-17.37999916,27.60700035,2,147,0,0.05,,,,403.6,,,,,Direct
20,DDZM1126,Dadianzi,大甸子,120.36,42.18,618,low,3685-3413,3685,3413,3,2,-17.37999916,27.60700035,2,147,0,0.05,447.5,443.7055,,380.5,,,,85.75507854,Direct
20,DDZM1136,Dadianzi,大甸子,120.36,42.18,618,low,3685-3413,3685,3413,3,2,-17.37999916,27.60700035,2,147,0,0.05,442.5,438.7305,,376.5,,,,85.81577985,Direct
20,DDZM1148,Dadianzi,大甸子,120.36,42.18,618,low,3685-3413,3685,3413,3,2,-17.37999916,27.60700035,2,147,0,0.05,413.5,409.8755,,369,,,,90.02733757,Direct
20,DDZM1163,Dadianzi,大甸子,120.36,42.18,618,low,3685-3413,3685,3413,3,2,-17.37999916,27.60700035,2,147,0,0.05,450.5,446.6905,,366,,,,81.93592655,Direct
20,DDZM1222,Dadianzi,大甸子,120.36,42.18,618,low,3685-3413,3685,3413,3,2,-17.37999916,27.60700035,2,147,0,0.05,414,410.373,,341.75,,,,83.27789596,Direct
20,DDZM1230,Dadianzi,大甸子,120.36,42.18,618,low,3685-3413,3685,3413,3,2,-17.37999916,27.60700035,2,147,0,0.05,403.25,399.67675,,334.5,,,,83.69263411,Direct
20,DDZM1233,Dadianzi,大甸子,120.36,42.18,618,low,3685-3413,3685,3413,3,2,-17.37999916,27.60700035,2,147,0,0.05,,,,358.25,,,,,Direct
20,DDZM1235,Dadianzi,大甸子,120.36,42.18,618,low,3685-3413,3685,3413,3,2,-17.37999916,27.60700035,2,147,0,0.05,417.5,413.8555,,341.75,,,,82.57713139,Direct
20,DDZM1141,Dadianzi,大甸子,120.36,42.18,618,low,3685-3413,3685,3413,3,2,-17.37999916,27.60700035,2,147,1,0.95,405,401.418,,336.75,,,,83.89010956,Direct
20,DDZM1225,Dadianzi,大甸子,120.36,42.18,618,low,3685-3413,3685,3413,3,2,-17.37999916,27.60700035,2,147,1,0.95,423.5,419.8255,,340.5,,,,81.10512582,Direct
20,DDZM1239,Dadianzi,大甸子,120.36,42.18,618,low,3685-3413,3685,3413,3,2,-17.37999916,27.60700035,2,147,1,0.95,356.75,353.40925,,293,,,,82.90671509,Direct
20,DDZM1240,Dadianzi,大甸子,120.36,42.18,618,low,3685-3413,3685,3413,3,2,-17.37999916,27.60700035,2,147,1,0.95,374.75,371.31925,,314,,,,84.56335081,Direct
20,DDZM1241,Dadianzi,大甸子,120.36,42.18,618,low,3685-3413,3685,3413,3,2,-17.37999916,27.60700035,2,147,1,0.95,396.25,392.71175,,320.5,,,,81.61202205,Direct
20,DDZM1246,Dadianzi,大甸子,120.36,42.18,618,low,3685-3413,3685,3413,3,2,-17.37999916,27.60700035,2,147,1,0.95,427.5,423.8055,,334.75,,,,78.98670499,Direct
20,DDZM1248,Dadianzi,大甸子,120.36,42.18,618,low,3685-3413,3685,3413,3,2,-17.37999916,27.60700035,2,147,1,0.95,400.25,396.69175,,334.75,,,,84.38542017,Direct
20,DDZM1263,Dadianzi,大甸子,120.36,42.18,618,low,3685-3413,3685,3413,3,2,-17.37999916,27.60700035,2,147,1,0.95,398.5,394.9505,,327.75,,,,82.98508294,Direct
21,XJNM72,Xujianian,徐家碾,106.07,35.24,1737,low,3200-3000,3200,3000,3,3,-10.21899986,24.56800079,5,101,0,0.05,447,443.208,,,,,,,Direct
21,XJNM45_low,Xujianian,徐家碾,106.07,35.24,1737,low,3200-3000,3200,3000,3,3,-10.21899986,24.56800079,5,101,0,0.05,435.5,431.7655,,,,,,,Direct
21,XJNM83,Xujianian,徐家碾,106.07,35.24,1737,low,3200-3000,3200,3000,3,3,-10.21899986,24.56800079,5,101,1,0.95,404,400.423,,,,,,,Direct
21,XJNM64,Xujianian,徐家碾,106.07,35.24,1737,low,3200-3000,3200,3000,3,3,-10.21899986,24.56800079,5,101,1,0.95,434.5,430.7705,,,,,,,Direct
21,XJNM93,Xujianian,徐家碾,106.07,35.24,1737,low,3200-3000,3200,3000,3,3,-10.21899986,24.56800079,5,101,1,0.95,418,414.353,,,,,,,Direct
21,XJNM96,Xujianian,徐家碾,106.07,35.24,1737,low,3200-3000,3200,3000,3,3,-10.21899986,24.56800079,5,101,1,0.95,442,438.233,,,,,,,Direct
21,XJNM51_A,Xujianian,徐家碾,106.07,35.24,1737,low,3200-3000,3200,3000,3,3,-10.21899986,24.56800079,5,101,1,0.95,393,389.478,,329.5,,,,84.60041389,Direct
22,NYYM2,Neiyangyuan_2,内阳垣_2,110,35,447,low,2720-2426,2720,2426,3,5,-6.486999989,31.1970005,5,104,0,0.05,437,433.258,,363.5,294,229,77.89115646,83.89920094,Direct
22,NYYM3:2,Neiyangyuan_2,内阳垣_2,110,35,447,low,2720-2426,2720,2426,3,5,-6.486999989,31.1970005,5,104,0,0.05,495.5,491.4655,,363.5,307.5,255,82.92682927,73.96246532,Direct
22,NYYM8,Neiyangyuan_2,内阳垣_2,110,35,447,low,2720-2426,2720,2426,3,5,-6.486999989,31.1970005,5,104,0,0.05,391,387.488,,,279,212,75.98566308,,Direct
22,NYYM15,Neiyangyuan_2,内阳垣_2,110,35,447,low,2720-2426,2720,2426,3,5,-6.486999989,31.1970005,5,104,0,0.05,445,441.218,,361,,,,81.81896477,Direct
22,NYYM23,Neiyangyuan_2,内阳垣_2,110,35,447,low,2720-2426,2720,2426,3,5,-6.486999989,31.1970005,5,104,0,0.05,435.5,431.7655,,359,,,,83.14698604,Direct
22,NYYM32:1,Neiyangyuan_2,内阳垣_2,110,35,447,low,2720-2426,2720,2426,3,5,-6.486999989,31.1970005,5,104,0,0.05,475,471.068,,381,,,,80.8800428,Direct
22,NYYM41,Neiyangyuan_2,内阳垣_2,110,35,447,low,2720-2426,2720,2426,3,5,-6.486999989,31.1970005,5,104,0,0.05,440.5,436.7405,,378.5,324.5,248,76.42526965,86.6647357,Direct
22,NYYM52,Neiyangyuan_2,内阳垣_2,110,35,447,low,2720-2426,2720,2426,3,5,-6.486999989,31.1970005,5,104,0,0.05,451.5,447.6855,,360,324.5,242.5,74.73035439,80.41359392,Direct
22,NYYM54,Neiyangyuan_2,内阳垣_2,110,35,447,low,2720-2426,2720,2426,3,5,-6.486999989,31.1970005,5,104,0,0.05,467,463.108,,350,310,,,75.57632345,Direct
22,NYYM58,Neiyangyuan_2,内阳垣_2,110,35,447,low,2720-2426,2720,2426,3,5,-6.486999989,31.1970005,5,104,0,0.05,400,396.443,,341,300.5,226,75.20798669,86.01488739,Direct
22,NYYM63,Neiyangyuan_2,内阳垣_2,110,35,447,low,2720-2426,2720,2426,3,5,-6.486999989,31.1970005,5,104,0,0.05,461,457.138,,369,322,,,80.71960765,Direct
22,NYYM66,Neiyangyuan_2,内阳垣_2,110,35,447,low,2720-2426,2720,2426,3,5,-6.486999989,31.1970005,5,104,0,0.05,438,434.253,,,,,,,Direct
22,NYYM67,Neiyangyuan_2,内阳垣_2,110,35,447,low,2720-2426,2720,2426,3,5,-6.486999989,31.1970005,5,104,0,0.05,442.5,438.7305,,359,318,251.5,79.08805031,81.82699858,Direct
22,NYYM83,Neiyangyuan_2,内阳垣_2,110,35,447,low,2720-2426,2720,2426,3,5,-6.486999989,31.1970005,5,104,0,0.05,422,418.333,,354,296.5,,,84.62158137,Direct
22,NYYM86,Neiyangyuan_2,内阳垣_2,110,35,447,low,2720-2426,2720,2426,3,5,-6.486999989,31.1970005,5,104,0,0.05,477.5,473.5555,,,,,,,Direct
22,NYYM101,Neiyangyuan_2,内阳垣_2,110,35,447,low,2720-2426,2720,2426,3,5,-6.486999989,31.1970005,5,104,0,0.05,459,455.148,,363,315,,,79.75427773,Direct
22,NYYM103,Neiyangyuan_2,内阳垣_2,110,35,447,low,2720-2426,2720,2426,3,5,-6.486999989,31.1970005,5,104,0,0.05,493.5,489.4755,,,,,,,Direct
22,NYYM4,Neiyangyuan_2,内阳垣_2,110,35,447,low,2720-2426,2720,2426,3,5,-6.486999989,31.1970005,5,104,1,0.95,410,406.393,,335.5,289,,,82.55555583,Direct
22,NYYM5,Neiyangyuan_2,内阳垣_2,110,35,447,low,2720-2426,2720,2426,3,5,-6.486999989,31.1970005,5,104,1,0.95,418.5,414.8505,,347,,,,83.64459004,Direct
22,NYYM6,Neiyangyuan_2,内阳垣_2,110,35,447,low,2720-2426,2720,2426,3,5,-6.486999989,31.1970005,5,104,1,0.95,433,429.278,,,,,,,Direct
22,NYYM10,Neiyangyuan_2,内阳垣_2,110,35,447,low,2720-2426,2720,2426,3,5,-6.486999989,31.1970005,5,104,1,0.95,401,397.438,,367,,,,92.34144697,Direct
22,NYYM16,Neiyangyuan_2,内阳垣_2,110,35,447,low,2720-2426,2720,2426,3,5,-6.486999989,31.1970005,5,104,1,0.95,405,401.418,,335,294,217,73.80952381,83.45415502,Direct
22,NYYM17,Neiyangyuan_2,内阳垣_2,110,35,447,low,2720-2426,2720,2426,3,5,-6.486999989,31.1970005,5,104,1,0.95,425,421.318,,,,,,,Direct
22,NYYM18:2,Neiyangyuan_2,内阳垣_2,110,35,447,low,2720-2426,2720,2426,3,5,-6.486999989,31.1970005,5,104,1,0.95,460,456.143,,,301,193,64.11960133,,Direct
22,NYYM22,Neiyangyuan_2,内阳垣_2,110,35,447,low,2720-2426,2720,2426,3,5,-6.486999989,31.1970005,5,104,1,0.95,388,384.503,,306,285.5,,,79.58325423,Direct
22,NYYM25,Neiyangyuan_2,内阳垣_2,110,35,447,low,2720-2426,2720,2426,3,5,-6.486999989,31.1970005,5,104,1,0.95,385.5,382.0155,,300.5,269,205,76.20817844,78.66172969,Direct
22,NYYM27,Neiyangyuan_2,内阳垣_2,110,35,447,low,2720-2426,2720,2426,3,5,-6.486999989,31.1970005,5,104,1,0.95,,,,379,312,244,78.20512821,,Direct
22,NYYM29,Neiyangyuan_2,内阳垣_2,110,35,447,low,2720-2426,2720,2426,3,5,-6.486999989,31.1970005,5,104,1,0.95,465.5,461.6155,,,287,,,,Direct
22,NYYM35:2,Neiyangyuan_2,内阳垣_2,110,35,447,low,2720-2426,2720,2426,3,5,-6.486999989,31.1970005,5,104,1,0.95,,,,361,,,,,Direct
22,NYYM42,Neiyangyuan_2,内阳垣_2,110,35,447,low,2720-2426,2720,2426,3,5,-6.486999989,31.1970005,5,104,1,0.95,448,444.203,,361.5,,,,81.38171061,Direct
22,NYYM98,Neiyangyuan_2,内阳垣_2,110,35,447,low,2720-2426,2720,2426,3,5,-6.486999989,31.1970005,5,104,1,0.95,406.5,402.9105,,,,,,,Direct
23,FSQM4,Fushanqiao,浮山桥,110,35,447,low,2720-2426,2720,2426,3,5,-6.486999989,31.1970005,5,104,0,0.05,442,438.233,,387.5,,,,88.42328168,Direct
23,FSQM5,Fushanqiao,浮山桥,110,35,447,low,2720-2426,2720,2426,3,5,-6.486999989,31.1970005,5,104,0,0.05,403.5,399.9255,,341,,234,,85.26588077,Direct
23,FSQM17,Fushanqiao,浮山桥,110,35,447,low,2720-2426,2720,2426,3,5,-6.486999989,31.1970005,5,104,0,0.05,444,440.223,,340.5,,247.5,,77.34716269,Direct
23,FSQM18:1,Fushanqiao,浮山桥,110,35,447,low,2720-2426,2720,2426,3,5,-6.486999989,31.1970005,5,104,0,0.05,,,,345,,265.5,,,Direct
23,FSQM8:20,Fushanqiao,浮山桥,110,35,447,low,2720-2426,2720,2426,3,5,-6.486999989,31.1970005,5,104,0,0.05,422.5,418.8305,,327,,226,,78.07454328,Direct
23,FSQM16,Fushanqiao,浮山桥,110,35,447,low,2720-2426,2720,2426,3,5,-6.486999989,31.1970005,5,104,1,0.95,368,364.603,,300,,,,82.2812758,Direct
23,FSQT8M22,Fushanqiao,浮山桥,110,35,447,low,2720-2426,2720,2426,3,5,-6.486999989,31.1970005,5,104,1,0.95,395,391.468,,,,,,,Direct
23,FSQM25,Fushanqiao,浮山桥,110,35,447,low,2720-2426,2720,2426,3,5,-6.486999989,31.1970005,5,104,1,0.95,403,399.428,,319,,219,,79.86420581,Direct
24,DHKM7045,Dahekou,山西大河口,111.718,35.78,737,low,3000-2000,3000,2000,3,5,-8.31400013,30.22200012,4,130,0,0.05,407,403.408,,,,,,,Direct
24,DHKM7071,Dahekou,山西大河口,111.718,35.78,737,low,3000-2000,3000,2000,3,5,-8.31400013,30.22200012,4,130,0,0.05,408.5,404.9005,46.42,,,,,,Direct
24,DHKM7119,Dahekou,山西大河口,111.718,35.78,737,low,3000-2000,3000,2000,3,5,-8.31400013,30.22200012,4,130,0,0.05,428,424.303,42.85,,,,,,Direct
24,DHKM7215,Dahekou,山西大河口,111.718,35.78,737,low,3000-2000,3000,2000,3,5,-8.31400013,30.22200012,4,130,0,0.05,445,441.218,45.635,,,,,,Direct
24,DHKM8071,Dahekou,山西大河口,111.718,35.78,737,low,3000-2000,3000,2000,3,5,-8.31400013,30.22200012,4,130,0,0.05,414.5,410.8705,47.225,,,,,,Direct
24,DHKM8110,Dahekou,山西大河口,111.718,35.78,737,low,3000-2000,3000,2000,3,5,-8.31400013,30.22200012,4,130,0,0.05,410.5,406.8905,47.08,,,,,,Direct
24,DHKM8132,Dahekou,山西大河口,111.718,35.78,737,low,3000-2000,3000,2000,3,5,-8.31400013,30.22200012,4,130,0,0.05,448,444.203,47.705,,,,,,Direct
24,DHKM8218,Dahekou,山西大河口,111.718,35.78,737,low,3000-2000,3000,2000,3,5,-8.31400013,30.22200012,4,130,0,0.05,440.5,436.7405,48.04,,,,,,Direct
24,DHKM8230,Dahekou,山西大河口,111.718,35.78,737,low,3000-2000,3000,2000,3,5,-8.31400013,30.22200012,4,130,0,0.05,424,420.323,46.755,,,,,,Direct
24,DHKM9017,Dahekou,山西大河口,111.718,35.78,737,low,3000-2000,3000,2000,3,5,-8.31400013,30.22200012,4,130,0,0.05,424,420.323,49.375,,,,,,Direct
24,DHKM9045,Dahekou,山西大河口,111.718,35.78,737,low,3000-2000,3000,2000,3,5,-8.31400013,30.22200012,4,130,0,0.05,435,431.268,45.81,,,,,,Direct
24,DHKM9077,Dahekou,山西大河口,111.718,35.78,737,low,3000-2000,3000,2000,3,5,-8.31400013,30.22200012,4,130,0,0.05,420.5,416.8405,46.995,,,,,,Direct
24,DHKM9102,Dahekou,山西大河口,111.718,35.78,737,low,3000-2000,3000,2000,3,5,-8.31400013,30.22200012,4,130,0,0.05,452,448.183,54.21,,,,,,Direct
24,DHKM9105,Dahekou,山西大河口,111.718,35.78,737,low,3000-2000,3000,2000,3,5,-8.31400013,30.22200012,4,130,0,0.05,397,393.458,44.485,,,,,,Direct
24,DHKM9106,Dahekou,山西大河口,111.718,35.78,737,low,3000-2000,3000,2000,3,5,-8.31400013,30.22200012,4,130,0,0.05,458,454.153,48.19,,,,,,Direct
24,DHKM9123,Dahekou,山西大河口,111.718,35.78,737,low,3000-2000,3000,2000,3,5,-8.31400013,30.22200012,4,130,0,0.05,417,413.358,47.61,,,,,,Direct
24,DHKM9142,Dahekou,山西大河口,111.718,35.78,737,low,3000-2000,3000,2000,3,5,-8.31400013,30.22200012,4,130,0,0.05,457,453.158,48.845,,,,,,Direct
24,DHKM9155,Dahekou,山西大河口,111.718,35.78,737,low,3000-2000,3000,2000,3,5,-8.31400013,30.22200012,4,130,0,0.05,434,430.273,46.245,,,,,,Direct
24,DHKM9159,Dahekou,山西大河口,111.718,35.78,737,low,3000-2000,3000,2000,3,5,-8.31400013,30.22200012,4,130,0,0.05,469,465.098,45.07,,,,,,Direct
24,DHKM9171,Dahekou,山西大河口,111.718,35.78,737,low,3000-2000,3000,2000,3,5,-8.31400013,30.22200012,4,130,0,0.05,463.5,459.6255,46.915,,,,,,Direct
24,DHKM9189,Dahekou,山西大河口,111.718,35.78,737,low,3000-2000,3000,2000,3,5,-8.31400013,30.22200012,4,130,0,0.05,422,418.333,45.46,,,,,,Direct
24,DHKM9190,Dahekou,山西大河口,111.718,35.78,737,low,3000-2000,3000,2000,3,5,-8.31400013,30.22200012,4,130,0,0.05,483.5,479.5255,48.46,,,,,,Direct
24,DHKM9194,Dahekou,山西大河口,111.718,35.78,737,low,3000-2000,3000,2000,3,5,-8.31400013,30.22200012,4,130,0,0.05,445,441.218,47.88,,,,,,Direct
24,DHKM9224,Dahekou,山西大河口,111.718,35.78,737,low,3000-2000,3000,2000,3,5,-8.31400013,30.22200012,4,130,0,0.05,432,428.283,50.71,,,,,,Direct
24,DHKM9232,Dahekou,山西大河口,111.718,35.78,737,low,3000-2000,3000,2000,3,5,-8.31400013,30.22200012,4,130,0,0.05,443,439.228,49.03,,,,,,Direct
24,DHKM9236,Dahekou,山西大河口,111.718,35.78,737,low,3000-2000,3000,2000,3,5,-8.31400013,30.22200012,4,130,0,0.05,437.5,433.7555,47.505,,,,,,Direct
24,DHKM9237,Dahekou,山西大河口,111.718,35.78,737,low,3000-2000,3000,2000,3,5,-8.31400013,30.22200012,4,130,0,0.05,440.5,436.7405,47.355,,,,,,Direct
24,DHKM9251,Dahekou,山西大河口,111.718,35.78,737,low,3000-2000,3000,2000,3,5,-8.31400013,30.22200012,4,130,0,0.05,462,458.133,49.165,,,,,,Direct
24,DHKM9252,Dahekou,山西大河口,111.718,35.78,737,low,3000-2000,3000,2000,3,5,-8.31400013,30.22200012,4,130,0,0.05,393.5,389.9755,41.805,,,,,,Direct
24,DHKM9306,Dahekou,山西大河口,111.718,35.78,737,low,3000-2000,3000,2000,3,5,-8.31400013,30.22200012,4,130,0,0.05,442,438.233,46.855,,,,,,Direct
24,DHKM9311,Dahekou,山西大河口,111.718,35.78,737,low,3000-2000,3000,2000,3,5,-8.31400013,30.22200012,4,130,0,0.05,435.5,431.7655,48.235,,,,,,Direct
24,DHKM9321,Dahekou,山西大河口,111.718,35.78,737,low,3000-2000,3000,2000,3,5,-8.31400013,30.22200012,4,130,0,0.05,444.5,440.7205,47.365,,,,,,Direct
24,DHKM9324,Dahekou,山西大河口,111.718,35.78,737,low,3000-2000,3000,2000,3,5,-8.31400013,30.22200012,4,130,0,0.05,436,432.263,47.22,,,,,,Direct
24,DHKM9334,Dahekou,山西大河口,111.718,35.78,737,low,3000-2000,3000,2000,3,5,-8.31400013,30.22200012,4,130,0,0.05,447.5,443.7055,42.37,,,,,,Direct
24,DHKM9351,Dahekou,山西大河口,111.718,35.78,737,low,3000-2000,3000,2000,3,5,-8.31400013,30.22200012,4,130,0,0.05,423,419.328,47.175,,,,,,Direct
24,DHKM9363,Dahekou,山西大河口,111.718,35.78,737,low,3000-2000,3000,2000,3,5,-8.31400013,30.22200012,4,130,0,0.05,422.5,418.8305,46.12,,,,,,Direct
24,DHKM9375,Dahekou,山西大河口,111.718,35.78,737,low,3000-2000,3000,2000,3,5,-8.31400013,30.22200012,4,130,0,0.05,421,417.338,46.89,,,,,,Direct
24,DHKM9384,Dahekou,山西大河口,111.718,35.78,737,low,3000-2000,3000,2000,3,5,-8.31400013,30.22200012,4,130,0,0.05,436,432.263,46.315,,,,,,Direct
24,DHKM9401,Dahekou,山西大河口,111.718,35.78,737,low,3000-2000,3000,2000,3,5,-8.31400013,30.22200012,4,130,0,0.05,407.5,403.9055,43.865,,,,,,Direct
24,DHKM9406,Dahekou,山西大河口,111.718,35.78,737,low,3000-2000,3000,2000,3,5,-8.31400013,30.22200012,4,130,0,0.05,437,433.258,44.99,,,,,,Direct
24,DHKM10070,Dahekou,山西大河口,111.718,35.78,737,low,3000-2000,3000,2000,3,5,-8.31400013,30.22200012,4,130,0,0.05,424,420.323,43.15,,,,,,Direct
24,DHKM10079,Dahekou,山西大河口,111.718,35.78,737,low,3000-2000,3000,2000,3,5,-8.31400013,30.22200012,4,130,0,0.05,425,421.318,46.635,,,,,,Direct
24,DHKM10136,Dahekou,山西大河口,111.718,35.78,737,low,3000-2000,3000,2000,3,5,-8.31400013,30.22200012,4,130,0,0.05,428,424.303,46.6,,,,,,Direct
24,DHKM11001,Dahekou,山西大河口,111.718,35.78,737,low,3000-2000,3000,2000,3,5,-8.31400013,30.22200012,4,130,0,0.05,450,446.193,47.91,,,,,,Direct
24,DHKM11096,Dahekou,山西大河口,111.718,35.78,737,low,3000-2000,3000,2000,3,5,-8.31400013,30.22200012,4,130,0,0.05,455,451.168,47.71,,,,,,Direct
24,DHKM11110,Dahekou,山西大河口,111.718,35.78,737,low,3000-2000,3000,2000,3,5,-8.31400013,30.22200012,4,130,0,0.05,455,451.168,48.26,,,,,,Direct
24,DHKM11201,Dahekou,山西大河口,111.718,35.78,737,low,3000-2000,3000,2000,3,5,-8.31400013,30.22200012,4,130,0,0.05,422.5,418.8305,43.87,,,,,,Direct
24,DHKM11203,Dahekou,山西大河口,111.718,35.78,737,low,3000-2000,3000,2000,3,5,-8.31400013,30.22200012,4,130,0,0.05,490,485.993,51.5,,,,,,Direct
24,DHKM12003,Dahekou,山西大河口,111.718,35.78,737,low,3000-2000,3000,2000,3,5,-8.31400013,30.22200012,4,130,0,0.05,410,406.393,52.36,,,,,,Direct
24,DHKM12004,Dahekou,山西大河口,111.718,35.78,737,low,3000-2000,3000,2000,3,5,-8.31400013,30.22200012,4,130,0,0.05,474.5,470.5705,52.155,,,,,,Direct
24,DHKM12005,Dahekou,山西大河口,111.718,35.78,737,low,3000-2000,3000,2000,3,5,-8.31400013,30.22200012,4,130,0,0.05,429.5,425.7955,48.035,,,,,,Direct
24,DHKM12026,Dahekou,山西大河口,111.718,35.78,737,low,3000-2000,3000,2000,3,5,-8.31400013,30.22200012,4,130,0,0.05,416,412.363,45.91,,,,,,Direct
24,DHKM12032,Dahekou,山西大河口,111.718,35.78,737,low,3000-2000,3000,2000,3,5,-8.31400013,30.22200012,4,130,0,0.05,469,465.098,48.845,,,,,,Direct
24,DHKM12041,Dahekou,山西大河口,111.718,35.78,737,low,3000-2000,3000,2000,3,5,-8.31400013,30.22200012,4,130,0,0.05,424.5,420.8205,46.025,,,,,,Direct
24,DHKM12067,Dahekou,山西大河口,111.718,35.78,737,low,3000-2000,3000,2000,3,5,-8.31400013,30.22200012,4,130,0,0.05,446,442.213,51.08,,,,,,Direct
24,DHKM12083,Dahekou,山西大河口,111.718,35.78,737,low,3000-2000,3000,2000,3,5,-8.31400013,30.22200012,4,130,0,0.05,428.5,424.8005,45.195,,,,,,Direct
24,DHKM12084,Dahekou,山西大河口,111.718,35.78,737,low,3000-2000,3000,2000,3,5,-8.31400013,30.22200012,4,130,0,0.05,432,428.283,46.715,,,,,,Direct
24,DHKM12100,Dahekou,山西大河口,111.718,35.78,737,low,3000-2000,3000,2000,3,5,-8.31400013,30.22200012,4,130,0,0.05,441.5,437.7355,47.675,,,,,,Direct
24,DHKM12101,Dahekou,山西大河口,111.718,35.78,737,low,3000-2000,3000,2000,3,5,-8.31400013,30.22200012,4,130,0,0.05,409,405.398,44.89,,,,,,Direct
24,DHKM12115,Dahekou,山西大河口,111.718,35.78,737,low,3000-2000,3000,2000,3,5,-8.31400013,30.22200012,4,130,0,0.05,434.5,430.7705,44.755,,,,,,Direct
24,DHKM12118,Dahekou,山西大河口,111.718,35.78,737,low,3000-2000,3000,2000,3,5,-8.31400013,30.22200012,4,130,0,0.05,435.5,431.7655,45.235,,,,,,Direct
24,DHKM12125,Dahekou,山西大河口,111.718,35.78,737,low,3000-2000,3000,2000,3,5,-8.31400013,30.22200012,4,130,0,0.05,411.5,407.8855,44.18,,,,,,Direct
24,DHKM12127,Dahekou,山西大河口,111.718,35.78,737,low,3000-2000,3000,2000,3,5,-8.31400013,30.22200012,4,130,0,0.05,429,425.298,48.065,,,,,,Direct
24,DHKM12146,Dahekou,山西大河口,111.718,35.78,737,low,3000-2000,3000,2000,3,5,-8.31400013,30.22200012,4,130,0,0.05,422,418.333,46.19,,,,,,Direct
24,DHKM12162,Dahekou,山西大河口,111.718,35.78,737,low,3000-2000,3000,2000,3,5,-8.31400013,30.22200012,4,130,0,0.05,424.5,420.8205,47.385,,,,,,Direct
24,DHKM12170,Dahekou,山西大河口,111.718,35.78,737,low,3000-2000,3000,2000,3,5,-8.31400013,30.22200012,4,130,0,0.05,441.5,437.7355,50.545,,,,,,Direct
24,DHKM12176,Dahekou,山西大河口,111.718,35.78,737,low,3000-2000,3000,2000,3,5,-8.31400013,30.22200012,4,130,0,0.05,456.5,452.6605,50.065,,,,,,Direct
24,DHKM12185,Dahekou,山西大河口,111.718,35.78,737,low,3000-2000,3000,2000,3,5,-8.31400013,30.22200012,4,130,0,0.05,445.5,441.7155,46.845,,,,,,Direct
24,DHKM12194,Dahekou,山西大河口,111.718,35.78,737,low,3000-2000,3000,2000,3,5,-8.31400013,30.22200012,4,130,0,0.05,435,431.268,45.77,,,,,,Direct
24,DHKM12196,Dahekou,山西大河口,111.718,35.78,737,low,3000-2000,3000,2000,3,5,-8.31400013,30.22200012,4,130,0,0.05,422.5,418.8305,45.58,,,,,,Direct
24,DHKM12197,Dahekou,山西大河口,111.718,35.78,737,low,3000-2000,3000,2000,3,5,-8.31400013,30.22200012,4,130,0,0.05,440,436.243,47.815,,,,,,Direct
24,DHKM12286,Dahekou,山西大河口,111.718,35.78,737,low,3000-2000,3000,2000,3,5,-8.31400013,30.22200012,4,130,0,0.05,443,439.228,47.215,,,,,,Direct
24,DHKM12288,Dahekou,山西大河口,111.718,35.78,737,low,3000-2000,3000,2000,3,5,-8.31400013,30.22200012,4,130,0,0.05,426.5,422.8105,47.56,,,,,,Direct
24,DHKM7063,Dahekou,山西大河口,111.718,35.78,737,low,3000-2000,3000,2000,3,5,-8.31400013,30.22200012,4,130,1,0.95,401.5,397.9355,40.665,,,,,,Direct
24,DHKM7103,Dahekou,山西大河口,111.718,35.78,737,low,3000-2000,3000,2000,3,5,-8.31400013,30.22200012,4,130,1,0.95,412.5,408.8805,45.16,,,,,,Direct
24,DHKM7192,Dahekou,山西大河口,111.718,35.78,737,low,3000-2000,3000,2000,3,5,-8.31400013,30.22200012,4,130,1,0.95,429,425.298,44.665,,,,,,Direct
24,DHKM7225,Dahekou,山西大河口,111.718,35.78,737,low,3000-2000,3000,2000,3,5,-8.31400013,30.22200012,4,130,1,0.95,414.5,410.8705,40.32,,,,,,Direct
24,DHKM8008,Dahekou,山西大河口,111.718,35.78,737,low,3000-2000,3000,2000,3,5,-8.31400013,30.22200012,4,130,1,0.95,410.5,406.8905,41.255,,,,,,Direct
24,DHKM8010,Dahekou,山西大河口,111.718,35.78,737,low,3000-2000,3000,2000,3,5,-8.31400013,30.22200012,4,130,1,0.95,400,396.443,43.765,,,,,,Direct
24,DHKM8046,Dahekou,山西大河口,111.718,35.78,737,low,3000-2000,3000,2000,3,5,-8.31400013,30.22200012,4,130,1,0.95,383.5,380.0255,42.89,,,,,,Direct
24,DHKM8087,Dahekou,山西大河口,111.718,35.78,737,low,3000-2000,3000,2000,3,5,-8.31400013,30.22200012,4,130,1,0.95,400,396.443,40.66,,,,,,Direct
24,DHKM8232,Dahekou,山西大河口,111.718,35.78,737,low,3000-2000,3000,2000,3,5,-8.31400013,30.22200012,4,130,1,0.95,422.5,418.8305,42.16,,,,,,Direct
24,DHKM8262,Dahekou,山西大河口,111.718,35.78,737,low,3000-2000,3000,2000,3,5,-8.31400013,30.22200012,4,130,1,0.95,403,399.428,41.05,,,,,,Direct
24,DHKM8265,Dahekou,山西大河口,111.718,35.78,737,low,3000-2000,3000,2000,3,5,-8.31400013,30.22200012,4,130,1,0.95,404,400.423,42.07,,,,,,Direct
24,DHKM9026,Dahekou,山西大河口,111.718,35.78,737,low,3000-2000,3000,2000,3,5,-8.31400013,30.22200012,4,130,1,0.95,429,425.298,39.5,,,,,,Direct
24,DHKM9034,Dahekou,山西大河口,111.718,35.78,737,low,3000-2000,3000,2000,3,5,-8.31400013,30.22200012,4,130,1,0.95,405.5,401.9155,39.68,,,,,,Direct
24,DHKM9048,Dahekou,山西大河口,111.718,35.78,737,low,3000-2000,3000,2000,3,5,-8.31400013,30.22200012,4,130,1,0.95,415,411.368,42.105,,,,,,Direct
24,DHKM9052,Dahekou,山西大河口,111.718,35.78,737,low,3000-2000,3000,2000,3,5,-8.31400013,30.22200012,4,130,1,0.95,394.5,390.9705,41.29,,,,,,Direct
24,DHKM9054,Dahekou,山西大河口,111.718,35.78,737,low,3000-2000,3000,2000,3,5,-8.31400013,30.22200012,4,130,1,0.95,377.5,374.0555,41.51,,,,,,Direct
24,DHKM9056,Dahekou,山西大河口,111.718,35.78,737,low,3000-2000,3000,2000,3,5,-8.31400013,30.22200012,4,130,1,0.95,397.5,393.9555,42.465,,,,,,Direct
24,DHKM9057,Dahekou,山西大河口,111.718,35.78,737,low,3000-2000,3000,2000,3,5,-8.31400013,30.22200012,4,130,1,0.95,415,411.368,45.24,,,,,,Direct
24,DHKM9066,Dahekou,山西大河口,111.718,35.78,737,low,3000-2000,3000,2000,3,5,-8.31400013,30.22200012,4,130,1,0.95,,,44.5,,,,,,Direct
24,DHKM9075,Dahekou,山西大河口,111.718,35.78,737,low,3000-2000,3000,2000,3,5,-8.31400013,30.22200012,4,130,1,0.95,405,401.418,42.75,,,,,,Direct
24,DHKM9125,Dahekou,山西大河口,111.718,35.78,737,low,3000-2000,3000,2000,3,5,-8.31400013,30.22200012,4,130,1,0.95,,,39.25,,,,,,Direct
24,DHKM9140,Dahekou,山西大河口,111.718,35.78,737,low,3000-2000,3000,2000,3,5,-8.31400013,30.22200012,4,130,1,0.95,401,397.438,42.03,,,,,,Direct
24,DHKM9146,Dahekou,山西大河口,111.718,35.78,737,low,3000-2000,3000,2000,3,5,-8.31400013,30.22200012,4,130,1,0.95,386,382.513,42.42,,,,,,Direct
24,DHKM9161,Dahekou,山西大河口,111.718,35.78,737,low,3000-2000,3000,2000,3,5,-8.31400013,30.22200012,4,130,1,0.95,428,424.303,44.12,,,,,,Direct
24,DHKM9163,Dahekou,山西大河口,111.718,35.78,737,low,3000-2000,3000,2000,3,5,-8.31400013,30.22200012,4,130,1,0.95,421,417.338,44.615,,,,,,Direct
24,DHKM9165,Dahekou,山西大河口,111.718,35.78,737,low,3000-2000,3000,2000,3,5,-8.31400013,30.22200012,4,130,1,0.95,405.5,401.9155,42.995,,,,,,Direct
24,DHKM9169,Dahekou,山西大河口,111.718,35.78,737,low,3000-2000,3000,2000,3,5,-8.31400013,30.22200012,4,130,1,0.95,399,395.448,41.49,,,,,,Direct
24,DHKM9175,Dahekou,山西大河口,111.718,35.78,737,low,3000-2000,3000,2000,3,5,-8.31400013,30.22200012,4,130,1,0.95,409.5,405.8955,44,,,,,,Direct
24,DHKM9209,Dahekou,山西大河口,111.718,35.78,737,low,3000-2000,3000,2000,3,5,-8.31400013,30.22200012,4,130,1,0.95,384,380.523,40.18,,,,,,Direct
24,DHKM9210,Dahekou,山西大河口,111.718,35.78,737,low,3000-2000,3000,2000,3,5,-8.31400013,30.22200012,4,130,1,0.95,418,414.353,42.335,,,,,,Direct
24,DHKM9212,Dahekou,山西大河口,111.718,35.78,737,low,3000-2000,3000,2000,3,5,-8.31400013,30.22200012,4,130,1,0.95,413.5,409.8755,43.83,,,,,,Direct
24,DHKM9227,Dahekou,山西大河口,111.718,35.78,737,low,3000-2000,3000,2000,3,5,-8.31400013,30.22200012,4,130,1,0.95,416,412.363,45.34,,,,,,Direct
24,DHKM9234,Dahekou,山西大河口,111.718,35.78,737,low,3000-2000,3000,2000,3,5,-8.31400013,30.22200012,4,130,1,0.95,442,438.233,44.46,,,,,,Direct
24,DHKM9238,Dahekou,山西大河口,111.718,35.78,737,low,3000-2000,3000,2000,3,5,-8.31400013,30.22200012,4,130,1,0.95,429,425.298,43.95,,,,,,Direct
24,DHKM9240,Dahekou,山西大河口,111.718,35.78,737,low,3000-2000,3000,2000,3,5,-8.31400013,30.22200012,4,130,1,0.95,368.5,365.1005,38.97,,,,,,Direct
24,DHKM9253,Dahekou,山西大河口,111.718,35.78,737,low,3000-2000,3000,2000,3,5,-8.31400013,30.22200012,4,130,1,0.95,384,380.523,39.955,,,,,,Direct
24,DHKM9263,Dahekou,山西大河口,111.718,35.78,737,low,3000-2000,3000,2000,3,5,-8.31400013,30.22200012,4,130,1,0.95,406,402.413,42.01,,,,,,Direct
24,DHKM9266,Dahekou,山西大河口,111.718,35.78,737,low,3000-2000,3000,2000,3,5,-8.31400013,30.22200012,4,130,1,0.95,383,379.528,39.135,,,,,,Direct
24,DHKM9294,Dahekou,山西大河口,111.718,35.78,737,low,3000-2000,3000,2000,3,5,-8.31400013,30.22200012,4,130,1,0.95,409,405.398,43.15,,,,,,Direct
24,DHKM9343,Dahekou,山西大河口,111.718,35.78,737,low,3000-2000,3000,2000,3,5,-8.31400013,30.22200012,4,130,1,0.95,415.5,411.8655,41.915,,,,,,Direct
24,DHKM9349,Dahekou,山西大河口,111.718,35.78,737,low,3000-2000,3000,2000,3,5,-8.31400013,30.22200012,4,130,1,0.95,406,402.413,41.955,,,,,,Direct
24,DHKM9368,Dahekou,山西大河口,111.718,35.78,737,low,3000-2000,3000,2000,3,5,-8.31400013,30.22200012,4,130,1,0.95,425,421.318,44.855,,,,,,Direct
24,DHKM9369,Dahekou,山西大河口,111.718,35.78,737,low,3000-2000,3000,2000,3,5,-8.31400013,30.22200012,4,130,1,0.95,417.5,413.8555,41.375,,,,,,Direct
24,DHKM9374,Dahekou,山西大河口,111.718,35.78,737,low,3000-2000,3000,2000,3,5,-8.31400013,30.22200012,4,130,1,0.95,428,424.303,46.06,,,,,,Direct
24,DHKM9380,Dahekou,山西大河口,111.718,35.78,737,low,3000-2000,3000,2000,3,5,-8.31400013,30.22200012,4,130,1,0.95,433,429.278,44.115,,,,,,Direct
24,DHKM9388,Dahekou,山西大河口,111.718,35.78,737,low,3000-2000,3000,2000,3,5,-8.31400013,30.22200012,4,130,1,0.95,428.5,424.8005,41.565,,,,,,Direct
24,DHKM9390,Dahekou,山西大河口,111.718,35.78,737,low,3000-2000,3000,2000,3,5,-8.31400013,30.22200012,4,130,1,0.95,411.5,407.8855,43.17,,,,,,Direct
24,DHKM10025,Dahekou,山西大河口,111.718,35.78,737,low,3000-2000,3000,2000,3,5,-8.31400013,30.22200012,4,130,1,0.95,409.5,405.8955,39.74,,,,,,Direct
24,DHKM10081,Dahekou,山西大河口,111.718,35.78,737,low,3000-2000,3000,2000,3,5,-8.31400013,30.22200012,4,130,1,0.95,383,379.528,39.06,,,,,,Direct
24,DHKM10186,Dahekou,山西大河口,111.718,35.78,737,low,3000-2000,3000,2000,3,5,-8.31400013,30.22200012,4,130,1,0.95,391.5,387.9855,42.395,,,,,,Direct
24,DHKM10229,Dahekou,山西大河口,111.718,35.78,737,low,3000-2000,3000,2000,3,5,-8.31400013,30.22200012,4,130,1,0.95,415.5,411.8655,43.83,,,,,,Direct
24,DHKM10263,Dahekou,山西大河口,111.718,35.78,737,low,3000-2000,3000,2000,3,5,-8.31400013,30.22200012,4,130,1,0.95,,,43.71,,,,,,Direct
24,DHKM10345,Dahekou,山西大河口,111.718,35.78,737,low,3000-2000,3000,2000,3,5,-8.31400013,30.22200012,4,130,1,0.95,404.5,400.9205,42.165,,,,,,Direct
24,DHKM11040,Dahekou,山西大河口,111.718,35.78,737,low,3000-2000,3000,2000,3,5,-8.31400013,30.22200012,4,130,1,0.95,407,403.408,41.525,,,,,,Direct
24,DHKM11054,Dahekou,山西大河口,111.718,35.78,737,low,3000-2000,3000,2000,3,5,-8.31400013,30.22200012,4,130,1,0.95,369.5,366.0955,39.395,,,,,,Direct
24,DHKM11067,Dahekou,山西大河口,111.718,35.78,737,low,3000-2000,3000,2000,3,5,-8.31400013,30.22200012,4,130,1,0.95,408.5,404.9005,42.88,,,,,,Direct
24,DHKM11075,Dahekou,山西大河口,111.718,35.78,737,low,3000-2000,3000,2000,3,5,-8.31400013,30.22200012,4,130,1,0.95,417,413.358,41.96,,,,,,Direct
24,DHKM11082,Dahekou,山西大河口,111.718,35.78,737,low,3000-2000,3000,2000,3,5,-8.31400013,30.22200012,4,130,1,0.95,388.5,385.0005,41.85,,,,,,Direct
24,DHKM11111,Dahekou,山西大河口,111.718,35.78,737,low,3000-2000,3000,2000,3,5,-8.31400013,30.22200012,4,130,1,0.95,401,397.438,42.18,,,,,,Direct
24,DHKM11122,Dahekou,山西大河口,111.718,35.78,737,low,3000-2000,3000,2000,3,5,-8.31400013,30.22200012,4,130,1,0.95,414.5,410.8705,42.86,,,,,,Direct
24,DHKM11148,Dahekou,山西大河口,111.718,35.78,737,low,3000-2000,3000,2000,3,5,-8.31400013,30.22200012,4,130,1,0.95,408,404.403,43.08,,,,,,Direct
24,DHKM11166,Dahekou,山西大河口,111.718,35.78,737,low,3000-2000,3000,2000,3,5,-8.31400013,30.22200012,4,130,1,0.95,406.5,402.9105,44.165,,,,,,Direct
24,DHKM11198,Dahekou,山西大河口,111.718,35.78,737,low,3000-2000,3000,2000,3,5,-8.31400013,30.22200012,4,130,1,0.95,384.5,381.0205,41.185,,,,,,Direct
24,DHKM12030,Dahekou,山西大河口,111.718,35.78,737,low,3000-2000,3000,2000,3,5,-8.31400013,30.22200012,4,130,1,0.95,434,430.273,44.495,,,,,,Direct
24,DHKM12031,Dahekou,山西大河口,111.718,35.78,737,low,3000-2000,3000,2000,3,5,-8.31400013,30.22200012,4,130,1,0.95,419,415.348,44.23,,,,,,Direct
24,DHKM12033,Dahekou,山西大河口,111.718,35.78,737,low,3000-2000,3000,2000,3,5,-8.31400013,30.22200012,4,130,1,0.95,411.5,407.8855,41.79,,,,,,Direct
24,DHKM12055,Dahekou,山西大河口,111.718,35.78,737,low,3000-2000,3000,2000,3,5,-8.31400013,30.22200012,4,130,1,0.95,419,415.348,44.09,,,,,,Direct
24,DHKM12057,Dahekou,山西大河口,111.718,35.78,737,low,3000-2000,3000,2000,3,5,-8.31400013,30.22200012,4,130,1,0.95,437,433.258,46.88,,,,,,Direct
24,DHKM12070,Dahekou,山西大河口,111.718,35.78,737,low,3000-2000,3000,2000,3,5,-8.31400013,30.22200012,4,130,1,0.95,448,444.203,43.565,,,,,,Direct
24,DHKM12082,Dahekou,山西大河口,111.718,35.78,737,low,3000-2000,3000,2000,3,5,-8.31400013,30.22200012,4,130,1,0.95,405.5,401.9155,42.435,,,,,,Direct
24,DHKM12101,Dahekou,山西大河口,111.718,35.78,737,low,3000-2000,3000,2000,3,5,-8.31400013,30.22200012,4,130,1,0.95,409,405.398,44.89,,,,,,Direct
24,DHKM12102,Dahekou,山西大河口,111.718,35.78,737,low,3000-2000,3000,2000,3,5,-8.31400013,30.22200012,4,130,1,0.95,401.5,397.9355,40.615,,,,,,Direct
24,DHKM12108,Dahekou,山西大河口,111.718,35.78,737,low,3000-2000,3000,2000,3,5,-8.31400013,30.22200012,4,130,1,0.95,416.5,412.8605,42.955,,,,,,Direct
24,DHKM12117,Dahekou,山西大河口,111.718,35.78,737,low,3000-2000,3000,2000,3,5,-8.31400013,30.22200012,4,130,1,0.95,429,425.298,,,,,,,Direct
24,DHKM12123,Dahekou,山西大河口,111.718,35.78,737,low,3000-2000,3000,2000,3,5,-8.31400013,30.22200012,4,130,1,0.95,388,384.503,41.715,,,,,,Direct
24,DHKM12128,Dahekou,山西大河口,111.718,35.78,737,low,3000-2000,3000,2000,3,5,-8.31400013,30.22200012,4,130,1,0.95,,,,,,,,,Direct
24,DHKM12141,Dahekou,山西大河口,111.718,35.78,737,low,3000-2000,3000,2000,3,5,-8.31400013,30.22200012,4,130,1,0.95,,,,,,,,,Direct
24,DHKM12166,Dahekou,山西大河口,111.718,35.78,737,low,3000-2000,3000,2000,3,5,-8.31400013,30.22200012,4,130,1,0.95,414,410.373,48.65,,,,,,Direct
24,DHKM12179,Dahekou,山西大河口,111.718,35.78,737,low,3000-2000,3000,2000,3,5,-8.31400013,30.22200012,4,130,1,0.95,396,392.463,41.7,,,,,,Direct
24,DHKM12191,Dahekou,山西大河口,111.718,35.78,737,low,3000-2000,3000,2000,3,5,-8.31400013,30.22200012,4,130,1,0.95,427,423.308,41.135,,,,,,Direct
24,DHKM12199,Dahekou,山西大河口,111.718,35.78,737,low,3000-2000,3000,2000,3,5,-8.31400013,30.22200012,4,130,1,0.95,386.5,383.0105,,,,,,,Direct
24,DHKM12241,Dahekou,山西大河口,111.718,35.78,737,low,3000-2000,3000,2000,3,5,-8.31400013,30.22200012,4,130,1,0.95,416.5,412.8605,44.535,,,,,,Direct
24,DHKM12250,Dahekou,山西大河口,111.718,35.78,737,low,3000-2000,3000,2000,3,5,-8.31400013,30.22200012,4,130,1,0.95,421,417.338,43.69,,,,,,Direct
24,DHKM12273,Dahekou,山西大河口,111.718,35.78,737,low,3000-2000,3000,2000,3,5,-8.31400013,30.22200012,4,130,1,0.95,401,397.438,40.13,,,,,,Direct
25,YCNDMd49,Yucigaoxiao,山西榆次,112.43,37.44,763,low,3000-2000,3000,2000,3,5,-12.5510006,29.14700127,2,113,0,0.05,,,48.57,,,,,,Direct
25,YCNDMd56,Yucigaoxiao,山西榆次,112.43,37.44,763,low,3000-2000,3000,2000,3,5,-12.5510006,29.14700127,2,113,0,0.05,458,454.153,51.35,,,,,,Direct
25,YCNDMd66,Yucigaoxiao,山西榆次,112.43,37.44,763,low,3000-2000,3000,2000,3,5,-12.5510006,29.14700127,2,113,0,0.05,,,44.84,,,,,,Direct
25,YCNDMd67,Yucigaoxiao,山西榆次,112.43,37.44,763,low,3000-2000,3000,2000,3,5,-12.5510006,29.14700127,2,113,0,0.05,420.5,416.8405,47.615,,,,,,Direct
25,YCNDMd85,Yucigaoxiao,山西榆次,112.43,37.44,763,low,3000-2000,3000,2000,3,5,-12.5510006,29.14700127,2,113,0,0.05,394,390.473,46.755,,,,,,Direct
25,YCNDMd93,Yucigaoxiao,山西榆次,112.43,37.44,763,low,3000-2000,3000,2000,3,5,-12.5510006,29.14700127,2,113,0,0.05,421,417.338,48.1,,,,,,Direct
25,YCNDMd106,Yucigaoxiao,山西榆次,112.43,37.44,763,low,3000-2000,3000,2000,3,5,-12.5510006,29.14700127,2,113,0,0.05,410,406.393,47.025,,,,,,Direct
25,YCNDMd108,Yucigaoxiao,山西榆次,112.43,37.44,763,low,3000-2000,3000,2000,3,5,-12.5510006,29.14700127,2,113,0,0.05,442,438.233,51.355,,,,,,Direct
25,YCNDMd116,Yucigaoxiao,山西榆次,112.43,37.44,763,low,3000-2000,3000,2000,3,5,-12.5510006,29.14700127,2,113,0,0.05,416.5,412.8605,47.93,,,,,,Direct
25,YCNDMd117,Yucigaoxiao,山西榆次,112.43,37.44,763,low,3000-2000,3000,2000,3,5,-12.5510006,29.14700127,2,113,0,0.05,387,383.508,43.445,,,,,,Direct
25,YCNDMd119,Yucigaoxiao,山西榆次,112.43,37.44,763,low,3000-2000,3000,2000,3,5,-12.5510006,29.14700127,2,113,0,0.05,407,403.408,51.66,,,,,,Direct
25,YCNDMd126,Yucigaoxiao,山西榆次,112.43,37.44,763,low,3000-2000,3000,2000,3,5,-12.5510006,29.14700127,2,113,0,0.05,451,447.188,49.32,,,,,,Direct
25,YCNDMd128,Yucigaoxiao,山西榆次,112.43,37.44,763,low,3000-2000,3000,2000,3,5,-12.5510006,29.14700127,2,113,0,0.05,416,412.363,46.955,,,,,,Direct
25,YCNDMd132,Yucigaoxiao,山西榆次,112.43,37.44,763,low,3000-2000,3000,2000,3,5,-12.5510006,29.14700127,2,113,0,0.05,432,428.283,46.68,,,,,,Direct
25,YCNDMd149,Yucigaoxiao,山西榆次,112.43,37.44,763,low,3000-2000,3000,2000,3,5,-12.5510006,29.14700127,2,113,0,0.05,464.5,460.6205,50.53,,,,,,Direct
25,YCNDMd151,Yucigaoxiao,山西榆次,112.43,37.44,763,low,3000-2000,3000,2000,3,5,-12.5510006,29.14700127,2,113,0,0.05,435,431.268,47.8,,,,,,Direct
25,YCNDMd165,Yucigaoxiao,山西榆次,112.43,37.44,763,low,3000-2000,3000,2000,3,5,-12.5510006,29.14700127,2,113,0,0.05,419.5,415.8455,,,,,,,Direct
25,YCNDMd192,Yucigaoxiao,山西榆次,112.43,37.44,763,low,3000-2000,3000,2000,3,5,-12.5510006,29.14700127,2,113,0,0.05,440,436.243,45.83,,,,,,Direct
25,YCNDMd201,Yucigaoxiao,山西榆次,112.43,37.44,763,low,3000-2000,3000,2000,3,5,-12.5510006,29.14700127,2,113,0,0.05,446,442.213,45.69,,,,,,Direct
25,YCNDMd203,Yucigaoxiao,山西榆次,112.43,37.44,763,low,3000-2000,3000,2000,3,5,-12.5510006,29.14700127,2,113,0,0.05,439,435.248,49.735,,,,,,Direct
25,YCXNZMa10,Yucigaoxiao,山西榆次,112.43,37.44,763,low,3000-2000,3000,2000,3,5,-12.5510006,29.14700127,2,113,0,0.05,445,441.218,,,,,,,Direct
25,YCXNZMa15,Yucigaoxiao,山西榆次,112.43,37.44,763,low,3000-2000,3000,2000,3,5,-12.5510006,29.14700127,2,113,0,0.05,443,439.228,,,,,,,Direct
25,YCXNZMa18,Yucigaoxiao,山西榆次,112.43,37.44,763,low,3000-2000,3000,2000,3,5,-12.5510006,29.14700127,2,113,0,0.05,426,422.313,,,,,,,Direct
25,YCXNZMa3,Yucigaoxiao,山西榆次,112.43,37.44,763,low,3000-2000,3000,2000,3,5,-12.5510006,29.14700127,2,113,0,0.05,447.5,443.7055,44.365,,,,,,Direct
25,YCXNZMa5,Yucigaoxiao,山西榆次,112.43,37.44,763,low,3000-2000,3000,2000,3,5,-12.5510006,29.14700127,2,113,0,0.05,,,49.835,,,,,,Direct
25,YCXNZMa8,Yucigaoxiao,山西榆次,112.43,37.44,763,low,3000-2000,3000,2000,3,5,-12.5510006,29.14700127,2,113,0,0.05,439,435.248,48.9,,,,,,Direct
25,YCXNZMa10,Yucigaoxiao,山西榆次,112.43,37.44,763,low,3000-2000,3000,2000,3,5,-12.5510006,29.14700127,2,113,0,0.05,,,46.94,,,,,,Direct
25,YCXNZMa15,Yucigaoxiao,山西榆次,112.43,37.44,763,low,3000-2000,3000,2000,3,5,-12.5510006,29.14700127,2,113,0,0.05,,,48.16,,,,,,Direct
25,YCXNZMa18,Yucigaoxiao,山西榆次,112.43,37.44,763,low,3000-2000,3000,2000,3,5,-12.5510006,29.14700127,2,113,0,0.05,,,45.87,,,,,,Direct
25,YCNDMd45,Yucigaoxiao,山西榆次,112.43,37.44,763,low,3000-2000,3000,2000,3,5,-12.5510006,29.14700127,2,113,1,0.95,,,48.73,,,,,,Direct
25,YCNDMd52,Yucigaoxiao,山西榆次,112.43,37.44,763,low,3000-2000,3000,2000,3,5,-12.5510006,29.14700127,2,113,1,0.95,430.5,426.7905,41.895,,,,,,Direct
25,YCNDMd62,Yucigaoxiao,山西榆次,112.43,37.44,763,low,3000-2000,3000,2000,3,5,-12.5510006,29.14700127,2,113,1,0.95,,,46.5,,,,,,Direct
25,YCNDMd63,Yucigaoxiao,山西榆次,112.43,37.44,763,low,3000-2000,3000,2000,3,5,-12.5510006,29.14700127,2,113,1,0.95,378,374.553,40.37,,,,,,Direct
25,YCNDMd71,Yucigaoxiao,山西榆次,112.43,37.44,763,low,3000-2000,3000,2000,3,5,-12.5510006,29.14700127,2,113,1,0.95,412,408.383,40.705,,,,,,Direct
25,YCNDMd79,Yucigaoxiao,山西榆次,112.43,37.44,763,low,3000-2000,3000,2000,3,5,-12.5510006,29.14700127,2,113,1,0.95,,,44.92,,,,,,Direct
25,YCNDMd91,Yucigaoxiao,山西榆次,112.43,37.44,763,low,3000-2000,3000,2000,3,5,-12.5510006,29.14700127,2,113,1,0.95,,,44.355,,,,,,Direct
25,YCNDMd94,Yucigaoxiao,山西榆次,112.43,37.44,763,low,3000-2000,3000,2000,3,5,-12.5510006,29.14700127,2,113,1,0.95,383.5,380.0255,42.67,,,,,,Direct
25,YCNDMd104,Yucigaoxiao,山西榆次,112.43,37.44,763,low,3000-2000,3000,2000,3,5,-12.5510006,29.14700127,2,113,1,0.95,,,41.03,,,,,,Direct
25,YCNDMd110,Yucigaoxiao,山西榆次,112.43,37.44,763,low,3000-2000,3000,2000,3,5,-12.5510006,29.14700127,2,113,1,0.95,,,42.45,,,,,,Direct
25,YCNDMd114,Yucigaoxiao,山西榆次,112.43,37.44,763,low,3000-2000,3000,2000,3,5,-12.5510006,29.14700127,2,113,1,0.95,411,407.388,41.17,,,,,,Direct
25,YCNDMd115,Yucigaoxiao,山西榆次,112.43,37.44,763,low,3000-2000,3000,2000,3,5,-12.5510006,29.14700127,2,113,1,0.95,405.5,401.9155,46.83,,,,,,Direct
25,YCNDMd120,Yucigaoxiao,山西榆次,112.43,37.44,763,low,3000-2000,3000,2000,3,5,-12.5510006,29.14700127,2,113,1,0.95,419,415.348,45.73,,,,,,Direct
25,YCNDMd125,Yucigaoxiao,山西榆次,112.43,37.44,763,low,3000-2000,3000,2000,3,5,-12.5510006,29.14700127,2,113,1,0.95,395,391.468,41.76,,,,,,Direct
25,YCNDMd127,Yucigaoxiao,山西榆次,112.43,37.44,763,low,3000-2000,3000,2000,3,5,-12.5510006,29.14700127,2,113,1,0.95,406,402.413,42.97,,,,,,Direct
25,YCNDMd129,Yucigaoxiao,山西榆次,112.43,37.44,763,low,3000-2000,3000,2000,3,5,-12.5510006,29.14700127,2,113,1,0.95,,,41.025,,,,,,Direct
25,YCNDMd130,Yucigaoxiao,山西榆次,112.43,37.44,763,low,3000-2000,3000,2000,3,5,-12.5510006,29.14700127,2,113,1,0.95,416.5,412.8605,44.23,,,,,,Direct
25,YCNDMd136,Yucigaoxiao,山西榆次,112.43,37.44,763,low,3000-2000,3000,2000,3,5,-12.5510006,29.14700127,2,113,1,0.95,392.5,388.9805,40.555,,,,,,Direct
25,YCNDMd150,Yucigaoxiao,山西榆次,112.43,37.44,763,low,3000-2000,3000,2000,3,5,-12.5510006,29.14700127,2,113,1,0.95,399.5,395.9455,42.71,,,,,,Direct
25,YCNDMd153,Yucigaoxiao,山西榆次,112.43,37.44,763,low,3000-2000,3000,2000,3,5,-12.5510006,29.14700127,2,113,1,0.95,,,41.27,,,,,,Direct
25,YCNDMd190,Yucigaoxiao,山西榆次,112.43,37.44,763,low,3000-2000,3000,2000,3,5,-12.5510006,29.14700127,2,113,1,0.95,412,408.383,40.695,,,,,,Direct
25,YCXNZMa6,Yucigaoxiao,山西榆次,112.43,37.44,763,low,3000-2000,3000,2000,3,5,-12.5510006,29.14700127,2,113,1,0.95,,,41.4,,,,,,Direct
25,YCXNZMa11,Yucigaoxiao,山西榆次,112.43,37.44,763,low,3000-2000,3000,2000,3,5,-12.5510006,29.14700127,2,113,1,0.95,,,41.825,,,,,,Direct
25,YCXNZMa12,Yucigaoxiao,山西榆次,112.43,37.44,763,low,3000-2000,3000,2000,3,5,-12.5510006,29.14700127,2,113,1,0.95,455,451.168,45.975,,,,,,Direct
25,YCXNZMa16,Yucigaoxiao,山西榆次,112.43,37.44,763,low,3000-2000,3000,2000,3,5,-12.5510006,29.14700127,2,113,1,0.95,422,418.333,43,,,,,,Direct
25,YCXNZMa17,Yucigaoxiao,山西榆次,112.43,37.44,763,low,3000-2000,3000,2000,3,5,-12.5510006,29.14700127,2,113,1,0.95,,,44.245,,,,,,Direct
25,YCXNZMa19,Yucigaoxiao,山西榆次,112.43,37.44,763,low,3000-2000,3000,2000,3,5,-12.5510006,29.14700127,2,113,1,0.95,429,425.298,45.205,,,,,,Direct
25,YCXNZMa20,Yucigaoxiao,山西榆次,112.43,37.44,763,low,3000-2000,3000,2000,3,5,-12.5510006,29.14700127,2,113,1,0.95,,,43.36,,,,,,Direct
26,TSNM2040,Taosibei,山西陶寺北,111.53,35.55,698,low,3000-2000,3000,2000,3,5,-8.019000053,29.97999954,4,126,0,0.05,406.5,402.9105,,,,,,,Direct
26,TSNM2053,Taosibei,山西陶寺北,111.53,35.55,698,low,3000-2000,3000,2000,3,5,-8.019000053,29.97999954,4,126,0,0.05,440,436.243,,,,,,,Direct
26,TSNM2055,Taosibei,山西陶寺北,111.53,35.55,698,low,3000-2000,3000,2000,3,5,-8.019000053,29.97999954,4,126,0,0.05,419,415.348,,,,,,,Direct
26,TSNM2059,Taosibei,山西陶寺北,111.53,35.55,698,low,3000-2000,3000,2000,3,5,-8.019000053,29.97999954,4,126,0,0.05,445,441.218,,,,,,,Direct
26,TSNM2062,Taosibei,山西陶寺北,111.53,35.55,698,low,3000-2000,3000,2000,3,5,-8.019000053,29.97999954,4,126,0,0.05,470,466.093,,,,,,,Direct
26,TSNM2063,Taosibei,山西陶寺北,111.53,35.55,698,low,3000-2000,3000,2000,3,5,-8.019000053,29.97999954,4,126,0,0.05,458,454.153,,,,,,,Direct
26,TSNM2065,Taosibei,山西陶寺北,111.53,35.55,698,low,3000-2000,3000,2000,3,5,-8.019000053,29.97999954,4,126,0,0.05,450,446.193,,,,,,,Direct
26,TSNM2071,Taosibei,山西陶寺北,111.53,35.55,698,low,3000-2000,3000,2000,3,5,-8.019000053,29.97999954,4,126,0,0.05,437.5,433.7555,,,,,,,Direct
26,TSNM2074,Taosibei,山西陶寺北,111.53,35.55,698,low,3000-2000,3000,2000,3,5,-8.019000053,29.97999954,4,126,0,0.05,442,438.233,,,,,,,Direct
26,TSNM2076,Taosibei,山西陶寺北,111.53,35.55,698,low,3000-2000,3000,2000,3,5,-8.019000053,29.97999954,4,126,0,0.05,462,458.133,,,,,,,Direct
26,TSNM2077,Taosibei,山西陶寺北,111.53,35.55,698,low,3000-2000,3000,2000,3,5,-8.019000053,29.97999954,4,126,0,0.05,463.5,459.6255,,,,,,,Direct
26,TSNM2078,Taosibei,山西陶寺北,111.53,35.55,698,low,3000-2000,3000,2000,3,5,-8.019000053,29.97999954,4,126,0,0.05,446,442.213,,,,,,,Direct
26,TSNM2084,Taosibei,山西陶寺北,111.53,35.55,698,low,3000-2000,3000,2000,3,5,-8.019000053,29.97999954,4,126,0,0.05,467,463.108,,,,,,,Direct
26,TSNM2086,Taosibei,山西陶寺北,111.53,35.55,698,low,3000-2000,3000,2000,3,5,-8.019000053,29.97999954,4,126,0,0.05,411.5,407.8855,,,,,,,Direct
26,TSNM2088,Taosibei,山西陶寺北,111.53,35.55,698,low,3000-2000,3000,2000,3,5,-8.019000053,29.97999954,4,126,0,0.05,445.5,441.7155,,,,,,,Direct
26,TSNM2089,Taosibei,山西陶寺北,111.53,35.55,698,low,3000-2000,3000,2000,3,5,-8.019000053,29.97999954,4,126,0,0.05,472,468.083,,,,,,,Direct
26,TSNM2090,Taosibei,山西陶寺北,111.53,35.55,698,low,3000-2000,3000,2000,3,5,-8.019000053,29.97999954,4,126,0,0.05,440,436.243,,,,,,,Direct
26,TSNM2092,Taosibei,山西陶寺北,111.53,35.55,698,low,3000-2000,3000,2000,3,5,-8.019000053,29.97999954,4,126,0,0.05,444,440.223,,,,,,,Direct
26,TSNM2099,Taosibei,山西陶寺北,111.53,35.55,698,low,3000-2000,3000,2000,3,5,-8.019000053,29.97999954,4,126,0,0.05,438,434.253,,,,,,,Direct
26,TSNM2103,Taosibei,山西陶寺北,111.53,35.55,698,low,3000-2000,3000,2000,3,5,-8.019000053,29.97999954,4,126,0,0.05,443,439.228,,,,,,,Direct
26,TSNM2109,Taosibei,山西陶寺北,111.53,35.55,698,low,3000-2000,3000,2000,3,5,-8.019000053,29.97999954,4,126,0,0.05,432,428.283,,,,,,,Direct
26,TSNM2111,Taosibei,山西陶寺北,111.53,35.55,698,low,3000-2000,3000,2000,3,5,-8.019000053,29.97999954,4,126,0,0.05,452.5,448.6805,,,,,,,Direct
26,TSNM2114,Taosibei,山西陶寺北,111.53,35.55,698,low,3000-2000,3000,2000,3,5,-8.019000053,29.97999954,4,126,0,0.05,441,437.238,,,,,,,Direct
26,TSNM2119,Taosibei,山西陶寺北,111.53,35.55,698,low,3000-2000,3000,2000,3,5,-8.019000053,29.97999954,4,126,0,0.05,430,426.293,,,,,,,Direct
26,TSNM2120,Taosibei,山西陶寺北,111.53,35.55,698,low,3000-2000,3000,2000,3,5,-8.019000053,29.97999954,4,126,0,0.05,431,427.288,,,,,,,Direct
26,TSNM2121,Taosibei,山西陶寺北,111.53,35.55,698,low,3000-2000,3000,2000,3,5,-8.019000053,29.97999954,4,126,0,0.05,444,440.223,,,,,,,Direct
26,TSNM2122,Taosibei,山西陶寺北,111.53,35.55,698,low,3000-2000,3000,2000,3,5,-8.019000053,29.97999954,4,126,0,0.05,416,412.363,,,,,,,Direct
26,TSNM2129,Taosibei,山西陶寺北,111.53,35.55,698,low,3000-2000,3000,2000,3,5,-8.019000053,29.97999954,4,126,0,0.05,449,445.198,,,,,,,Direct
26,TSNM2135,Taosibei,山西陶寺北,111.53,35.55,698,low,3000-2000,3000,2000,3,5,-8.019000053,29.97999954,4,126,0,0.05,438,434.253,,,,,,,Direct
26,TSNM2145,Taosibei,山西陶寺北,111.53,35.55,698,low,3000-2000,3000,2000,3,5,-8.019000053,29.97999954,4,126,0,0.05,470,466.093,,,,,,,Direct
26,TSNM2153,Taosibei,山西陶寺北,111.53,35.55,698,low,3000-2000,3000,2000,3,5,-8.019000053,29.97999954,4,126,0,0.05,435,431.268,,,,,,,Direct
26,TSNM2154,Taosibei,山西陶寺北,111.53,35.55,698,low,3000-2000,3000,2000,3,5,-8.019000053,29.97999954,4,126,0,0.05,420,416.343,,,,,,,Direct
26,TSNM2170,Taosibei,山西陶寺北,111.53,35.55,698,low,3000-2000,3000,2000,3,5,-8.019000053,29.97999954,4,126,0,0.05,467,463.108,,,,,,,Direct
26,TSNM2189,Taosibei,山西陶寺北,111.53,35.55,698,low,3000-2000,3000,2000,3,5,-8.019000053,29.97999954,4,126,0,0.05,428.5,424.8005,,,,,,,Direct
26,TSNM2213,Taosibei,山西陶寺北,111.53,35.55,698,low,3000-2000,3000,2000,3,5,-8.019000053,29.97999954,4,126,0,0.05,469,465.098,,,,,,,Direct
26,TSNM2215,Taosibei,山西陶寺北,111.53,35.55,698,low,3000-2000,3000,2000,3,5,-8.019000053,29.97999954,4,126,0,0.05,432,428.283,,,,,,,Direct
26,TSNM2218,Taosibei,山西陶寺北,111.53,35.55,698,low,3000-2000,3000,2000,3,5,-8.019000053,29.97999954,4,126,0,0.05,449,445.198,,,,,,,Direct
26,TSNM2219,Taosibei,山西陶寺北,111.53,35.55,698,low,3000-2000,3000,2000,3,5,-8.019000053,29.97999954,4,126,0,0.05,442,438.233,,,,,,,Direct
26,TSNM2227,Taosibei,山西陶寺北,111.53,35.55,698,low,3000-2000,3000,2000,3,5,-8.019000053,29.97999954,4,126,0,0.05,441.5,437.7355,,,,,,,Direct
26,TSNM2229,Taosibei,山西陶寺北,111.53,35.55,698,low,3000-2000,3000,2000,3,5,-8.019000053,29.97999954,4,126,0,0.05,384,380.523,,,,,,,Direct
26,TSNM2231,Taosibei,山西陶寺北,111.53,35.55,698,low,3000-2000,3000,2000,3,5,-8.019000053,29.97999954,4,126,0,0.05,439,435.248,,,,,,,Direct
26,TSNM3012,Taosibei,山西陶寺北,111.53,35.55,698,low,3000-2000,3000,2000,3,5,-8.019000053,29.97999954,4,126,0,0.05,454.5,450.6705,,,,,,,Direct
26,TSNM3013,Taosibei,山西陶寺北,111.53,35.55,698,low,3000-2000,3000,2000,3,5,-8.019000053,29.97999954,4,126,0,0.05,413.5,409.8755,,,,,,,Direct
26,TSNM3022,Taosibei,山西陶寺北,111.53,35.55,698,low,3000-2000,3000,2000,3,5,-8.019000053,29.97999954,4,126,0,0.05,468.5,464.6005,,,,,,,Direct
26,TSNH249,Taosibei,山西陶寺北,111.53,35.55,698,low,3000-2000,3000,2000,3,5,-8.019000053,29.97999954,4,126,0,0.05,419,415.348,,,,,,,Direct
26,TSNM2016,Taosibei,山西陶寺北,111.53,35.55,698,low,3000-2000,3000,2000,3,5,-8.019000053,29.97999954,4,126,1,0.95,443,439.228,,,,,,,Direct
26,TSNM2024,Taosibei,山西陶寺北,111.53,35.55,698,low,3000-2000,3000,2000,3,5,-8.019000053,29.97999954,4,126,1,0.95,409.5,405.8955,,,,,,,Direct
26,TSNM2025,Taosibei,山西陶寺北,111.53,35.55,698,low,3000-2000,3000,2000,3,5,-8.019000053,29.97999954,4,126,1,0.95,410,406.393,,,,,,,Direct
26,TSNM2026,Taosibei,山西陶寺北,111.53,35.55,698,low,3000-2000,3000,2000,3,5,-8.019000053,29.97999954,4,126,1,0.95,438,434.253,,,,,,,Direct
26,TSNM2029,Taosibei,山西陶寺北,111.53,35.55,698,low,3000-2000,3000,2000,3,5,-8.019000053,29.97999954,4,126,1,0.95,415,411.368,,,,,,,Direct
26,TSNM2030,Taosibei,山西陶寺北,111.53,35.55,698,low,3000-2000,3000,2000,3,5,-8.019000053,29.97999954,4,126,1,0.95,429,425.298,,,,,,,Direct
26,TSNM2031,Taosibei,山西陶寺北,111.53,35.55,698,low,3000-2000,3000,2000,3,5,-8.019000053,29.97999954,4,126,1,0.95,434,430.273,,,,,,,Direct
26,TSNM2033,Taosibei,山西陶寺北,111.53,35.55,698,low,3000-2000,3000,2000,3,5,-8.019000053,29.97999954,4,126,1,0.95,401,397.438,,,,,,,Direct
26,TSNM2038,Taosibei,山西陶寺北,111.53,35.55,698,low,3000-2000,3000,2000,3,5,-8.019000053,29.97999954,4,126,1,0.95,441,437.238,,,,,,,Direct
26,TSNM2043,Taosibei,山西陶寺北,111.53,35.55,698,low,3000-2000,3000,2000,3,5,-8.019000053,29.97999954,4,126,1,0.95,426,422.313,,,,,,,Direct
26,TSNM2044,Taosibei,山西陶寺北,111.53,35.55,698,low,3000-2000,3000,2000,3,5,-8.019000053,29.97999954,4,126,1,0.95,370,366.593,,,,,,,Direct
26,TSNM2045,Taosibei,山西陶寺北,111.53,35.55,698,low,3000-2000,3000,2000,3,5,-8.019000053,29.97999954,4,126,1,0.95,397,393.458,,,,,,,Direct
26,TSNM2048,Taosibei,山西陶寺北,111.53,35.55,698,low,3000-2000,3000,2000,3,5,-8.019000053,29.97999954,4,126,1,0.95,445,441.218,,,,,,,Direct
26,TSNM2050,Taosibei,山西陶寺北,111.53,35.55,698,low,3000-2000,3000,2000,3,5,-8.019000053,29.97999954,4,126,1,0.95,428,424.303,,,,,,,Direct
26,TSNM2054,Taosibei,山西陶寺北,111.53,35.55,698,low,3000-2000,3000,2000,3,5,-8.019000053,29.97999954,4,126,1,0.95,353,349.678,,,,,,,Direct
26,TSNM2058,Taosibei,山西陶寺北,111.53,35.55,698,low,3000-2000,3000,2000,3,5,-8.019000053,29.97999954,4,126,1,0.95,410,406.393,,,,,,,Direct
26,TSNM2064,Taosibei,山西陶寺北,111.53,35.55,698,low,3000-2000,3000,2000,3,5,-8.019000053,29.97999954,4,126,1,0.95,441,437.238,,,,,,,Direct
26,TSNM2066,Taosibei,山西陶寺北,111.53,35.55,698,low,3000-2000,3000,2000,3,5,-8.019000053,29.97999954,4,126,1,0.95,472,468.083,,,,,,,Direct
26,TSNM2068,Taosibei,山西陶寺北,111.53,35.55,698,low,3000-2000,3000,2000,3,5,-8.019000053,29.97999954,4,126,1,0.95,404,400.423,,,,,,,Direct
26,TSNM2073,Taosibei,山西陶寺北,111.53,35.55,698,low,3000-2000,3000,2000,3,5,-8.019000053,29.97999954,4,126,1,0.95,411,407.388,,,,,,,Direct
26,TSNM2075,Taosibei,山西陶寺北,111.53,35.55,698,low,3000-2000,3000,2000,3,5,-8.019000053,29.97999954,4,126,1,0.95,422.5,418.8305,,,,,,,Direct
26,TSNM2079,Taosibei,山西陶寺北,111.53,35.55,698,low,3000-2000,3000,2000,3,5,-8.019000053,29.97999954,4,126,1,0.95,438.5,434.7505,,,,,,,Direct
26,TSNM2092,Taosibei,山西陶寺北,111.53,35.55,698,low,3000-2000,3000,2000,3,5,-8.019000053,29.97999954,4,126,1,0.95,409.5,405.8955,,,,,,,Direct
26,TSNM2093,Taosibei,山西陶寺北,111.53,35.55,698,low,3000-2000,3000,2000,3,5,-8.019000053,29.97999954,4,126,1,0.95,417,413.358,,,,,,,Direct
26,TSNM2094,Taosibei,山西陶寺北,111.53,35.55,698,low,3000-2000,3000,2000,3,5,-8.019000053,29.97999954,4,126,1,0.95,455,451.168,,,,,,,Direct
26,TSNM2101,Taosibei,山西陶寺北,111.53,35.55,698,low,3000-2000,3000,2000,3,5,-8.019000053,29.97999954,4,126,1,0.95,419,415.348,,,,,,,Direct
26,TSNM2113,Taosibei,山西陶寺北,111.53,35.55,698,low,3000-2000,3000,2000,3,5,-8.019000053,29.97999954,4,126,1,0.95,382.5,379.0305,,,,,,,Direct
26,TSNM2116,Taosibei,山西陶寺北,111.53,35.55,698,low,3000-2000,3000,2000,3,5,-8.019000053,29.97999954,4,126,1,0.95,410,406.393,,,,,,,Direct
26,TSNM2127,Taosibei,山西陶寺北,111.53,35.55,698,low,3000-2000,3000,2000,3,5,-8.019000053,29.97999954,4,126,1,0.95,412.5,408.8805,,,,,,,Direct
26,TSNM2132,Taosibei,山西陶寺北,111.53,35.55,698,low,3000-2000,3000,2000,3,5,-8.019000053,29.97999954,4,126,1,0.95,381,377.538,,,,,,,Direct
26,TSNM2136,Taosibei,山西陶寺北,111.53,35.55,698,low,3000-2000,3000,2000,3,5,-8.019000053,29.97999954,4,126,1,0.95,409,405.398,,,,,,,Direct
26,TSNM2139,Taosibei,山西陶寺北,111.53,35.55,698,low,3000-2000,3000,2000,3,5,-8.019000053,29.97999954,4,126,1,0.95,371.5,368.0855,,,,,,,Direct
26,TSNM2150,Taosibei,山西陶寺北,111.53,35.55,698,low,3000-2000,3000,2000,3,5,-8.019000053,29.97999954,4,126,1,0.95,405.5,401.9155,,,,,,,Direct
26,TSNM2155,Taosibei,山西陶寺北,111.53,35.55,698,low,3000-2000,3000,2000,3,5,-8.019000053,29.97999954,4,126,1,0.95,385,381.518,,,,,,,Direct
26,TSNM2163,Taosibei,山西陶寺北,111.53,35.55,698,low,3000-2000,3000,2000,3,5,-8.019000053,29.97999954,4,126,1,0.95,427.5,423.8055,,,,,,,Direct
26,TSNM2171,Taosibei,山西陶寺北,111.53,35.55,698,low,3000-2000,3000,2000,3,5,-8.019000053,29.97999954,4,126,1,0.95,387,383.508,,,,,,,Direct
26,TSNM2172,Taosibei,山西陶寺北,111.53,35.55,698,low,3000-2000,3000,2000,3,5,-8.019000053,29.97999954,4,126,1,0.95,413.5,409.8755,,,,,,,Direct
26,TSNM2173,Taosibei,山西陶寺北,111.53,35.55,698,low,3000-2000,3000,2000,3,5,-8.019000053,29.97999954,4,126,1,0.95,400.5,396.9405,,,,,,,Direct
26,TSNM2176,Taosibei,山西陶寺北,111.53,35.55,698,low,3000-2000,3000,2000,3,5,-8.019000053,29.97999954,4,126,1,0.95,393.5,389.9755,,,,,,,Direct
26,TSNM2177,Taosibei,山西陶寺北,111.53,35.55,698,low,3000-2000,3000,2000,3,5,-8.019000053,29.97999954,4,126,1,0.95,422,418.333,,,,,,,Direct
26,TSNM2179,Taosibei,山西陶寺北,111.53,35.55,698,low,3000-2000,3000,2000,3,5,-8.019000053,29.97999954,4,126,1,0.95,426,422.313,,,,,,,Direct
26,TSNM2180,Taosibei,山西陶寺北,111.53,35.55,698,low,3000-2000,3000,2000,3,5,-8.019000053,29.97999954,4,126,1,0.95,425,421.318,,,,,,,Direct
26,TSNM2184,Taosibei,山西陶寺北,111.53,35.55,698,low,3000-2000,3000,2000,3,5,-8.019000053,29.97999954,4,126,1,0.95,409,405.398,,,,,,,Direct
26,TSNM2187,Taosibei,山西陶寺北,111.53,35.55,698,low,3000-2000,3000,2000,3,5,-8.019000053,29.97999954,4,126,1,0.95,394,390.473,,,,,,,Direct
26,TSNM2188,Taosibei,山西陶寺北,111.53,35.55,698,low,3000-2000,3000,2000,3,5,-8.019000053,29.97999954,4,126,1,0.95,403,399.428,,,,,,,Direct
26,TSNM2198,Taosibei,山西陶寺北,111.53,35.55,698,low,3000-2000,3000,2000,3,5,-8.019000053,29.97999954,4,126,1,0.95,412,408.383,,,,,,,Direct
26,TSNM2201,Taosibei,山西陶寺北,111.53,35.55,698,low,3000-2000,3000,2000,3,5,-8.019000053,29.97999954,4,126,1,0.95,437.5,433.7555,,,,,,,Direct
26,TSNM2214,Taosibei,山西陶寺北,111.53,35.55,698,low,3000-2000,3000,2000,3,5,-8.019000053,29.97999954,4,126,1,0.95,443,439.228,,,,,,,Direct
26,TSNM2225,Taosibei,山西陶寺北,111.53,35.55,698,low,3000-2000,3000,2000,3,5,-8.019000053,29.97999954,4,126,1,0.95,407,403.408,,,,,,,Direct
26,TSNM2232,Taosibei,山西陶寺北,111.53,35.55,698,low,3000-2000,3000,2000,3,5,-8.019000053,29.97999954,4,126,1,0.95,413,409.378,,,,,,,Direct
26,TSNM3031,Taosibei,山西陶寺北,111.53,35.55,698,low,3000-2000,3000,2000,3,5,-8.019000053,29.97999954,4,126,1,0.95,398.5,394.9505,,,,,,,Direct
26,TSNM3040,Taosibei,山西陶寺北,111.53,35.55,698,low,3000-2000,3000,2000,3,5,-8.019000053,29.97999954,4,126,1,0.95,426,422.313,,,,,,,Direct
27,JJM1153,Jucun,山西绛县雎村墓地,111.36,35.32,721,low,3000-2000,3000,2000,3,5,-7.519999981,30.03700066,4,126,0,0.05,460,456.143,,,,,,,Direct
27,JJM1168,Jucun,山西绛县雎村墓地,111.36,35.32,721,low,3000-2000,3000,2000,3,5,-7.519999981,30.03700066,4,126,0,0.05,411,407.388,,,,,,,Direct
27,JJM1185,Jucun,山西绛县雎村墓地,111.36,35.32,721,low,3000-2000,3000,2000,3,5,-7.519999981,30.03700066,4,126,0,0.05,447,443.208,,,,,,,Direct
27,JJM1200,Jucun,山西绛县雎村墓地,111.36,35.32,721,low,3000-2000,3000,2000,3,5,-7.519999981,30.03700066,4,126,0,0.05,487,483.008,,,,,,,Direct
27,JJM1202,Jucun,山西绛县雎村墓地,111.36,35.32,721,low,3000-2000,3000,2000,3,5,-7.519999981,30.03700066,4,126,0,0.05,440.5,436.7405,,,,,,,Direct
27,JJM1244,Jucun,山西绛县雎村墓地,111.36,35.32,721,low,3000-2000,3000,2000,3,5,-7.519999981,30.03700066,4,126,0,0.05,435,431.268,,,,,,,Direct
27,JJM1266,Jucun,山西绛县雎村墓地,111.36,35.32,721,low,3000-2000,3000,2000,3,5,-7.519999981,30.03700066,4,126,0,0.05,446,442.213,,,,,,,Direct
27,JJM1274,Jucun,山西绛县雎村墓地,111.36,35.32,721,low,3000-2000,3000,2000,3,5,-7.519999981,30.03700066,4,126,0,0.05,417,413.358,,,,,,,Direct
27,JJM1327,Jucun,山西绛县雎村墓地,111.36,35.32,721,low,3000-2000,3000,2000,3,5,-7.519999981,30.03700066,4,126,0,0.05,403,399.428,,,,,,,Direct
27,JJM1341,Jucun,山西绛县雎村墓地,111.36,35.32,721,low,3000-2000,3000,2000,3,5,-7.519999981,30.03700066,4,126,0,0.05,438,434.253,,,,,,,Direct
27,JJM1364,Jucun,山西绛县雎村墓地,111.36,35.32,721,low,3000-2000,3000,2000,3,5,-7.519999981,30.03700066,4,126,0,0.05,432.5,428.7805,,,,,,,Direct
27,JJM1370,Jucun,山西绛县雎村墓地,111.36,35.32,721,low,3000-2000,3000,2000,3,5,-7.519999981,30.03700066,4,126,0,0.05,452,448.183,,,,,,,Direct
27,JJM1384,Jucun,山西绛县雎村墓地,111.36,35.32,721,low,3000-2000,3000,2000,3,5,-7.519999981,30.03700066,4,126,0,0.05,463.5,459.6255,,,,,,,Direct
27,JJM1391,Jucun,山西绛县雎村墓地,111.36,35.32,721,low,3000-2000,3000,2000,3,5,-7.519999981,30.03700066,4,126,0,0.05,460,456.143,,,,,,,Direct
27,JJM1396,Jucun,山西绛县雎村墓地,111.36,35.32,721,low,3000-2000,3000,2000,3,5,-7.519999981,30.03700066,4,126,0,0.05,449,445.198,,,,,,,Direct
27,JJM1398,Jucun,山西绛县雎村墓地,111.36,35.32,721,low,3000-2000,3000,2000,3,5,-7.519999981,30.03700066,4,126,0,0.05,459.5,455.6455,,,,,,,Direct
27,JJM1406,Jucun,山西绛县雎村墓地,111.36,35.32,721,low,3000-2000,3000,2000,3,5,-7.519999981,30.03700066,4,126,0,0.05,418.5,414.8505,,,,,,,Direct
27,JJM1410,Jucun,山西绛县雎村墓地,111.36,35.32,721,low,3000-2000,3000,2000,3,5,-7.519999981,30.03700066,4,126,0,0.05,416,412.363,,,,,,,Direct
27,JJM1412,Jucun,山西绛县雎村墓地,111.36,35.32,721,low,3000-2000,3000,2000,3,5,-7.519999981,30.03700066,4,126,0,0.05,418,414.353,,,,,,,Direct
27,JJM1416,Jucun,山西绛县雎村墓地,111.36,35.32,721,low,3000-2000,3000,2000,3,5,-7.519999981,30.03700066,4,126,0,0.05,456,452.163,,,,,,,Direct
27,JJM1420,Jucun,山西绛县雎村墓地,111.36,35.32,721,low,3000-2000,3000,2000,3,5,-7.519999981,30.03700066,4,126,0,0.05,448.5,444.7005,,,,,,,Direct
27,JJM1423,Jucun,山西绛县雎村墓地,111.36,35.32,721,low,3000-2000,3000,2000,3,5,-7.519999981,30.03700066,4,126,0,0.05,449.5,445.6955,,,,,,,Direct
27,JJM1424,Jucun,山西绛县雎村墓地,111.36,35.32,721,low,3000-2000,3000,2000,3,5,-7.519999981,30.03700066,4,126,0,0.05,450,446.193,,,,,,,Direct
27,JJM1425,Jucun,山西绛县雎村墓地,111.36,35.32,721,low,3000-2000,3000,2000,3,5,-7.519999981,30.03700066,4,126,0,0.05,418.5,414.8505,,,,,,,Direct
27,JJM1439,Jucun,山西绛县雎村墓地,111.36,35.32,721,low,3000-2000,3000,2000,3,5,-7.519999981,30.03700066,4,126,0,0.05,451.5,447.6855,,,,,,,Direct
27,JJM2050,Jucun,山西绛县雎村墓地,111.36,35.32,721,low,3000-2000,3000,2000,3,5,-7.519999981,30.03700066,4,126,0,0.05,467.5,463.6055,,,,,,,Direct
27,JJM2125,Jucun,山西绛县雎村墓地,111.36,35.32,721,low,3000-2000,3000,2000,3,5,-7.519999981,30.03700066,4,126,0,0.05,411.5,407.8855,,,,,,,Direct
27,JJM2153,Jucun,山西绛县雎村墓地,111.36,35.32,721,low,3000-2000,3000,2000,3,5,-7.519999981,30.03700066,4,126,0,0.05,408.5,404.9005,,,,,,,Direct
27,JJM2177,Jucun,山西绛县雎村墓地,111.36,35.32,721,low,3000-2000,3000,2000,3,5,-7.519999981,30.03700066,4,126,0,0.05,456,452.163,,,,,,,Direct
27,JJM2181,Jucun,山西绛县雎村墓地,111.36,35.32,721,low,3000-2000,3000,2000,3,5,-7.519999981,30.03700066,4,126,0,0.05,431,427.288,,,,,,,Direct
27,JJM2201,Jucun,山西绛县雎村墓地,111.36,35.32,721,low,3000-2000,3000,2000,3,5,-7.519999981,30.03700066,4,126,0,0.05,417.5,413.8555,,,,,,,Direct
27,JJM2234,Jucun,山西绛县雎村墓地,111.36,35.32,721,low,3000-2000,3000,2000,3,5,-7.519999981,30.03700066,4,126,0,0.05,446,442.213,,,,,,,Direct
27,JJM2279,Jucun,山西绛县雎村墓地,111.36,35.32,721,low,3000-2000,3000,2000,3,5,-7.519999981,30.03700066,4,126,0,0.05,428,424.303,,,,,,,Direct
27,JJM2290,Jucun,山西绛县雎村墓地,111.36,35.32,721,low,3000-2000,3000,2000,3,5,-7.519999981,30.03700066,4,126,0,0.05,438.5,434.7505,,,,,,,Direct
27,JJM2294,Jucun,山西绛县雎村墓地,111.36,35.32,721,low,3000-2000,3000,2000,3,5,-7.519999981,30.03700066,4,126,0,0.05,446,442.213,,,,,,,Direct
27,JJM1184,Jucun,山西绛县雎村墓地,111.36,35.32,721,low,3000-2000,3000,2000,3,5,-7.519999981,30.03700066,4,126,1,0.95,433,429.278,,,,,,,Direct
27,JJM1214,Jucun,山西绛县雎村墓地,111.36,35.32,721,low,3000-2000,3000,2000,3,5,-7.519999981,30.03700066,4,126,1,0.95,432,428.283,,,,,,,Direct
27,JJM1215,Jucun,山西绛县雎村墓地,111.36,35.32,721,low,3000-2000,3000,2000,3,5,-7.519999981,30.03700066,4,126,1,0.95,421,417.338,,,,,,,Direct
27,JJM1219,Jucun,山西绛县雎村墓地,111.36,35.32,721,low,3000-2000,3000,2000,3,5,-7.519999981,30.03700066,4,126,1,0.95,406,402.413,,,,,,,Direct
27,JJM1222,Jucun,山西绛县雎村墓地,111.36,35.32,721,low,3000-2000,3000,2000,3,5,-7.519999981,30.03700066,4,126,1,0.95,389.5,385.9955,,,,,,,Direct
27,JJM1229,Jucun,山西绛县雎村墓地,111.36,35.32,721,low,3000-2000,3000,2000,3,5,-7.519999981,30.03700066,4,126,1,0.95,408,404.403,,,,,,,Direct
27,JJM1230,Jucun,山西绛县雎村墓地,111.36,35.32,721,low,3000-2000,3000,2000,3,5,-7.519999981,30.03700066,4,126,1,0.95,438,434.253,,,,,,,Direct
27,JJM1238,Jucun,山西绛县雎村墓地,111.36,35.32,721,low,3000-2000,3000,2000,3,5,-7.519999981,30.03700066,4,126,1,0.95,425,421.318,,,,,,,Direct
27,JJM1249,Jucun,山西绛县雎村墓地,111.36,35.32,721,low,3000-2000,3000,2000,3,5,-7.519999981,30.03700066,4,126,1,0.95,426,422.313,,,,,,,Direct
27,JJM1257,Jucun,山西绛县雎村墓地,111.36,35.32,721,low,3000-2000,3000,2000,3,5,-7.519999981,30.03700066,4,126,1,0.95,433,429.278,,,,,,,Direct
27,JJM1300,Jucun,山西绛县雎村墓地,111.36,35.32,721,low,3000-2000,3000,2000,3,5,-7.519999981,30.03700066,4,126,1,0.95,407,403.408,,,,,,,Direct
27,JJM1301,Jucun,山西绛县雎村墓地,111.36,35.32,721,low,3000-2000,3000,2000,3,5,-7.519999981,30.03700066,4,126,1,0.95,423,419.328,,,,,,,Direct
27,JJM1302,Jucun,山西绛县雎村墓地,111.36,35.32,721,low,3000-2000,3000,2000,3,5,-7.519999981,30.03700066,4,126,1,0.95,414,410.373,,,,,,,Direct
27,JJM1303,Jucun,山西绛县雎村墓地,111.36,35.32,721,low,3000-2000,3000,2000,3,5,-7.519999981,30.03700066,4,126,1,0.95,395,391.468,,,,,,,Direct
27,JJM1324,Jucun,山西绛县雎村墓地,111.36,35.32,721,low,3000-2000,3000,2000,3,5,-7.519999981,30.03700066,4,126,1,0.95,404,400.423,,,,,,,Direct
27,JJM1329,Jucun,山西绛县雎村墓地,111.36,35.32,721,low,3000-2000,3000,2000,3,5,-7.519999981,30.03700066,4,126,1,0.95,394,390.473,,,,,,,Direct
27,JJM1343,Jucun,山西绛县雎村墓地,111.36,35.32,721,low,3000-2000,3000,2000,3,5,-7.519999981,30.03700066,4,126,1,0.95,390,386.493,,,,,,,Direct
27,JJM1348,Jucun,山西绛县雎村墓地,111.36,35.32,721,low,3000-2000,3000,2000,3,5,-7.519999981,30.03700066,4,126,1,0.95,410,406.393,,,,,,,Direct
27,JJM1361,Jucun,山西绛县雎村墓地,111.36,35.32,721,low,3000-2000,3000,2000,3,5,-7.519999981,30.03700066,4,126,1,0.95,382.5,379.0305,,,,,,,Direct
27,JJM1407,Jucun,山西绛县雎村墓地,111.36,35.32,721,low,3000-2000,3000,2000,3,5,-7.519999981,30.03700066,4,126,1,0.95,411,407.388,,,,,,,Direct
27,JJM1413,Jucun,山西绛县雎村墓地,111.36,35.32,721,low,3000-2000,3000,2000,3,5,-7.519999981,30.03700066,4,126,1,0.95,383.5,380.0255,,,,,,,Direct
27,JJM1428,Jucun,山西绛县雎村墓地,111.36,35.32,721,low,3000-2000,3000,2000,3,5,-7.519999981,30.03700066,4,126,1,0.95,405,401.418,,,,,,,Direct
27,JJM2095,Jucun,山西绛县雎村墓地,111.36,35.32,721,low,3000-2000,3000,2000,3,5,-7.519999981,30.03700066,4,126,1,0.95,408,404.403,,,,,,,Direct
27,JJM2119,Jucun,山西绛县雎村墓地,111.36,35.32,721,low,3000-2000,3000,2000,3,5,-7.519999981,30.03700066,4,126,1,0.95,426.5,422.8105,,,,,,,Direct
27,JJM2258,Jucun,山西绛县雎村墓地,111.36,35.32,721,low,3000-2000,3000,2000,3,5,-7.519999981,30.03700066,4,126,1,0.95,435.5,431.7655,,,,,,,Direct
27,JJM2276,Jucun,山西绛县雎村墓地,111.36,35.32,721,low,3000-2000,3000,2000,3,5,-7.519999981,30.03700066,4,126,1,0.95,382.5,379.0305,,,,,,,Direct
28,XNCM100,Xinancheng,西南呈,112.87,36.12,941,low,3000-2000,3000,2000,3,5,-11.06499958,27.77099991,5,148,0,0.05,412,408.383,,333.5,291.5,232,79.58833619,81.66353644,Direct
28,XNCM101,Xinancheng,西南呈,112.87,36.12,941,low,3000-2000,3000,2000,3,5,-11.06499958,27.77099991,5,148,0,0.05,426,422.313,,348.5,,,,82.52173151,Direct
28,XNCM103,Xinancheng,西南呈,112.87,36.12,941,low,3000-2000,3000,2000,3,5,-11.06499958,27.77099991,5,148,0,0.05,421,417.338,,339,300,,,81.22912364,Direct
28,XNCM105,Xinancheng,西南呈,112.87,36.12,941,low,3000-2000,3000,2000,3,5,-11.06499958,27.77099991,5,148,0,0.05,402,398.433,,320.5,285,215,75.43859649,80.44012419,Direct
28,XNCM107,Xinancheng,西南呈,112.87,36.12,941,low,3000-2000,3000,2000,3,5,-11.06499958,27.77099991,5,148,0,0.05,398.5,394.9505,,333.5,297.5,225,75.6302521,84.44096159,Direct
28,XNCM108,Xinancheng,西南呈,112.87,36.12,941,low,3000-2000,3000,2000,3,5,-11.06499958,27.77099991,5,148,0,0.05,448,444.203,,,,257,,,Direct
28,XNCM11,Xinancheng,西南呈,112.87,36.12,941,low,3000-2000,3000,2000,3,5,-11.06499958,27.77099991,5,148,0,0.05,434.5,430.7705,,368,311,,,85.42831972,Direct
28,XNCM111,Xinancheng,西南呈,112.87,36.12,941,low,3000-2000,3000,2000,3,5,-11.06499958,27.77099991,5,148,0,0.05,450,446.193,,368,305,236,77.37704918,82.47552068,Direct
28,XNCM115,Xinancheng,西南呈,112.87,36.12,941,low,3000-2000,3000,2000,3,5,-11.06499958,27.77099991,5,148,0,0.05,,,,,302.5,,,,Direct
28,XNCM117,Xinancheng,西南呈,112.87,36.12,941,low,3000-2000,3000,2000,3,5,-11.06499958,27.77099991,5,148,0,0.05,442.5,438.7305,,346.5,311.5,236.5,75.92295345,78.9778691,Direct
28,XNCM12,Xinancheng,西南呈,112.87,36.12,941,low,3000-2000,3000,2000,3,5,-11.06499958,27.77099991,5,148,0,0.05,458,454.153,,373.5,313,,,82.24100689,Direct
28,XNCM123,Xinancheng,西南呈,112.87,36.12,941,low,3000-2000,3000,2000,3,5,-11.06499958,27.77099991,5,148,0,0.05,458,454.153,,377.5,,245,,83.12176733,Direct
28,XNCM14,Xinancheng,西南呈,112.87,36.12,941,low,3000-2000,3000,2000,3,5,-11.06499958,27.77099991,5,148,0,0.05,429,425.298,,350,294,,,82.29523769,Direct
28,XNCM32,Xinancheng,西南呈,112.87,36.12,941,low,3000-2000,3000,2000,3,5,-11.06499958,27.77099991,5,148,0,0.05,,,,,283,217,76.67844523,,Direct
28,XNCM34,Xinancheng,西南呈,112.87,36.12,941,low,3000-2000,3000,2000,3,5,-11.06499958,27.77099991,5,148,0,0.05,462.5,458.6305,,379.5,,,,82.74635028,Direct
28,XNCM46,Xinancheng,西南呈,112.87,36.12,941,low,3000-2000,3000,2000,3,5,-11.06499958,27.77099991,5,148,0,0.05,411,407.388,,343,311,,,84.19491983,Direct
28,XNCM51,Xinancheng,西南呈,112.87,36.12,941,low,3000-2000,3000,2000,3,5,-11.06499958,27.77099991,5,148,0,0.05,,,,,279,219,78.49462366,,Direct
28,XNCM60,Xinancheng,西南呈,112.87,36.12,941,low,3000-2000,3000,2000,3,5,-11.06499958,27.77099991,5,148,0,0.05,423.5,419.8255,,349.5,316,243,76.89873418,83.24887364,Direct
28,XNCM66,Xinancheng,西南呈,112.87,36.12,941,low,3000-2000,3000,2000,3,5,-11.06499958,27.77099991,5,148,0,0.05,444,440.223,,380,324.5,,,86.31988788,Direct
28,XNCM7,Xinancheng,西南呈,112.87,36.12,941,low,3000-2000,3000,2000,3,5,-11.06499958,27.77099991,5,148,0,0.05,436,432.263,,351,311,234,75.24115756,81.2005654,Direct
28,XNCM71,Xinancheng,西南呈,112.87,36.12,941,low,3000-2000,3000,2000,3,5,-11.06499958,27.77099991,5,148,0,0.05,460.5,456.6405,,374,316,251,79.43037975,81.90250317,Direct
28,XNCM73,Xinancheng,西南呈,112.87,36.12,941,low,3000-2000,3000,2000,3,5,-11.06499958,27.77099991,5,148,0,0.05,467,463.108,,378.5,328,275.5,83.99390244,81.7303955,Direct
28,XNCM77,Xinancheng,西南呈,112.87,36.12,941,low,3000-2000,3000,2000,3,5,-11.06499958,27.77099991,5,148,0,0.05,431.5,427.7855,,352,308,251,81.49350649,82.2842289,Direct
28,XNCM79,Xinancheng,西南呈,112.87,36.12,941,low,3000-2000,3000,2000,3,5,-11.06499958,27.77099991,5,148,0,0.05,447.5,443.7055,,,318,239.5,75.31446541,,Direct
28,XNCM8,Xinancheng,西南呈,112.87,36.12,941,low,3000-2000,3000,2000,3,5,-11.06499958,27.77099991,5,148,0,0.05,456,452.163,,381.5,,,,84.3722286,Direct
28,XNCM84,Xinancheng,西南呈,112.87,36.12,941,low,3000-2000,3000,2000,3,5,-11.06499958,27.77099991,5,148,0,0.05,413,409.378,,322,,,,78.65591214,Direct
28,XNCM85,Xinancheng,西南呈,112.87,36.12,941,low,3000-2000,3000,2000,3,5,-11.06499958,27.77099991,5,148,0,0.05,,,,,305.5,216,70.70376432,,Direct
28,XNCM87,Xinancheng,西南呈,112.87,36.12,941,low,3000-2000,3000,2000,3,5,-11.06499958,27.77099991,5,148,0,0.05,,,,,328,268,81.70731707,,Direct
28,XNCM90,Xinancheng,西南呈,112.87,36.12,941,low,3000-2000,3000,2000,3,5,-11.06499958,27.77099991,5,148,0,0.05,460,456.143,,365,319,255.5,80.09404389,80.01876604,Direct
28,XNCM92,Xinancheng,西南呈,112.87,36.12,941,low,3000-2000,3000,2000,3,5,-11.06499958,27.77099991,5,148,0,0.05,422,418.333,,347,324,240.5,74.22839506,82.94827327,Direct
28,XNCM97,Xinancheng,西南呈,112.87,36.12,941,low,3000-2000,3000,2000,3,5,-11.06499958,27.77099991,5,148,0,0.05,438.5,434.7505,,359,311,238,76.52733119,82.57609824,Direct
28,XNCM98,Xinancheng,西南呈,112.87,36.12,941,low,3000-2000,3000,2000,3,5,-11.06499958,27.77099991,5,148,0,0.05,457,453.158,,355.5,325.5,252,77.41935484,78.44945913,Direct
28,XNCM1,Xinancheng,西南呈,112.87,36.12,941,low,3000-2000,3000,2000,3,5,-11.06499958,27.77099991,5,148,1,0.95,,,,348,,,,,Direct
28,XNCM10,Xinancheng,西南呈,112.87,36.12,941,low,3000-2000,3000,2000,3,5,-11.06499958,27.77099991,5,148,1,0.95,403,399.428,,327.5,285,,,81.99224892,Direct
28,XNCM112,Xinancheng,西南呈,112.87,36.12,941,low,3000-2000,3000,2000,3,5,-11.06499958,27.77099991,5,148,1,0.95,380.5,377.0405,,309,262,209,79.77099237,81.95406064,Direct
28,XNCM114,Xinancheng,西南呈,112.87,36.12,941,low,3000-2000,3000,2000,3,5,-11.06499958,27.77099991,5,148,1,0.95,408,404.403,,343,300,228,76,84.81638366,Direct
28,XNCM119,Xinancheng,西南呈,112.87,36.12,941,low,3000-2000,3000,2000,3,5,-11.06499958,27.77099991,5,148,1,0.95,422.5,418.8305,,351,297.5,217,72.94117647,83.80478499,Direct
28,XNCM120,Xinancheng,西南呈,112.87,36.12,941,low,3000-2000,3000,2000,3,5,-11.06499958,27.77099991,5,148,1,0.95,382.5,379.0305,,313,263,199,75.66539924,82.57910643,Direct
28,XNCM124,Xinancheng,西南呈,112.87,36.12,941,low,3000-2000,3000,2000,3,5,-11.06499958,27.77099991,5,148,1,0.95,422,418.333,,335,287,,,80.07974508,Direct
28,XNCM13,Xinancheng,西南呈,112.87,36.12,941,low,3000-2000,3000,2000,3,5,-11.06499958,27.77099991,5,148,1,0.95,422,418.333,,349,,217.5,,83.4263613,Direct
28,XNCM2,Xinancheng,西南呈,112.87,36.12,941,low,3000-2000,3000,2000,3,5,-11.06499958,27.77099991,5,148,1,0.95,411,407.388,,331.5,292.5,228,77.94871795,81.37205809,Direct
28,XNCM21,Xinancheng,西南呈,112.87,36.12,941,low,3000-2000,3000,2000,3,5,-11.06499958,27.77099991,5,148,1,0.95,410.5,406.8905,,337.5,,,,82.9461489,Direct
28,XNCM23,Xinancheng,西南呈,112.87,36.12,941,low,3000-2000,3000,2000,3,5,-11.06499958,27.77099991,5,148,1,0.95,384.5,381.0205,,350.5,281,197,70.10676157,91.98980107,Direct
28,XNCM25,Xinancheng,西南呈,112.87,36.12,941,low,3000-2000,3000,2000,3,5,-11.06499958,27.77099991,5,148,1,0.95,430,426.293,,359,,,,84.21437837,Direct
28,XNCM26,Xinancheng,西南呈,112.87,36.12,941,low,3000-2000,3000,2000,3,5,-11.06499958,27.77099991,5,148,1,0.95,,,,350.5,299.5,,,,Direct
28,XNCM41,Xinancheng,西南呈,112.87,36.12,941,low,3000-2000,3000,2000,3,5,-11.06499958,27.77099991,5,148,1,0.95,427.5,423.8055,,354,292.5,233,79.65811966,83.52888294,Direct
28,XNCM42,Xinancheng,西南呈,112.87,36.12,941,low,3000-2000,3000,2000,3,5,-11.06499958,27.77099991,5,148,1,0.95,414.5,410.8705,,329.5,,,,80.19558474,Direct
28,XNCM48,Xinancheng,西南呈,112.87,36.12,941,low,3000-2000,3000,2000,3,5,-11.06499958,27.77099991,5,148,1,0.95,377.5,374.0555,,308,271,201,74.1697417,82.34072217,Direct
28,XNCM61,Xinancheng,西南呈,112.87,36.12,941,low,3000-2000,3000,2000,3,5,-11.06499958,27.77099991,5,148,1,0.95,426,422.313,,348,302,228,75.49668874,82.40333591,Direct
28,XNCM63,Xinancheng,西南呈,112.87,36.12,941,low,3000-2000,3000,2000,3,5,-11.06499958,27.77099991,5,148,1,0.95,438.5,434.7505,,340,318,,,78.2057755,Direct
28,XNCM64,Xinancheng,西南呈,112.87,36.12,941,low,3000-2000,3000,2000,3,5,-11.06499958,27.77099991,5,148,1,0.95,414.5,410.8705,,,,,,,Direct
28,XNCM69,Xinancheng,西南呈,112.87,36.12,941,low,3000-2000,3000,2000,3,5,-11.06499958,27.77099991,5,148,1,0.95,416.5,412.8605,,326,292,,,78.96129564,Direct
28,XNCM76,Xinancheng,西南呈,112.87,36.12,941,low,3000-2000,3000,2000,3,5,-11.06499958,27.77099991,5,148,1,0.95,410,406.393,,327,,,,80.46398437,Direct
28,XNCM88,Xinancheng,西南呈,112.87,36.12,941,low,3000-2000,3000,2000,3,5,-11.06499958,27.77099991,5,148,1,0.95,429,425.298,,350,286.5,217,75.7417103,82.29523769,Direct
28,XNCM9,Xinancheng,西南呈,112.87,36.12,941,low,3000-2000,3000,2000,3,5,-11.06499958,27.77099991,5,148,1,0.95,418,414.353,,351,282,,,84.7103798,Direct
29,ZTHM7,Zhaitouhe_2,陕西寨头河_2,109.15,35.4,1272,low,3000-2000,3000,2000,3,5,-9.508999825,26.04199982,4,108,0,0.05,438.05,434.30275,,360,,,,82.89148526,Direct
29,ZTHM48,Zhaitouhe_2,陕西寨头河_2,109.15,35.4,1272,low,3000-2000,3000,2000,3,5,-9.508999825,26.04199982,4,108,0,0.05,444.5,440.7205,,359.5,,,,81.57097299,Direct
29,ZTHM27,Zhaitouhe_2,陕西寨头河_2,109.15,35.4,1272,low,3000-2000,3000,2000,3,5,-9.508999825,26.04199982,4,108,0,0.05,439.55,435.79525,,357.2,,,,81.96509714,Direct
29,ZTHM55,Zhaitouhe_2,陕西寨头河_2,109.15,35.4,1272,low,3000-2000,3000,2000,3,5,-9.508999825,26.04199982,4,108,0,0.05,445,441.218,,,,,,,Direct
29,ZTHM57,Zhaitouhe_2,陕西寨头河_2,109.15,35.4,1272,low,3000-2000,3000,2000,3,5,-9.508999825,26.04199982,4,108,0,0.05,423.5,419.8255,,341.5,,,,81.34332002,Direct
29,ZTHM45,Zhaitouhe_2,陕西寨头河_2,109.15,35.4,1272,low,3000-2000,3000,2000,3,5,-9.508999825,26.04199982,4,108,0,0.05,447.3,443.5065,,342.6,,,,77.2480223,Direct
29,ZTHM71,Zhaitouhe_2,陕西寨头河_2,109.15,35.4,1272,low,3000-2000,3000,2000,3,5,-9.508999825,26.04199982,4,108,0,0.05,442.95,439.17825,,356.2,,,,81.10602016,Direct
29,ZTHM38,Zhaitouhe_2,陕西寨头河_2,109.15,35.4,1272,low,3000-2000,3000,2000,3,5,-9.508999825,26.04199982,4,108,0,0.05,441.2,437.437,,361,,,,82.52616948,Direct
29,ZTHM28,Zhaitouhe_2,陕西寨头河_2,109.15,35.4,1272,low,3000-2000,3000,2000,3,5,-9.508999825,26.04199982,4,108,0,0.05,449.7,445.8945,,341.8,,,,76.65490379,Direct
29,ZTHM17,Zhaitouhe_2,陕西寨头河_2,109.15,35.4,1272,low,3000-2000,3000,2000,3,5,-9.508999825,26.04199982,4,108,0,0.05,470,466.093,,,,,,,Direct
29,ZTHM10,Zhaitouhe_2,陕西寨头河_2,109.15,35.4,1272,low,3000-2000,3000,2000,3,5,-9.508999825,26.04199982,4,108,0,0.05,425.7,422.0145,,342.3,,,,81.11095709,Direct
29,ZTHM52,Zhaitouhe_2,陕西寨头河_2,109.15,35.4,1272,low,3000-2000,3000,2000,3,5,-9.508999825,26.04199982,4,108,0,0.05,447.7,443.9045,,364,,,,81.99961929,Direct
29,ZTHM78,Zhaitouhe_2,陕西寨头河_2,109.15,35.4,1272,low,3000-2000,3000,2000,3,5,-9.508999825,26.04199982,4,108,0,0.05,440,436.243,,354.1,,,,81.17035689,Direct
29,ZTHM25,Zhaitouhe_2,陕西寨头河_2,109.15,35.4,1272,low,3000-2000,3000,2000,3,5,-9.508999825,26.04199982,4,108,0,0.05,432.4,428.681,,358.5,,,,83.62861895,Direct
29,ZTHM14,Zhaitouhe_2,陕西寨头河_2,109.15,35.4,1272,low,3000-2000,3000,2000,3,5,-9.508999825,26.04199982,4,108,0,0.05,429.55,425.84525,,345.35,,,,81.09753484,Direct
29,ZTHM42,Zhaitouhe_2,陕西寨头河_2,109.15,35.4,1272,low,3000-2000,3000,2000,3,5,-9.508999825,26.04199982,4,108,0,0.05,,,,362.9,,,,,Direct
29,ZTHM54,Zhaitouhe_2,陕西寨头河_2,109.15,35.4,1272,low,3000-2000,3000,2000,3,5,-9.508999825,26.04199982,4,108,0,0.05,473.9,469.9735,,,,,,,Direct
29,ZTHM49,Zhaitouhe_2,陕西寨头河_2,109.15,35.4,1272,low,3000-2000,3000,2000,3,5,-9.508999825,26.04199982,4,108,1,0.95,400,396.443,,316.75,,,,79.8979929,Direct
29,ZTHM77,Zhaitouhe_2,陕西寨头河_2,109.15,35.4,1272,low,3000-2000,3000,2000,3,5,-9.508999825,26.04199982,4,108,1,0.95,431.2,427.487,,,,,,,Direct
29,ZTHM76R2,Zhaitouhe_2,陕西寨头河_2,109.15,35.4,1272,low,3000-2000,3000,2000,3,5,-9.508999825,26.04199982,4,108,1,0.95,394.8,391.269,,319.85,,,,81.74682891,Direct
29,ZTHM70,Zhaitouhe_2,陕西寨头河_2,109.15,35.4,1272,low,3000-2000,3000,2000,3,5,-9.508999825,26.04199982,4,108,1,0.95,391.1,387.5875,,,,,,,Direct
29,ZTHM61,Zhaitouhe_2,陕西寨头河_2,109.15,35.4,1272,low,3000-2000,3000,2000,3,5,-9.508999825,26.04199982,4,108,1,0.95,436.1,432.3625,,,, ,,,Direct
29,ZTHM90,Zhaitouhe_2,陕西寨头河_2,109.15,35.4,1272,low,3000-2000,3000,2000,3,5,-9.508999825,26.04199982,4,108,1,0.95,429.6,425.895,,339.55,,,,79.7262236,Direct
29,ZTHM11,Zhaitouhe_2,陕西寨头河_2,109.15,35.4,1272,low,3000-2000,3000,2000,3,5,-9.508999825,26.04199982,4,108,1,0.95,418,414.353,,,,,,,Direct
29,ZTHM24,Zhaitouhe_2,陕西寨头河_2,109.15,35.4,1272,low,3000-2000,3000,2000,3,5,-9.508999825,26.04199982,4,108,1,0.95,387.6,384.105,,,,,,,Direct
30,GZJM23,Guanzhong,陕西关中,108.71,34.35,439,low,3000-2000,3000,2000,3,5,-4.854000092,30.87100029,6,110,0,0.05,,,44.06,,,,,,Direct
30,GZJM36,Guanzhong,陕西关中,108.71,34.35,439,low,3000-2000,3000,2000,3,5,-4.854000092,30.87100029,6,110,0,0.05,,,,,,,,,Direct
30,GZJM68,Guanzhong,陕西关中,108.71,34.35,439,low,3000-2000,3000,2000,3,5,-4.854000092,30.87100029,6,110,0,0.05,,,46.45,,,,,,Direct
30,GZJM135,Guanzhong,陕西关中,108.71,34.35,439,low,3000-2000,3000,2000,3,5,-4.854000092,30.87100029,6,110,0,0.05,,,,,,,,,Direct
30,GZJM139,Guanzhong,陕西关中,108.71,34.35,439,low,3000-2000,3000,2000,3,5,-4.854000092,30.87100029,6,110,0,0.05,,,47.59,,,,,,Direct
30,GZJM202,Guanzhong,陕西关中,108.71,34.35,439,low,3000-2000,3000,2000,3,5,-4.854000092,30.87100029,6,110,0,0.05,,,46.9,,,,,,Direct
30,GZJM203,Guanzhong,陕西关中,108.71,34.35,439,low,3000-2000,3000,2000,3,5,-4.854000092,30.87100029,6,110,0,0.05,436.2,432.462,,,,,,,Direct
30,GZJM204,Guanzhong,陕西关中,108.71,34.35,439,low,3000-2000,3000,2000,3,5,-4.854000092,30.87100029,6,110,0,0.05,446.7,442.9095,49.59,377.6,,,,85.25443685,Direct
30,GZJM233,Guanzhong,陕西关中,108.71,34.35,439,low,3000-2000,3000,2000,3,5,-4.854000092,30.87100029,6,110,0,0.05,423,419.328,46.62,,,,,,Direct
30,GZJM264,Guanzhong,陕西关中,108.71,34.35,439,low,3000-2000,3000,2000,3,5,-4.854000092,30.87100029,6,110,0,0.05,,,,353.8,,,,,Direct
30,GZJM309,Guanzhong,陕西关中,108.71,34.35,439,low,3000-2000,3000,2000,3,5,-4.854000092,30.87100029,6,110,0,0.05,437.6,433.855,46.29,348.2,,,,80.2572288,Direct
30,GZJM314,Guanzhong,陕西关中,108.71,34.35,439,low,3000-2000,3000,2000,3,5,-4.854000092,30.87100029,6,110,0,0.05,,,,375.65,,,,,Direct
30,GZJM190,Guanzhong,陕西关中,108.71,34.35,439,low,3000-2000,3000,2000,3,5,-4.854000092,30.87100029,6,110,0,0.05,417.25,413.60675,49.68,,,,,,Direct
30,GZJM153:3,Guanzhong,陕西关中,108.71,34.35,439,low,3000-2000,3000,2000,3,5,-4.854000092,30.87100029,6,110,0,0.05,485,481.018,,397.5,,,,82.63724019,Direct
30,GZJM150:2,Guanzhong,陕西关中,108.71,34.35,439,low,3000-2000,3000,2000,3,5,-4.854000092,30.87100029,6,110,0,0.05,,,45.04,361,,,,,Direct
30,GZJM165-1,Guanzhong,陕西关中,108.71,34.35,439,low,3000-2000,3000,2000,3,5,-4.854000092,30.87100029,6,110,1,0.95,,,,336.2,,,,,Direct
30,GZJM212,Guanzhong,陕西关中,108.71,34.35,439,low,3000-2000,3000,2000,3,5,-4.854000092,30.87100029,6,110,1,0.95,,,,344,,,,,Direct
30,GZJM236,Guanzhong,陕西关中,108.71,34.35,439,low,3000-2000,3000,2000,3,5,-4.854000092,30.87100029,6,110,1,0.95,,,40.08,,,,,,Direct
30,GZJM239,Guanzhong,陕西关中,108.71,34.35,439,low,3000-2000,3000,2000,3,5,-4.854000092,30.87100029,6,110,1,0.95,428.4,424.701,44.25,361.8,,,,85.18934497,Direct
30,GZJM316,Guanzhong,陕西关中,108.71,34.35,439,low,3000-2000,3000,2000,3,5,-4.854000092,30.87100029,6,110,1,0.95,442.8,439.029,,362.4,,,,82.54579994,Direct
30,GZJM165-2,Guanzhong,陕西关中,108.71,34.35,439,low,3000-2000,3000,2000,3,5,-4.854000092,30.87100029,6,110,1,0.95,,,,337.2,,,,,Direct
30,GZJM188,Guanzhong,陕西关中,108.71,34.35,439,low,3000-2000,3000,2000,3,5,-4.854000092,30.87100029,6,110,1,0.95,,,45.06,343.5,,,,,Direct
30,GZJM155,Guanzhong,陕西关中,108.71,34.35,439,low,3000-2000,3000,2000,3,5,-4.854000092,30.87100029,6,110,1,0.95,,,,,,,,,Direct
31,WLM4,Wanli,陕西临潼湾李,109.13,34.22,641,low,3000-2000,3000,2000,3,5,-5.697999954,30.07699966,6,114,0,0.05,,,,348,,,,,Direct
31,WLM9,Wanli,陕西临潼湾李,109.13,34.22,641,low,3000-2000,3000,2000,3,5,-5.697999954,30.07699966,6,114,0,0.05,,,,382,,,,,Direct
31,WLM19,Wanli,陕西临潼湾李,109.13,34.22,641,low,3000-2000,3000,2000,3,5,-5.697999954,30.07699966,6,114,0,0.05,468.5,464.6005,,379,337,253,75.07418398,81.57546107,Direct
31,WLM37,Wanli,陕西临潼湾李,109.13,34.22,641,low,3000-2000,3000,2000,3,5,-5.697999954,30.07699966,6,114,0,0.05,436,432.263,,349.5,296.6,,,80.85355443,Direct
31,WLM47,Wanli,陕西临潼湾李,109.13,34.22,641,low,3000-2000,3000,2000,3,5,-5.697999954,30.07699966,6,114,0,0.05,,,,380,,,,,Direct
31,WLM48,Wanli,陕西临潼湾李,109.13,34.22,641,low,3000-2000,3000,2000,3,5,-5.697999954,30.07699966,6,114,0,0.05,,,,372,,,,,Direct
31,WLM53,Wanli,陕西临潼湾李,109.13,34.22,641,low,3000-2000,3000,2000,3,5,-5.697999954,30.07699966,6,114,0,0.05,,,,396,,,,,Direct
31,WLM54,Wanli,陕西临潼湾李,109.13,34.22,641,low,3000-2000,3000,2000,3,5,-5.697999954,30.07699966,6,114,0,0.05,431,427.288,,,,,,,Direct
31,WLM58,Wanli,陕西临潼湾李,109.13,34.22,641,low,3000-2000,3000,2000,3,5,-5.697999954,30.07699966,6,114,0,0.05,,,,,315,,,,Direct
31,WLM88,Wanli,陕西临潼湾李,109.13,34.22,641,low,3000-2000,3000,2000,3,5,-5.697999954,30.07699966,6,114,0,0.05,428,424.303,,353,294,225,76.53061224,83.19526376,Direct
31,WLM89,Wanli,陕西临潼湾李,109.13,34.22,641,low,3000-2000,3000,2000,3,5,-5.697999954,30.07699966,6,114,0,0.05,478.5,474.5505,,386,,252,,81.34013135,Direct
31,WLM94,Wanli,陕西临潼湾李,109.13,34.22,641,low,3000-2000,3000,2000,3,5,-5.697999954,30.07699966,6,114,0,0.05,,,,,,,,,Direct
31,WLM116,Wanli,陕西临潼湾李,109.13,34.22,641,low,3000-2000,3000,2000,3,5,-5.697999954,30.07699966,6,114,0,0.05,433,429.278,,362,,,,84.3276385,Direct
31,WLM127,Wanli,陕西临潼湾李,109.13,34.22,641,low,3000-2000,3000,2000,3,5,-5.697999954,30.07699966,6,114,0,0.05,,,,365,304,,,,Direct
31,WLM136,Wanli,陕西临潼湾李,109.13,34.22,641,low,3000-2000,3000,2000,3,5,-5.697999954,30.07699966,6,114,0,0.05,,,,,,,,,Direct
31,WLM158,Wanli,陕西临潼湾李,109.13,34.22,641,low,3000-2000,3000,2000,3,5,-5.697999954,30.07699966,6,114,0,0.05,440,436.243,,,,,,,Direct
31,WLM160,Wanli,陕西临潼湾李,109.13,34.22,641,low,3000-2000,3000,2000,3,5,-5.697999954,30.07699966,6,114,0,0.05,428,424.303,,,,,,,Direct
31,WLM175,Wanli,陕西临潼湾李,109.13,34.22,641,low,3000-2000,3000,2000,3,5,-5.697999954,30.07699966,6,114,0,0.05,,,,,,248,,,Direct
31,WLM177,Wanli,陕西临潼湾李,109.13,34.22,641,low,3000-2000,3000,2000,3,5,-5.697999954,30.07699966,6,114,0,0.05,,,,370,339,,,,Direct
31,WLM178,Wanli,陕西临潼湾李,109.13,34.22,641,low,3000-2000,3000,2000,3,5,-5.697999954,30.07699966,6,114,0,0.05,433.5,429.7755,,353,312,240,76.92307692,82.13590584,Direct
31,WLM188,Wanli,陕西临潼湾李,109.13,34.22,641,low,3000-2000,3000,2000,3,5,-5.697999954,30.07699966,6,114,0,0.05,450,446.193,,,325,,,,Direct
31,WLM191,Wanli,陕西临潼湾李,109.13,34.22,641,low,3000-2000,3000,2000,3,5,-5.697999954,30.07699966,6,114,0,0.05,442,438.233,,,,,,,Direct
31,WLM193,Wanli,陕西临潼湾李,109.13,34.22,641,low,3000-2000,3000,2000,3,5,-5.697999954,30.07699966,6,114,0,0.05,487,483.008,,,,260,,,Direct
31,WLM196,Wanli,陕西临潼湾李,109.13,34.22,641,low,3000-2000,3000,2000,3,5,-5.697999954,30.07699966,6,114,0,0.05,478,474.053,,397.5,,,,83.85138371,Direct
31,WLM218,Wanli,陕西临潼湾李,109.13,34.22,641,low,3000-2000,3000,2000,3,5,-5.697999954,30.07699966,6,114,0,0.05,487,483.008,,,,,,,Direct
31,WLM230,Wanli,陕西临潼湾李,109.13,34.22,641,low,3000-2000,3000,2000,3,5,-5.697999954,30.07699966,6,114,0,0.05,445,441.218,,361,314.5,249.5,79.33227345,81.81896477,Direct
31,WLM233,Wanli,陕西临潼湾李,109.13,34.22,641,low,3000-2000,3000,2000,3,5,-5.697999954,30.07699966,6,114,0,0.05,424,420.323,,367,305,,,87.31380391,Direct
31,WLM244,Wanli,陕西临潼湾李,109.13,34.22,641,low,3000-2000,3000,2000,3,5,-5.697999954,30.07699966,6,114,0,0.05,,,,,315,236,74.92063492,,Direct
31,WLM251,Wanli,陕西临潼湾李,109.13,34.22,641,low,3000-2000,3000,2000,3,5,-5.697999954,30.07699966,6,114,0,0.05,,,,,341,,,,Direct
31,WLM253,Wanli,陕西临潼湾李,109.13,34.22,641,low,3000-2000,3000,2000,3,5,-5.697999954,30.07699966,6,114,0,0.05,452,448.183,,,310,,,,Direct
31,WLM262,Wanli,陕西临潼湾李,109.13,34.22,641,low,3000-2000,3000,2000,3,5,-5.697999954,30.07699966,6,114,0,0.05,,,,,,242,,,Direct
31,WLM276,Wanli,陕西临潼湾李,109.13,34.22,641,low,3000-2000,3000,2000,3,5,-5.697999954,30.07699966,6,114,0,0.05,,,,,356,,,,Direct
31,WLM289,Wanli,陕西临潼湾李,109.13,34.22,641,low,3000-2000,3000,2000,3,5,-5.697999954,30.07699966,6,114,0,0.05,428,424.303,,345,,,,81.30981869,Direct
31,WLM290,Wanli,陕西临潼湾李,109.13,34.22,641,low,3000-2000,3000,2000,3,5,-5.697999954,30.07699966,6,114,0,0.05,441,437.238,,369,311,242,77.81350482,84.39339673,Direct
31,WLM12,Wanli,陕西临潼湾李,109.13,34.22,641,low,3000-2000,3000,2000,3,5,-5.697999954,30.07699966,6,114,1,0.95,420,416.343,,,,,,,Direct
31,WLM29,Wanli,陕西临潼湾李,109.13,34.22,641,low,3000-2000,3000,2000,3,5,-5.697999954,30.07699966,6,114,1,0.95,408,404.403,,,,,,,Direct
31,WLM40,Wanli,陕西临潼湾李,109.13,34.22,641,low,3000-2000,3000,2000,3,5,-5.697999954,30.07699966,6,114,1,0.95,,,,317,,,,,Direct
31,WLM59,Wanli,陕西临潼湾李,109.13,34.22,641,low,3000-2000,3000,2000,3,5,-5.697999954,30.07699966,6,114,1,0.95,400,396.443,,325.5,285,,,82.10511978,Direct
31,WLM74,Wanli,陕西临潼湾李,109.13,34.22,641,low,3000-2000,3000,2000,3,5,-5.697999954,30.07699966,6,114,1,0.95,,,,397,315,,,,Direct
31,WLM83,Wanli,陕西临潼湾李,109.13,34.22,641,low,3000-2000,3000,2000,3,5,-5.697999954,30.07699966,6,114,1,0.95,,,,,310,,,,Direct
31,WLM126,Wanli,陕西临潼湾李,109.13,34.22,641,low,3000-2000,3000,2000,3,5,-5.697999954,30.07699966,6,114,1,0.95,411,407.388,,343,,210,,84.19491983,Direct
31,WLM171,Wanli,陕西临潼湾李,109.13,34.22,641,low,3000-2000,3000,2000,3,5,-5.697999954,30.07699966,6,114,1,0.95,,,,,280,,,,Direct
31,WLM186,Wanli,陕西临潼湾李,109.13,34.22,641,low,3000-2000,3000,2000,3,5,-5.697999954,30.07699966,6,114,1,0.95,,,,,,,,,Direct
31,WLM187,Wanli,陕西临潼湾李,109.13,34.22,641,low,3000-2000,3000,2000,3,5,-5.697999954,30.07699966,6,114,1,0.95,,,,333,295,216,73.22033898,,Direct
31,WLM190,Wanli,陕西临潼湾李,109.13,34.22,641,low,3000-2000,3000,2000,3,5,-5.697999954,30.07699966,6,114,1,0.95,470,466.093,,,334.5,,,,Direct
31,WLM192,Wanli,陕西临潼湾李,109.13,34.22,641,low,3000-2000,3000,2000,3,5,-5.697999954,30.07699966,6,114,1,0.95,430,426.293,,343,,223.5,,80.46109132,Direct
31,WLM197,Wanli,陕西临潼湾李,109.13,34.22,641,low,3000-2000,3000,2000,3,5,-5.697999954,30.07699966,6,114,1,0.95,413,409.378,,344,292,,,84.02991856,Direct
31,WLM210,Wanli,陕西临潼湾李,109.13,34.22,641,low,3000-2000,3000,2000,3,5,-5.697999954,30.07699966,6,114,1,0.95,,,,325,,,,,Direct
31,WLM212,Wanli,陕西临潼湾李,109.13,34.22,641,low,3000-2000,3000,2000,3,5,-5.697999954,30.07699966,6,114,1,0.95,,,,,,228,,,Direct
31,WLM215,Wanli,陕西临潼湾李,109.13,34.22,641,low,3000-2000,3000,2000,3,5,-5.697999954,30.07699966,6,114,1,0.95,436,432.263,,,,,,,Direct
31,WLM235,Wanli,陕西临潼湾李,109.13,34.22,641,low,3000-2000,3000,2000,3,5,-5.697999954,30.07699966,6,114,1,0.95,415,411.368,,332,,,,80.70632621,Direct
31,WLM236,Wanli,陕西临潼湾李,109.13,34.22,641,low,3000-2000,3000,2000,3,5,-5.697999954,30.07699966,6,114,1,0.95,,,,,285,222,77.89473684,,Direct
31,WLM237,Wanli,陕西临潼湾李,109.13,34.22,641,low,3000-2000,3000,2000,3,5,-5.697999954,30.07699966,6,114,1,0.95,461,457.138,,,316,,,,Direct
31,WLM238,Wanli,陕西临潼湾李,109.13,34.22,641,low,3000-2000,3000,2000,3,5,-5.697999954,30.07699966,6,114,1,0.95,415,411.368,,334,288,,,81.1925089,Direct
31,WLM239,Wanli,陕西临潼湾李,109.13,34.22,641,low,3000-2000,3000,2000,3,5,-5.697999954,30.07699966,6,114,1,0.95,,,,,307.5,241,78.37398374,,Direct
31,WLM245,Wanli,陕西临潼湾李,109.13,34.22,641,low,3000-2000,3000,2000,3,5,-5.697999954,30.07699966,6,114,1,0.95,437.5,433.7555,,352,,,,81.15170874,Direct
31,WLM257,Wanli,陕西临潼湾李,109.13,34.22,641,low,3000-2000,3000,2000,3,5,-5.697999954,30.07699966,6,114,1,0.95,385,381.518,,327,278,,,85.71024172,Direct
31,WLM260,Wanli,陕西临潼湾李,109.13,34.22,641,low,3000-2000,3000,2000,3,5,-5.697999954,30.07699966,6,114,1,0.95,,,,,290,,,,Direct
31,WLM271,Wanli,陕西临潼湾李,109.13,34.22,641,low,3000-2000,3000,2000,3,5,-5.697999954,30.07699966,6,114,1,0.95,458,454.153,,364,,,,80.14920082,Direct
31,WLM278,Wanli,陕西临潼湾李,109.13,34.22,641,low,3000-2000,3000,2000,3,5,-5.697999954,30.07699966,6,114,1,0.95,421,417.338,,,,,,,Direct
31,WLM300,Wanli,陕西临潼湾李,109.13,34.22,641,low,3000-2000,3000,2000,3,5,-5.697999954,30.07699966,6,114,1,0.95,,,,336,279,219,78.49462366,,Direct
32,LDM1,Ruiguo,陕西梁带村芮国墓地,110.5,35.31,579,low,3000-2000,3000,2000,3,5,-7.611000061,30.86400032,4,113,0,0.05,,,,,,,,,Direct
32,LDM18,Ruiguo,陕西梁带村芮国墓地,110.5,35.31,579,low,3000-2000,3000,2000,3,5,-7.611000061,30.86400032,4,113,0,0.05,462,458.133,,354,,,,77.27013771,Direct
32,LDM530,Ruiguo,陕西梁带村芮国墓地,110.5,35.31,579,low,3000-2000,3000,2000,3,5,-7.611000061,30.86400032,4,113,0,0.05,,,,,,,,,Direct
32,LDM291,Ruiguo,陕西梁带村芮国墓地,110.5,35.31,579,low,3000-2000,3000,2000,3,5,-7.611000061,30.86400032,4,113,0,0.05,458.5,454.6505,,,,,,,Direct
32,LDM293,Ruiguo,陕西梁带村芮国墓地,110.5,35.31,579,low,3000-2000,3000,2000,3,5,-7.611000061,30.86400032,4,113,0,0.05,473.5,469.5755,,372,,,,79.22048744,Direct
32,LDM295II,Ruiguo,陕西梁带村芮国墓地,110.5,35.31,579,low,3000-2000,3000,2000,3,5,-7.611000061,30.86400032,4,113,0,0.05,434,430.273,,370.5,,,,86.10812205,Direct
32,LDM296,Ruiguo,陕西梁带村芮国墓地,110.5,35.31,579,low,3000-2000,3000,2000,3,5,-7.611000061,30.86400032,4,113,0,0.05,440,436.243,,,,,,,Direct
32,LDM297,Ruiguo,陕西梁带村芮国墓地,110.5,35.31,579,low,3000-2000,3000,2000,3,5,-7.611000061,30.86400032,4,113,0,0.05,472,468.083,,373,,,,79.68672223,Direct
32,LDM298,Ruiguo,陕西梁带村芮国墓地,110.5,35.31,579,low,3000-2000,3000,2000,3,5,-7.611000061,30.86400032,4,113,0,0.05,463,459.128,,,,,,,Direct
32,LDM1404,Ruiguo,陕西梁带村芮国墓地,110.5,35.31,579,low,3000-2000,3000,2000,3,5,-7.611000061,30.86400032,4,113,0,0.05,450.5,446.6905,,372.5,,,,83.39107279,Direct
32,LDM1407,Ruiguo,陕西梁带村芮国墓地,110.5,35.31,579,low,3000-2000,3000,2000,3,5,-7.611000061,30.86400032,4,113,0,0.05,406,402.413,,341.5,,,,84.86306357,Direct
32,LDM1410,Ruiguo,陕西梁带村芮国墓地,110.5,35.31,579,low,3000-2000,3000,2000,3,5,-7.611000061,30.86400032,4,113,0,0.05,488,484.003,,398,,,,82.23089526,Direct
32,LDM1412,Ruiguo,陕西梁带村芮国墓地,110.5,35.31,579,low,3000-2000,3000,2000,3,5,-7.611000061,30.86400032,4,113,0,0.05,440.5,436.7405,,372,,,,85.17643772,Direct
32,LDM1416,Ruiguo,陕西梁带村芮国墓地,110.5,35.31,579,low,3000-2000,3000,2000,3,5,-7.611000061,30.86400032,4,113,0,0.05,397,393.458,,328.5,,,,83.49048691,Direct
32,LDM02,Ruiguo,陕西梁带村芮国墓地,110.5,35.31,579,low,3000-2000,3000,2000,3,5,-7.611000061,30.86400032,4,113,1,0.95,,,,,,,,,Direct
32,LDM529,Ruiguo,陕西梁带村芮国墓地,110.5,35.31,579,low,3000-2000,3000,2000,3,5,-7.611000061,30.86400032,4,113,1,0.95,,,,328,,,,,Direct
32,LDM33,Ruiguo,陕西梁带村芮国墓地,110.5,35.31,579,low,3000-2000,3000,2000,3,5,-7.611000061,30.86400032,4,113,1,0.95,412,408.383,,334,,,,81.78597052,Direct
32,LDM292,Ruiguo,陕西梁带村芮国墓地,110.5,35.31,579,low,3000-2000,3000,2000,3,5,-7.611000061,30.86400032,4,113,1,0.95,415.5,411.8655,,339,,,,82.3084235,Direct
32,LDM294,Ruiguo,陕西梁带村芮国墓地,110.5,35.31,579,low,3000-2000,3000,2000,3,5,-7.611000061,30.86400032,4,113,1,0.95,405,401.418,,308,,,,76.72799924,Direct
32,LDM295I,Ruiguo,陕西梁带村芮国墓地,110.5,35.31,579,low,3000-2000,3000,2000,3,5,-7.611000061,30.86400032,4,113,1,0.95,422,418.333,,338.5,,,,80.91639914,Direct
32,LDM299,Ruiguo,陕西梁带村芮国墓地,110.5,35.31,579,low,3000-2000,3000,2000,3,5,-7.611000061,30.86400032,4,113,1,0.95,,,,338,,,,,Direct
32,LDM1405,Ruiguo,陕西梁带村芮国墓地,110.5,35.31,579,low,3000-2000,3000,2000,3,5,-7.611000061,30.86400032,4,113,1,0.95,427,423.308,,346.5,,,,81.85529213,Direct
32,LDM1406,Ruiguo,陕西梁带村芮国墓地,110.5,35.31,579,low,3000-2000,3000,2000,3,5,-7.611000061,30.86400032,4,113,1,0.95,440.5,436.7405,,363,,,,83.11571746,Direct
32,LDM1409,Ruiguo,陕西梁带村芮国墓地,110.5,35.31,579,low,3000-2000,3000,2000,3,5,-7.611000061,30.86400032,4,113,1,0.95,401,397.438,,340,,,,85.54793452,Direct
32,LDM1415,Ruiguo,陕西梁带村芮国墓地,110.5,35.31,579,low,3000-2000,3000,2000,3,5,-7.611000061,30.86400032,4,113,1,0.95,412.5,408.8805,,340,,,,83.15387992,Direct
33,XFM40,Xinfeng,陕西临潼新丰,109.28,34.43,390,low,3000-2000,3000,2000,3,5,-5.30700016,31.49799919,6,105,0,0.05,,,,,,,,,Direct
33,XFM221,Xinfeng,陕西临潼新丰,109.28,34.43,390,low,3000-2000,3000,2000,3,5,-5.30700016,31.49799919,6,105,0,0.05,442,440,51.9,,,,,,Direct
33,XFM489,Xinfeng,陕西临潼新丰,109.28,34.43,390,low,3000-2000,3000,2000,3,5,-5.30700016,31.49799919,6,105,0,0.05,457,453,51,358,,,,79.02869757,Direct
33,XFM577,Xinfeng,陕西临潼新丰,109.28,34.43,390,low,3000-2000,3000,2000,3,5,-5.30700016,31.49799919,6,105,0,0.05,,,,,,,,,Direct
33,XFM591,Xinfeng,陕西临潼新丰,109.28,34.43,390,low,3000-2000,3000,2000,3,5,-5.30700016,31.49799919,6,105,0,0.05,485,481.018,51.7,,,,,,Direct
33,XFM78,Xinfeng,陕西临潼新丰,109.28,34.43,390,low,3000-2000,3000,2000,3,5,-5.30700016,31.49799919,6,105,0,0.05,,,,408.5,,,,,Direct
33,XFM510,Xinfeng,陕西临潼新丰,109.28,34.43,390,low,3000-2000,3000,2000,3,5,-5.30700016,31.49799919,6,105,0,0.05,,,,345,,,,,Direct
33,XFM54,Xinfeng,陕西临潼新丰,109.28,34.43,390,low,3000-2000,3000,2000,3,5,-5.30700016,31.49799919,6,105,1,0.95,429,424,43.9,340.5,,,,80.30660377,Direct
33,XFM205,Xinfeng,陕西临潼新丰,109.28,34.43,390,low,3000-2000,3000,2000,3,5,-5.30700016,31.49799919,6,105,1,0.95,429,425.95,43.4,,,,,,Direct
33,XFM331,Xinfeng,陕西临潼新丰,109.28,34.43,390,low,3000-2000,3000,2000,3,5,-5.30700016,31.49799919,6,105,1,0.95,,,,,247,,,,Direct
33,XFM605,Xinfeng,陕西临潼新丰,109.28,34.43,390,low,3000-2000,3000,2000,3,5,-5.30700016,31.49799919,6,105,1,0.95,,,,,300,,,,Direct
34,ZYJM98-1,Yaojiamu,陕西周原姚家墓地,107.88,34.49,659,low,3000-2000,3000,2000,3,5,-5.55700016,29.37599945,5,117,0,0.05,,,,,,,,,Direct
34,ZYJM103-1,Yaojiamu,陕西周原姚家墓地,107.88,34.49,659,low,3000-2000,3000,2000,3,5,-5.55700016,29.37599945,5,117,0,0.05,466.75,462.85925,,,,,,,Direct
34,ZYJM132-1,Yaojiamu,陕西周原姚家墓地,107.88,34.49,659,low,3000-2000,3000,2000,3,5,-5.55700016,29.37599945,5,117,0,0.05,,,,374,,,,,Direct
34,ZYJM124-1,Yaojiamu,陕西周原姚家墓地,107.88,34.49,659,low,3000-2000,3000,2000,3,5,-5.55700016,29.37599945,5,117,0,0.05,,,49.47,,,,,,Direct
34,ZYJM7-1,Yaojiamu,陕西周原姚家墓地,107.88,34.49,659,low,3000-2000,3000,2000,3,5,-5.55700016,29.37599945,5,117,0,0.05,444,440.223,46.69,,,,,,Direct
34,ZYJM24,Yaojiamu,陕西周原姚家墓地,107.88,34.49,659,low,3000-2000,3000,2000,3,5,-5.55700016,29.37599945,5,117,0,0.05,,,,360,,,,,Direct
34,ZYJM27,Yaojiamu,陕西周原姚家墓地,107.88,34.49,659,low,3000-2000,3000,2000,3,5,-5.55700016,29.37599945,5,117,0,0.05,,,43.34,,,,,,Direct
34,ZYJM88,Yaojiamu,陕西周原姚家墓地,107.88,34.49,659,low,3000-2000,3000,2000,3,5,-5.55700016,29.37599945,5,117,0,0.05,,,45.07,351.25,,,,,Direct
34,ZYJM107,Yaojiamu,陕西周原姚家墓地,107.88,34.49,659,low,3000-2000,3000,2000,3,5,-5.55700016,29.37599945,5,117,0,0.05,,,46.29,,,,,,Direct
34,ZYJM16,Yaojiamu,陕西周原姚家墓地,107.88,34.49,659,low,3000-2000,3000,2000,3,5,-5.55700016,29.37599945,5,117,1,0.95,,,41.86,,,,,,Direct
34,ZYJM22,Yaojiamu,陕西周原姚家墓地,107.88,34.49,659,low,3000-2000,3000,2000,3,5,-5.55700016,29.37599945,5,117,1,0.95,,,39.95,,,,,,Direct
34,ZYJM98-2,Yaojiamu,陕西周原姚家墓地,107.88,34.49,659,low,3000-2000,3000,2000,3,5,-5.55700016,29.37599945,5,117,1,0.95,,,,,,,,,Direct
34,ZYJM103-2,Yaojiamu,陕西周原姚家墓地,107.88,34.49,659,low,3000-2000,3000,2000,3,5,-5.55700016,29.37599945,5,117,1,0.95,,,,,,,,,Direct
34,ZYJM109,Yaojiamu,陕西周原姚家墓地,107.88,34.49,659,low,3000-2000,3000,2000,3,5,-5.55700016,29.37599945,5,117,1,0.95,,,40.32,,,,,,Direct
34,ZYJM125,Yaojiamu,陕西周原姚家墓地,107.88,34.49,659,low,3000-2000,3000,2000,3,5,-5.55700016,29.37599945,5,117,1,0.95,,,52.54,,,,,,Direct
34,ZYJM132-2,Yaojiamu,陕西周原姚家墓地,107.88,34.49,659,low,3000-2000,3000,2000,3,5,-5.55700016,29.37599945,5,117,1,0.95,403.5,399.9255,,328.5,,,,82.14029863,Direct
34,ZYJM124-2,Yaojiamu,陕西周原姚家墓地,107.88,34.49,659,low,3000-2000,3000,2000,3,5,-5.55700016,29.37599945,5,117,1,0.95,418,414.353,,,,,,,Direct
34,ZYJM7-2,Yaojiamu,陕西周原姚家墓地,107.88,34.49,659,low,3000-2000,3000,2000,3,5,-5.55700016,29.37599945,5,117,1,0.95,,,,324,,,,,Direct
35,MTKM1005:1,Matengkong,陕西马腾空,109,33.42,1047,low,3000-2000,3000,2000,3,5,-4.418000221,26.41500092,7,139,0,0.05,424,420.323,46,,,,,,Direct
35,MTKM1023,Matengkong,陕西马腾空,109,33.42,1047,low,3000-2000,3000,2000,3,5,-4.418000221,26.41500092,7,139,0,0.05,420.5,416.8405,45.37,,,,,,Direct
35,MTKM1024,Matengkong,陕西马腾空,109,33.42,1047,low,3000-2000,3000,2000,3,5,-4.418000221,26.41500092,7,139,0,0.05,483,479.028,47.85,,,,,,Direct
35,MTKM1026,Matengkong,陕西马腾空,109,33.42,1047,low,3000-2000,3000,2000,3,5,-4.418000221,26.41500092,7,139,0,0.05,,,47.265,,,,,,Direct
35,MTKM1072,Matengkong,陕西马腾空,109,33.42,1047,low,3000-2000,3000,2000,3,5,-4.418000221,26.41500092,7,139,0,0.05,502.5,498.4305,52.94,,,,,,Direct
35,MTKM1106,Matengkong,陕西马腾空,109,33.42,1047,low,3000-2000,3000,2000,3,5,-4.418000221,26.41500092,7,139,0,0.05,412.5,408.8805,45.66,,,,,,Direct
35,MTKM1260,Matengkong,陕西马腾空,109,33.42,1047,low,3000-2000,3000,2000,3,5,-4.418000221,26.41500092,7,139,0,0.05,463,459.128,51,,,,,,Direct
35,MTKM1005:2,Matengkong,陕西马腾空,109,33.42,1047,low,3000-2000,3000,2000,3,5,-4.418000221,26.41500092,7,139,1,0.95,403,399.428,43.98,,,,,,Direct
35,MTKM1036,Matengkong,陕西马腾空,109,33.42,1047,low,3000-2000,3000,2000,3,5,-4.418000221,26.41500092,7,139,1,0.95,398.5,394.9505,43.83,,,,,,Direct
35,MTKM1046,Matengkong,陕西马腾空,109,33.42,1047,low,3000-2000,3000,2000,3,5,-4.418000221,26.41500092,7,139,1,0.95,407,403.408,43.78,,,,,,Direct
35,MTKM1057,Matengkong,陕西马腾空,109,33.42,1047,low,3000-2000,3000,2000,3,5,-4.418000221,26.41500092,7,139,1,0.95,405,401.418,39.455,,,,,,Direct
35,MTKM1059,Matengkong,陕西马腾空,109,33.42,1047,low,3000-2000,3000,2000,3,5,-4.418000221,26.41500092,7,139,1,0.95,404,400.423,43.7,,,,,,Direct
35,MTKM1071,Matengkong,陕西马腾空,109,33.42,1047,low,3000-2000,3000,2000,3,5,-4.418000221,26.41500092,7,139,1,0.95,,,42.08,,,,,,Direct
35,MTKM1126,Matengkong,陕西马腾空,109,33.42,1047,low,3000-2000,3000,2000,3,5,-4.418000221,26.41500092,7,139,1,0.95,401,397.438,42.26,,,,,,Direct
35,MTKM1133,Matengkong,陕西马腾空,109,33.42,1047,low,3000-2000,3000,2000,3,5,-4.418000221,26.41500092,7,139,1,0.95,,,42.16,,,,,,Direct
35,MTKM1243,Matengkong,陕西马腾空,109,33.42,1047,low,3000-2000,3000,2000,3,5,-4.418000221,26.41500092,7,139,1,0.95,403,399.428,,,,,,,Direct
36,TCZM305,Tuchengzi_1,土城子_1,112,41,1449,low,2481-2221,2481,2221,3,6,-20.61400032,25.62599945,2,77,0,0.05,450,446.193,,,,,,,Direct
36,TCZM366,Tuchengzi_1,土城子_1,112,41,1449,low,2481-2221,2481,2221,3,6,-20.61400032,25.62599945,2,77,0,0.05,419.5,415.8455,,,,,,,Direct
36,TCZM282,Tuchengzi_1,土城子_1,112,41,1449,low,2481-2221,2481,2221,3,6,-20.61400032,25.62599945,2,77,0,0.05,432.5,428.7805,,345,,,,80.46074856,Direct
36,TCZM37,Tuchengzi_1,土城子_1,112,41,1449,low,2481-2221,2481,2221,3,6,-20.61400032,25.62599945,2,77,0,0.05,455,451.168,,365,,,,80.90112774,Direct
36,TCZM207,Tuchengzi_1,土城子_1,112,41,1449,low,2481-2221,2481,2221,3,6,-20.61400032,25.62599945,2,77,0,0.05,415,411.368,,,,,,,Direct
36,TCZM219,Tuchengzi_1,土城子_1,112,41,1449,low,2481-2221,2481,2221,3,6,-20.61400032,25.62599945,2,77,0,0.05,427.5,423.8055,,,,,,,Direct
36,TCZM182,Tuchengzi_1,土城子_1,112,41,1449,low,2481-2221,2481,2221,3,6,-20.61400032,25.62599945,2,77,0,0.05,427.5,423.8055,,,,,,,Direct
36,TCZM217,Tuchengzi_1,土城子_1,112,41,1449,low,2481-2221,2481,2221,3,6,-20.61400032,25.62599945,2,77,0,0.05,405,401.418,,,,,,,Direct
36,TCZM185,Tuchengzi_1,土城子_1,112,41,1449,low,2481-2221,2481,2221,3,6,-20.61400032,25.62599945,2,77,0,0.05,442.5,438.7305,,,,,,,Direct
36,TCZM162,Tuchengzi_1,土城子_1,112,41,1449,low,2481-2221,2481,2221,3,6,-20.61400032,25.62599945,2,77,0,0.05,445,441.218,,354.5,,,,80.34577012,Direct
36,TCZM301,Tuchengzi_1,土城子_1,112,41,1449,low,2481-2221,2481,2221,3,6,-20.61400032,25.62599945,2,77,0,0.05,454,450.173,,360,,,,79.96925626,Direct
36,TCZM92,Tuchengzi_1,土城子_1,112,41,1449,low,2481-2221,2481,2221,3,6,-20.61400032,25.62599945,2,77,0,0.05,395,391.468,,,,,,,Direct
36,TCZM395,Tuchengzi_1,土城子_1,112,41,1449,low,2481-2221,2481,2221,3,6,-20.61400032,25.62599945,2,77,0,0.05,450,446.193,,,,,,,Direct
36,TCZM309,Tuchengzi_1,土城子_1,112,41,1449,low,2481-2221,2481,2221,3,6,-20.61400032,25.62599945,2,77,0,0.05,416.5,412.8605,,350,,,,84.77439716,Direct
36,TCZM120,Tuchengzi_1,土城子_1,112,41,1449,low,2481-2221,2481,2221,3,6,-20.61400032,25.62599945,2,77,0,0.05,457.5,453.6555,,385,,,,84.86615945,Direct
36,TCZM288,Tuchengzi_1,土城子_1,112,41,1449,low,2481-2221,2481,2221,3,6,-20.61400032,25.62599945,2,77,0,0.05,440,436.243,,,,,,,Direct
36,TCZM320,Tuchengzi_1,土城子_1,112,41,1449,low,2481-2221,2481,2221,3,6,-20.61400032,25.62599945,2,77,0,0.05,410,406.393,,,,,,,Direct
36,TCZM303,Tuchengzi_1,土城子_1,112,41,1449,low,2481-2221,2481,2221,3,6,-20.61400032,25.62599945,2,77,0,0.05,468.5,464.6005,,,,,,,Direct
36,TCZM390,Tuchengzi_1,土城子_1,112,41,1449,low,2481-2221,2481,2221,3,6,-20.61400032,25.62599945,2,77,0,0.05,415,411.368,,352.5,,,,85.68969876,Direct
36,TCZM256,Tuchengzi_1,土城子_1,112,41,1449,low,2481-2221,2481,2221,3,6,-20.61400032,25.62599945,2,77,0,0.05,455,451.168,,375,,,,83.11759699,Direct
36,TCZM229,Tuchengzi_1,土城子_1,112,41,1449,low,2481-2221,2481,2221,3,6,-20.61400032,25.62599945,2,77,0,0.05,422.5,418.8305,,340,,,,81.17842421,Direct
36,TCZM245,Tuchengzi_1,土城子_1,112,41,1449,low,2481-2221,2481,2221,3,6,-20.61400032,25.62599945,2,77,0,0.05,450,446.193,,365,,,,81.80316589,Direct
36,TCZM315,Tuchengzi_1,土城子_1,112,41,1449,low,2481-2221,2481,2221,3,6,-20.61400032,25.62599945,2,77,0,0.05,442.5,438.7305,,362.5,,,,82.62475483,Direct
36,TCZM176,Tuchengzi_1,土城子_1,112,41,1449,low,2481-2221,2481,2221,3,6,-20.61400032,25.62599945,2,77,0,0.05,412.5,408.8805,,,,,,,Direct
36,TCZM168,Tuchengzi_1,土城子_1,112,41,1449,low,2481-2221,2481,2221,3,6,-20.61400032,25.62599945,2,77,0,0.05,437.5,433.7555,,,,,,,Direct
36,TCZM354,Tuchengzi_1,土城子_1,112,41,1449,low,2481-2221,2481,2221,3,6,-20.61400032,25.62599945,2,77,0,0.05,440,436.243,,367.5,,,,84.24203941,Direct
36,TCZM324,Tuchengzi_1,土城子_1,112,41,1449,low,2481-2221,2481,2221,3,6,-20.61400032,25.62599945,2,77,0,0.05,455,451.168,,,,,,,Direct
36,TCZM409,Tuchengzi_1,土城子_1,112,41,1449,low,2481-2221,2481,2221,3,6,-20.61400032,25.62599945,2,77,0,0.05,430,426.293,,355,,,,83.27605661,Direct
36,TCZM249,Tuchengzi_1,土城子_1,112,41,1449,low,2481-2221,2481,2221,3,6,-20.61400032,25.62599945,2,77,0,0.05,455,451.168,,,,,,,Direct
36,TCZM339,Tuchengzi_1,土城子_1,112,41,1449,low,2481-2221,2481,2221,3,6,-20.61400032,25.62599945,2,77,0,0.05,410,406.393,,,,,,,Direct
36,TCZM343,Tuchengzi_1,土城子_1,112,41,1449,low,2481-2221,2481,2221,3,6,-20.61400032,25.62599945,2,77,0,0.05,445,441.218,,,,,,,Direct
36,TCZM290,Tuchengzi_1,土城子_1,112,41,1449,low,2481-2221,2481,2221,3,6,-20.61400032,25.62599945,2,77,0,0.05,445,441.218,,360,,,,81.59231944,Direct
36,TCZM310,Tuchengzi_1,土城子_1,112,41,1449,low,2481-2221,2481,2221,3,6,-20.61400032,25.62599945,2,77,0,0.05,,,,360,,,,,Direct
36,TCZM293,Tuchengzi_1,土城子_1,112,41,1449,low,2481-2221,2481,2221,3,6,-20.61400032,25.62599945,2,77,0,0.05,420,416.343,,,,,,,Direct
36,TCZM389,Tuchengzi_1,土城子_1,112,41,1449,low,2481-2221,2481,2221,3,6,-20.61400032,25.62599945,2,77,0,0.05,425,421.318,,345,,,,81.88589142,Direct
36,TCZM279,Tuchengzi_1,土城子_1,112,41,1449,low,2481-2221,2481,2221,3,6,-20.61400032,25.62599945,2,77,0,0.05,440,436.243,,,,,,,Direct
36,TCZM251,Tuchengzi_1,土城子_1,112,41,1449,low,2481-2221,2481,2221,3,6,-20.61400032,25.62599945,2,77,0,0.05,452.5,448.6805,,,,,,,Direct
36,TCZM379,Tuchengzi_1,土城子_1,112,41,1449,low,2481-2221,2481,2221,3,6,-20.61400032,25.62599945,2,77,0,0.05,440,436.243,,,,,,,Direct
36,TCZM0,Tuchengzi_1,土城子_1,112,41,1449,low,2481-2221,2481,2221,3,6,-20.61400032,25.62599945,2,77,0,0.05,431,427.288,,,,,,,Direct
36,TCZM188,Tuchengzi_1,土城子_1,112,41,1449,low,2481-2221,2481,2221,3,6,-20.61400032,25.62599945,2,77,0,0.05,440,436.243,,355,,,,81.37666392,Direct
36,TCZM266,Tuchengzi_1,土城子_1,112,41,1449,low,2481-2221,2481,2221,3,6,-20.61400032,25.62599945,2,77,0,0.05,417.5,413.8555,,,,,,,Direct
36,TCZM30,Tuchengzi_1,土城子_1,112,41,1449,low,2481-2221,2481,2221,3,6,-20.61400032,25.62599945,2,77,0,0.05,415,411.368,,335,,,,81.43560024,Direct
36,TCZM239,Tuchengzi_1,土城子_1,112,41,1449,low,2481-2221,2481,2221,3,6,-20.61400032,25.62599945,2,77,0,0.05,430,426.293,,355,,,,83.27605661,Direct
36,TCZM100,Tuchengzi_1,土城子_1,112,41,1449,low,2481-2221,2481,2221,3,6,-20.61400032,25.62599945,2,77,0,0.05,435,431.268,,,,,,,Direct
36,TCZM89,Tuchengzi_1,土城子_1,112,41,1449,low,2481-2221,2481,2221,3,6,-20.61400032,25.62599945,2,77,0,0.05,445,441.218,,365,,,,82.7255461,Direct
36,TCZM373,Tuchengzi_1,土城子_1,112,41,1449,low,2481-2221,2481,2221,3,6,-20.61400032,25.62599945,2,77,0,0.05,,,,364,,,,,Direct
36,TCZM400,Tuchengzi_1,土城子_1,112,41,1449,low,2481-2221,2481,2221,3,6,-20.61400032,25.62599945,2,77,0,0.05,,,,342.5,,,,,Direct
36,TCZM363,Tuchengzi_1,土城子_1,112,41,1449,low,2481-2221,2481,2221,3,6,-20.61400032,25.62599945,2,77,0,0.05,,,,372.5,,,,,Direct
36,TCZM218,Tuchengzi_1,土城子_1,112,41,1449,low,2481-2221,2481,2221,3,6,-20.61400032,25.62599945,2,77,1,0.95,395,391.468,,,,,,,Direct
36,TCZM307,Tuchengzi_1,土城子_1,112,41,1449,low,2481-2221,2481,2221,3,6,-20.61400032,25.62599945,2,77,1,0.95,390,386.493,,335.5,,,,86.80622935,Direct
36,TCZM336,Tuchengzi_1,土城子_1,112,41,1449,low,2481-2221,2481,2221,3,6,-20.61400032,25.62599945,2,77,1,0.95,400,396.443,,312.5,,,,78.82595985,Direct
36,TCZM275,Tuchengzi_1,土城子_1,112,41,1449,low,2481-2221,2481,2221,3,6,-20.61400032,25.62599945,2,77,1,0.95,372.5,369.0805,,,,,,,Direct
36,TCZM338,Tuchengzi_1,土城子_1,112,41,1449,low,2481-2221,2481,2221,3,6,-20.61400032,25.62599945,2,77,1,0.95,380,376.543,,300,,,,79.67217555,Direct
36,TCZM302,Tuchengzi_1,土城子_1,112,41,1449,low,2481-2221,2481,2221,3,6,-20.61400032,25.62599945,2,77,1,0.95,435,431.268,,360,,,,83.4747767,Direct
36,TCZM391,Tuchengzi_1,土城子_1,112,41,1449,low,2481-2221,2481,2221,3,6,-20.61400032,25.62599945,2,77,1,0.95,402.5,398.9305,,325,,,,81.4678246,Direct
36,TCZM322,Tuchengzi_1,土城子_1,112,41,1449,low,2481-2221,2481,2221,3,6,-20.61400032,25.62599945,2,77,1,0.95,405,401.418,,320,,,,79.71740181,Direct
36,TCZM407,Tuchengzi_1,土城子_1,112,41,1449,low,2481-2221,2481,2221,3,6,-20.61400032,25.62599945,2,77,1,0.95,405,401.418,,332.5,,,,82.83136282,Direct
36,TCZM300,Tuchengzi_1,土城子_1,112,41,1449,low,2481-2221,2481,2221,3,6,-20.61400032,25.62599945,2,77,1,0.95,395,391.468,,320,,,,81.74359079,Direct
36,TCZM189,Tuchengzi_1,土城子_1,112,41,1449,low,2481-2221,2481,2221,3,6,-20.61400032,25.62599945,2,77,1,0.95,382.5,379.0305,,,,,,,Direct
36,TCZM237,Tuchengzi_1,土城子_1,112,41,1449,low,2481-2221,2481,2221,3,6,-20.61400032,25.62599945,2,77,1,0.95,380,376.543,,,,,,,Direct
36,TCZM178,Tuchengzi_1,土城子_1,112,41,1449,low,2481-2221,2481,2221,3,6,-20.61400032,25.62599945,2,77,1,0.95,405,401.418,,327.5,,,,81.58577842,Direct
36,TCZM190,Tuchengzi_1,土城子_1,112,41,1449,low,2481-2221,2481,2221,3,6,-20.61400032,25.62599945,2,77,1,0.95,400,396.443,,,,,,,Direct
36,TCZM125,Tuchengzi_1,土城子_1,112,41,1449,low,2481-2221,2481,2221,3,6,-20.61400032,25.62599945,2,77,1,0.95,407.5,403.9055,,,,,,,Direct
36,TCZM319,Tuchengzi_1,土城子_1,112,41,1449,low,2481-2221,2481,2221,3,6,-20.61400032,25.62599945,2,77,1,0.95,385,381.518,,305,,,,79.94380344,Direct
36,TCZM299,Tuchengzi_1,土城子_1,112,41,1449,low,2481-2221,2481,2221,3,6,-20.61400032,25.62599945,2,77,1,0.95,410,406.393,,,,,,,Direct
36,TCZM103,Tuchengzi_1,土城子_1,112,41,1449,low,2481-2221,2481,2221,3,6,-20.61400032,25.62599945,2,77,1,0.95,432.5,428.7805,,362,,,,84.4254811,Direct
36,TCZM346,Tuchengzi_1,土城子_1,112,41,1449,low,2481-2221,2481,2221,3,6,-20.61400032,25.62599945,2,77,1,0.95,400,396.443,,318.5,,,,80.33941828,Direct
36,TCZM341,Tuchengzi_1,土城子_1,112,41,1449,low,2481-2221,2481,2221,3,6,-20.61400032,25.62599945,2,77,1,0.95,417.5,413.8555,,,,,,,Direct
36,TCZM402,Tuchengzi_1,土城子_1,112,41,1449,low,2481-2221,2481,2221,3,6,-20.61400032,25.62599945,2,77,1,0.95,,,,315,,,,,Direct
36,TCZM403,Tuchengzi_1,土城子_1,112,41,1449,low,2481-2221,2481,2221,3,6,-20.61400032,25.62599945,2,77,1,0.95,,,,365,,,,,Direct
37,DTHM12,Dongtouhao,内蒙古东头号,112.12,40.25,1282,low,3000-2000,3000,2000,3,6,-20.59000015,26.51799965,3,93,0,0.05,436,434.5,42.18,357,,,,82.16340621,Direct
37,DTHM13,Dongtouhao,内蒙古东头号,112.12,40.25,1282,low,3000-2000,3000,2000,3,6,-20.59000015,26.51799965,3,93,0,0.05,434,428,47.19,345.5,312.5,244.5,78.24,80.72429907,Direct
37,DTHM15,Dongtouhao,内蒙古东头号,112.12,40.25,1282,low,3000-2000,3000,2000,3,6,-20.59000015,26.51799965,3,93,0,0.05,496,495,50,402.5,349,269.5,77.22063037,81.31313131,Direct
37,DTHM23,Dongtouhao,内蒙古东头号,112.12,40.25,1282,low,3000-2000,3000,2000,3,6,-20.59000015,26.51799965,3,93,0,0.05,430,427.5,44.59,348,313,235.5,75.23961661,81.40350877,Direct
37,DTHM28,Dongtouhao,内蒙古东头号,112.12,40.25,1282,low,3000-2000,3000,2000,3,6,-20.59000015,26.51799965,3,93,0,0.05,445.5,441.5,47.18,360.5,329,245.5,74.62006079,81.65345413,Direct
37,DTHM30,Dongtouhao,内蒙古东头号,112.12,40.25,1282,low,3000-2000,3000,2000,3,6,-20.59000015,26.51799965,3,93,0,0.05,409.5,405,43.58,342.5,,226.25,,84.56790123,Direct
37,DTHM31,Dongtouhao,内蒙古东头号,112.12,40.25,1282,low,3000-2000,3000,2000,3,6,-20.59000015,26.51799965,3,93,0,0.05,415,414.5,43.06,342,301,229,76.07973422,82.50904704,Direct
37,DTHM32,Dongtouhao,内蒙古东头号,112.12,40.25,1282,low,3000-2000,3000,2000,3,6,-20.59000015,26.51799965,3,93,0,0.05,427.5,422.5,44.05,355.5,302.5,234,77.3553719,84.14201183,Direct
37,DTHM33,Dongtouhao,内蒙古东头号,112.12,40.25,1282,low,3000-2000,3000,2000,3,6,-20.59000015,26.51799965,3,93,0,0.05,468,462.5,45.55,358,324.5,244.5,75.34668721,77.40540541,Direct
37,DTHM38,Dongtouhao,内蒙古东头号,112.12,40.25,1282,low,3000-2000,3000,2000,3,6,-20.59000015,26.51799965,3,93,0,0.05,457,456.5,47.5,369.5,327,254.5,77.82874618,80.94194962,Direct
37,DTHM1,Dongtouhao,内蒙古东头号,112.12,40.25,1282,low,3000-2000,3000,2000,3,6,-20.59000015,26.51799965,3,93,1,0.95,396,392,40.88,,282,215,76.24113475,,Direct
37,DTHM8,Dongtouhao,内蒙古东头号,112.12,40.25,1282,low,3000-2000,3000,2000,3,6,-20.59000015,26.51799965,3,93,1,0.95,424.5,411,39.28,344.5,272,233,85.66176471,83.81995134,Direct
37,DTHM29,Dongtouhao,内蒙古东头号,112.12,40.25,1282,low,3000-2000,3000,2000,3,6,-20.59000015,26.51799965,3,93,1,0.95,397.5,392,35.86,320,285,213.5,74.9122807,81.63265306,Direct
37,DTHM40,Dongtouhao,内蒙古东头号,112.12,40.25,1282,low,3000-2000,3000,2000,3,6,-20.59000015,26.51799965,3,93,1,0.95,381.5,378.5,34.61,309,239.5,206.5,86.22129436,81.63804491,Direct
38,2009ZNHBM154,Chuanzhang,内蒙古川掌,110.1,39.6,1379,low,3000-2000,3000,2000,3,6,-18.01199913,27.73600006,4,104,0,0.05,437,433.258,,350.5,,,,80.89867931,Direct
38,2009ZNHBM41,Chuanzhang,内蒙古川掌,110.1,39.6,1379,low,3000-2000,3000,2000,3,6,-18.01199913,27.73600006,4,104,0,0.05,410.5,406.8905,,,,,,,Direct
38,2009ZNHBM32 ,Chuanzhang,内蒙古川掌,110.1,39.6,1379,low,3000-2000,3000,2000,3,6,-18.01199913,27.73600006,4,104,0,0.05,453.5,449.6755,,361.5,,241,,80.3913044,Direct
38,2009ZNHBM326 ,Chuanzhang,内蒙古川掌,110.1,39.6,1379,low,3000-2000,3000,2000,3,6,-18.01199913,27.73600006,4,104,0,0.05,454.5,450.6705,,363.5,330,250.5,75.90909091,80.65759796,Direct
38,2009ZNHBM291,Chuanzhang,内蒙古川掌,110.1,39.6,1379,low,3000-2000,3000,2000,3,6,-18.01199913,27.73600006,4,104,0,0.05,445,441.218,,,,,,,Direct
38,2009ZNHBM289,Chuanzhang,内蒙古川掌,110.1,39.6,1379,low,3000-2000,3000,2000,3,6,-18.01199913,27.73600006,4,104,0,0.05,431,427.288,,343,294.5,228,77.41935484,80.27372639,Direct
38,2009ZNHBM288 ,Chuanzhang,内蒙古川掌,110.1,39.6,1379,low,3000-2000,3000,2000,3,6,-18.01199913,27.73600006,4,104,0,0.05,429,425.298,,336.5,296,,,79.12099281,Direct
38,2009ZNHBM313,Chuanzhang,内蒙古川掌,110.1,39.6,1379,low,3000-2000,3000,2000,3,6,-18.01199913,27.73600006,4,104,0,0.05,451,447.188,,353,,,,78.93771747,Direct
38,2009ZNHBM285,Chuanzhang,内蒙古川掌,110.1,39.6,1379,low,3000-2000,3000,2000,3,6,-18.01199913,27.73600006,4,104,0,0.05,456,452.163,,356,320,243,75.9375,78.73266941,Direct
38,2009ZNHBM294,Chuanzhang,内蒙古川掌,110.1,39.6,1379,low,3000-2000,3000,2000,3,6,-18.01199913,27.73600006,4,104,0,0.05,463,459.128,,,,,,,Direct
38,2009ZNHBM296 ,Chuanzhang,内蒙古川掌,110.1,39.6,1379,low,3000-2000,3000,2000,3,6,-18.01199913,27.73600006,4,104,0,0.05,427.5,423.8055,,353,,,,83.29292565,Direct
38,2009ZNHBM297,Chuanzhang,内蒙古川掌,110.1,39.6,1379,low,3000-2000,3000,2000,3,6,-18.01199913,27.73600006,4,104,0,0.05,424,420.323,,346.5,,,,82.43660233,Direct
38,2009ZNHBM319,Chuanzhang,内蒙古川掌,110.1,39.6,1379,low,3000-2000,3000,2000,3,6,-18.01199913,27.73600006,4,104,0,0.05,437,433.258,,340,307,,,78.47518107,Direct
38,2009ZNHBM318B,Chuanzhang,内蒙古川掌,110.1,39.6,1379,low,3000-2000,3000,2000,3,6,-18.01199913,27.73600006,4,104,0,0.05,406.5,402.9105,,341,,,,84.63418054,Direct
38,2009ZNHBM327,Chuanzhang,内蒙古川掌,110.1,39.6,1379,low,3000-2000,3000,2000,3,6,-18.01199913,27.73600006,4,104,0,0.05,482,478.033,,397.5,343,,,83.15325511,Direct
38,2009ZNDSM43 ,Chuanzhang,内蒙古川掌,110.1,39.6,1379,low,3000-2000,3000,2000,3,6,-18.01199913,27.73600006,4,104,0,0.05,483,479.028,,,321,,,,Direct
38,2009ZNDSM44A,Chuanzhang,内蒙古川掌,110.1,39.6,1379,low,3000-2000,3000,2000,3,6,-18.01199913,27.73600006,4,104,0,0.05,462.5,458.6305,,373,,,,81.32908736,Direct
38,2009ZNDSM45,Chuanzhang,内蒙古川掌,110.1,39.6,1379,low,3000-2000,3000,2000,3,6,-18.01199913,27.73600006,4,104,0,0.05,455,451.168,,371,319.5,240,75.11737089,82.23100929,Direct
38,2009ZNDSM22,Chuanzhang,内蒙古川掌,110.1,39.6,1379,low,3000-2000,3000,2000,3,6,-18.01199913,27.73600006,4,104,0,0.05,407,403.408,,,,,,,Direct
38,2009ZNDSM8,Chuanzhang,内蒙古川掌,110.1,39.6,1379,low,3000-2000,3000,2000,3,6,-18.01199913,27.73600006,4,104,0,0.05,392,388.483,,,,,,,Direct
38,2009ZNDSM29,Chuanzhang,内蒙古川掌,110.1,39.6,1379,low,3000-2000,3000,2000,3,6,-18.01199913,27.73600006,4,104,0,0.05,457.5,453.6555,,370.5,330,250,75.75757576,81.6699015,Direct
38,2009ZNDSM30,Chuanzhang,内蒙古川掌,110.1,39.6,1379,low,3000-2000,3000,2000,3,6,-18.01199913,27.73600006,4,104,0,0.05,,,,352,,,,,Direct
38,2009ZNDSM19,Chuanzhang,内蒙古川掌,110.1,39.6,1379,low,3000-2000,3000,2000,3,6,-18.01199913,27.73600006,4,104,0,0.05,,,,,328,243,74.08536585,,Direct
38,2009ZNDSM3,Chuanzhang,内蒙古川掌,110.1,39.6,1379,low,3000-2000,3000,2000,3,6,-18.01199913,27.73600006,4,104,0,0.05,444.5,440.7205,,357,328,243,74.08536585,81.00372004,Direct
38,2009ZNDSM38,Chuanzhang,内蒙古川掌,110.1,39.6,1379,low,3000-2000,3000,2000,3,6,-18.01199913,27.73600006,4,104,0,0.05,442.5,438.7305,,,309,,,,Direct
38,2009ZNDSM33,Chuanzhang,内蒙古川掌,110.1,39.6,1379,low,3000-2000,3000,2000,3,6,-18.01199913,27.73600006,4,104,0,0.05,,,,385.5,,,,,Direct
38,2009ZNDSM36B,Chuanzhang,内蒙古川掌,110.1,39.6,1379,low,3000-2000,3000,2000,3,6,-18.01199913,27.73600006,4,104,0,0.05,408,404.403,,,291,214,73.5395189,,Direct
38,2009ZNDSM15,Chuanzhang,内蒙古川掌,110.1,39.6,1379,low,3000-2000,3000,2000,3,6,-18.01199913,27.73600006,4,104,0,0.05,434,430.273,,,,,,,Direct
38,2009ZNDSM21,Chuanzhang,内蒙古川掌,110.1,39.6,1379,low,3000-2000,3000,2000,3,6,-18.01199913,27.73600006,4,104,0,0.05,385.5,382.0155,,,,,,,Direct
38,2009ZNDSM32,Chuanzhang,内蒙古川掌,110.1,39.6,1379,low,3000-2000,3000,2000,3,6,-18.01199913,27.73600006,4,104,0,0.05,424.5,420.8205,,,,,,,Direct
38,2009ZNDSM18,Chuanzhang,内蒙古川掌,110.1,39.6,1379,low,3000-2000,3000,2000,3,6,-18.01199913,27.73600006,4,104,0,0.05,,,,336,298,228,76.51006711,,Direct
38,2009ZNDSM6,Chuanzhang,内蒙古川掌,110.1,39.6,1379,low,3000-2000,3000,2000,3,6,-18.01199913,27.73600006,4,104,0,0.05,424,420.323,,,,,,,Direct
38,2009ZNDSM31 ,Chuanzhang,内蒙古川掌,110.1,39.6,1379,low,3000-2000,3000,2000,3,6,-18.01199913,27.73600006,4,104,0,0.05,424,420.323,,350,308.5,241,78.11993517,83.26929528,Direct
38,2009ZNHBM91,Chuanzhang,内蒙古川掌,110.1,39.6,1379,low,3000-2000,3000,2000,3,6,-18.01199913,27.73600006,4,104,0,0.05,484,480.023,,393,337,253,75.07418398,81.87107701,Direct
38,2009ZNHBM275 ,Chuanzhang,内蒙古川掌,110.1,39.6,1379,low,3000-2000,3000,2000,3,6,-18.01199913,27.73600006,4,104,0,0.05,449,445.198,,348,311,239,76.8488746,78.16746706,Direct
38,2009ZNHBM67,Chuanzhang,内蒙古川掌,110.1,39.6,1379,low,3000-2000,3000,2000,3,6,-18.01199913,27.73600006,4,104,0,0.05,446,442.213,,367,313.5,250,79.74481659,82.99168048,Direct
38,2009ZNHBM117 ,Chuanzhang,内蒙古川掌,110.1,39.6,1379,low,3000-2000,3000,2000,3,6,-18.01199913,27.73600006,4,104,0,0.05,456,452.163,,371.5,,246,,82.16063676,Direct
38,2009ZNHBM236 ,Chuanzhang,内蒙古川掌,110.1,39.6,1379,low,3000-2000,3000,2000,3,6,-18.01199913,27.73600006,4,104,0,0.05,420,416.343,,343,289,235,81.31487889,82.38399589,Direct
38,2009ZNHBM248,Chuanzhang,内蒙古川掌,110.1,39.6,1379,low,3000-2000,3000,2000,3,6,-18.01199913,27.73600006,4,104,0,0.05,387.5,384.0055,,311,276,215,77.89855072,80.98842334,Direct
38,2009ZNHBM247,Chuanzhang,内蒙古川掌,110.1,39.6,1379,low,3000-2000,3000,2000,3,6,-18.01199913,27.73600006,4,104,0,0.05,498,493.953,,413,338,277,81.95266272,83.61119378,Direct
38,2009ZNHBM181,Chuanzhang,内蒙古川掌,110.1,39.6,1379,low,3000-2000,3000,2000,3,6,-18.01199913,27.73600006,4,104,0,0.05,444.5,440.7205,,372.5,305.5,243.5,79.70540098,84.52068828,Direct
38,2009ZNHBM20,Chuanzhang,内蒙古川掌,110.1,39.6,1379,low,3000-2000,3000,2000,3,6,-18.01199913,27.73600006,4,104,0,0.05,425.5,421.8155,,347.5,298.5,,,82.38198928,Direct
38,2009ZNHBM256 ,Chuanzhang,内蒙古川掌,110.1,39.6,1379,low,3000-2000,3000,2000,3,6,-18.01199913,27.73600006,4,104,0,0.05,426,422.313,,,,237,,,Direct
38,2009ZNHBM263,Chuanzhang,内蒙古川掌,110.1,39.6,1379,low,3000-2000,3000,2000,3,6,-18.01199913,27.73600006,4,104,0,0.05,435,431.268,,355,,,,82.31540481,Direct
38,2009ZNHBM176,Chuanzhang,内蒙古川掌,110.1,39.6,1379,low,3000-2000,3000,2000,3,6,-18.01199913,27.73600006,4,104,0,0.05,442.5,438.7305,,366,,243.5,,83.42251109,Direct
38,2009ZNHBM153B,Chuanzhang,内蒙古川掌,110.1,39.6,1379,low,3000-2000,3000,2000,3,6,-18.01199913,27.73600006,4,104,0,0.05,465.5,461.6155,,372,333.5,259,77.66116942,80.58654876,Direct
38,2009ZNHBM151,Chuanzhang,内蒙古川掌,110.1,39.6,1379,low,3000-2000,3000,2000,3,6,-18.01199913,27.73600006,4,104,0,0.05,428.5,424.8005,,344,298,237,79.53020134,80.97918905,Direct
38,2009ZNHBM150,Chuanzhang,内蒙古川掌,110.1,39.6,1379,low,3000-2000,3000,2000,3,6,-18.01199913,27.73600006,4,104,0,0.05,445,441.218,,357,311,241,77.49196141,80.91238345,Direct
38,2009ZNHBM84 ,Chuanzhang,内蒙古川掌,110.1,39.6,1379,low,3000-2000,3000,2000,3,6,-18.01199913,27.73600006,4,104,0,0.05,418,414.353,,328,296,,,79.15955719,Direct
38,2009ZNHBM166,Chuanzhang,内蒙古川掌,110.1,39.6,1379,low,3000-2000,3000,2000,3,6,-18.01199913,27.73600006,4,104,0,0.05,415,411.368,,341,,,,82.89414831,Direct
38,2009ZNHBM85,Chuanzhang,内蒙古川掌,110.1,39.6,1379,low,3000-2000,3000,2000,3,6,-18.01199913,27.73600006,4,104,0,0.05,,,,343,,,,,Direct
38,2009ZNHBM213 ,Chuanzhang,内蒙古川掌,110.1,39.6,1379,low,3000-2000,3000,2000,3,6,-18.01199913,27.73600006,4,104,0,0.05,442,438.233,,358,314,,,81.69170282,Direct
38,2009ZNHBM220,Chuanzhang,内蒙古川掌,110.1,39.6,1379,low,3000-2000,3000,2000,3,6,-18.01199913,27.73600006,4,104,0,0.05,,,,,,,,,Direct
38,2009ZNHBM146 ,Chuanzhang,内蒙古川掌,110.1,39.6,1379,low,3000-2000,3000,2000,3,6,-18.01199913,27.73600006,4,104,0,0.05,435,431.268,,355.5,308,,,82.431342,Direct
38,2009ZNHBM37,Chuanzhang,内蒙古川掌,110.1,39.6,1379,low,3000-2000,3000,2000,3,6,-18.01199913,27.73600006,4,104,0,0.05,,,,352.5,,,,,Direct
38,2009ZNHBM189,Chuanzhang,内蒙古川掌,110.1,39.6,1379,low,3000-2000,3000,2000,3,6,-18.01199913,27.73600006,4,104,0,0.05,456.5,452.6605,,378.5,330,246.5,74.6969697,83.6167503,Direct
38,2009ZNHBM187,Chuanzhang,内蒙古川掌,110.1,39.6,1379,low,3000-2000,3000,2000,3,6,-18.01199913,27.73600006,4,104,0,0.05,424,420.323,,341,303,232,76.56765677,81.12808483,Direct
38,2009ZNHBM127,Chuanzhang,内蒙古川掌,110.1,39.6,1379,low,3000-2000,3000,2000,3,6,-18.01199913,27.73600006,4,104,0,0.05,460,456.143,,372,323,257,79.56656347,81.55337252,Direct
38,2009ZNHBM134,Chuanzhang,内蒙古川掌,110.1,39.6,1379,low,3000-2000,3000,2000,3,6,-18.01199913,27.73600006,4,104,0,0.05,417.5,413.8555,,334,307,237,77.19869707,80.7044971,Direct
38,2009ZNHBM317,Chuanzhang,内蒙古川掌,110.1,39.6,1379,low,3000-2000,3000,2000,3,6,-18.01199913,27.73600006,4,104,0,0.05,,,,,,238,,,Direct
38,2009ZNHBM314,Chuanzhang,内蒙古川掌,110.1,39.6,1379,low,3000-2000,3000,2000,3,6,-18.01199913,27.73600006,4,104,0,0.05,437.5,433.7555,,347,313,237,75.71884984,79.9989856,Direct
38,2009ZNHBM304 ,Chuanzhang,内蒙古川掌,110.1,39.6,1379,low,3000-2000,3000,2000,3,6,-18.01199913,27.73600006,4,104,0,0.05,418,414.353,,,,,,,Direct
38,2009ZNHBM315,Chuanzhang,内蒙古川掌,110.1,39.6,1379,low,3000-2000,3000,2000,3,6,-18.01199913,27.73600006,4,104,0,0.05,440,436.243,,,312,,,,Direct
38,2009ZNHBM305,Chuanzhang,内蒙古川掌,110.1,39.6,1379,low,3000-2000,3000,2000,3,6,-18.01199913,27.73600006,4,104,0,0.05,485,481.018,,402,334,268.5,80.38922156,83.57275611,Direct
38,2009ZNHBM303,Chuanzhang,内蒙古川掌,110.1,39.6,1379,low,3000-2000,3000,2000,3,6,-18.01199913,27.73600006,4,104,0,0.05,,,,,360,,,,Direct
38,2009ZNHBM310,Chuanzhang,内蒙古川掌,110.1,39.6,1379,low,3000-2000,3000,2000,3,6,-18.01199913,27.73600006,4,104,0,0.05,,,,365,315,,,,Direct
38,2009ZNHBM322,Chuanzhang,内蒙古川掌,110.1,39.6,1379,low,3000-2000,3000,2000,3,6,-18.01199913,27.73600006,4,104,0,0.05,424,420.323,,353,299,239,79.93311037,83.9830321,Direct
38,2009ZNHBM323,Chuanzhang,内蒙古川掌,110.1,39.6,1379,low,3000-2000,3000,2000,3,6,-18.01199913,27.73600006,4,104,0,0.05,469.5,465.5955,,371,,255,,79.68290072,Direct
38,2009ZNHBM309,Chuanzhang,内蒙古川掌,110.1,39.6,1379,low,3000-2000,3000,2000,3,6,-18.01199913,27.73600006,4,104,0,0.05,421,417.338,,340.5,310,,,81.58854454,Direct
38,2009ZNHBM268,Chuanzhang,内蒙古川掌,110.1,39.6,1379,low,3000-2000,3000,2000,3,6,-18.01199913,27.73600006,4,104,0,0.05,383,379.528,,326,282,224,79.43262411,85.89616576,Direct
38,2009ZNHBM245,Chuanzhang,内蒙古川掌,110.1,39.6,1379,low,3000-2000,3000,2000,3,6,-18.01199913,27.73600006,4,104,0,0.05,458.5,454.6505,,,326,,,,Direct
38,2009ZNHBM242,Chuanzhang,内蒙古川掌,110.1,39.6,1379,low,3000-2000,3000,2000,3,6,-18.01199913,27.73600006,4,104,0,0.05,456.5,452.6605,,375.5,326,,,82.95400195,Direct
38,2009ZNHBM272,Chuanzhang,内蒙古川掌,110.1,39.6,1379,low,3000-2000,3000,2000,3,6,-18.01199913,27.73600006,4,104,0,0.05,438,434.253,,341,316.5,236.5,74.7235387,78.5256521,Direct
38,2009ZNHBM240 ,Chuanzhang,内蒙古川掌,110.1,39.6,1379,low,3000-2000,3000,2000,3,6,-18.01199913,27.73600006,4,104,0,0.05,440,436.243,,366,316,244,77.21518987,83.89819435,Direct
38,2009ZNHBM260,Chuanzhang,内蒙古川掌,110.1,39.6,1379,low,3000-2000,3000,2000,3,6,-18.01199913,27.73600006,4,104,0,0.05,420.5,416.8405,,361,313,241.5,77.15654952,86.60386887,Direct
38,2009ZNHBM266,Chuanzhang,内蒙古川掌,110.1,39.6,1379,low,3000-2000,3000,2000,3,6,-18.01199913,27.73600006,4,104,0,0.05,449.5,445.6955,,379,338,,,85.03563532,Direct
38,2009ZNHBM270 ,Chuanzhang,内蒙古川掌,110.1,39.6,1379,low,3000-2000,3000,2000,3,6,-18.01199913,27.73600006,4,104,0,0.05,461,457.138,,387.5,,250,,84.76652564,Direct
38,2009ZNHBM277,Chuanzhang,内蒙古川掌,110.1,39.6,1379,low,3000-2000,3000,2000,3,6,-18.01199913,27.73600006,4,104,0,0.05,460,456.143,,,323,,,,Direct
38,2009ZNHBM269,Chuanzhang,内蒙古川掌,110.1,39.6,1379,low,3000-2000,3000,2000,3,6,-18.01199913,27.73600006,4,104,0,0.05,461.5,457.6355,,393.5,334,262,78.44311377,85.98546223,Direct
38,2009ZNHBM244,Chuanzhang,内蒙古川掌,110.1,39.6,1379,low,3000-2000,3000,2000,3,6,-18.01199913,27.73600006,4,104,0,0.05,453.5,449.6755,,364,321,244,76.01246106,80.94726086,Direct
38,2009ZNHBM74,Chuanzhang,内蒙古川掌,110.1,39.6,1379,low,3000-2000,3000,2000,3,6,-18.01199913,27.73600006,4,104,0,0.05,,,,344,290,225.5,77.75862069,,Direct
38,2009ZNHBM77,Chuanzhang,内蒙古川掌,110.1,39.6,1379,low,3000-2000,3000,2000,3,6,-18.01199913,27.73600006,4,104,0,0.05,419.5,415.8455,,,,,,,Direct
38,2009ZNHBM241,Chuanzhang,内蒙古川掌,110.1,39.6,1379,low,3000-2000,3000,2000,3,6,-18.01199913,27.73600006,4,104,0,0.05,448,444.203,,352.5,,,,79.35560994,Direct
38,2009ZNHBM155,Chuanzhang,内蒙古川掌,110.1,39.6,1379,low,3000-2000,3000,2000,3,6,-18.01199913,27.73600006,4,104,0,0.05,457,453.158,,364.5,318.5,,,80.43552139,Direct
38,2009ZNHBM129,Chuanzhang,内蒙古川掌,110.1,39.6,1379,low,3000-2000,3000,2000,3,6,-18.01199913,27.73600006,4,104,0,0.05,473,469.078,,387,334.5,255.5,76.38266069,82.50227041,Direct
38,2009ZNHBM57,Chuanzhang,内蒙古川掌,110.1,39.6,1379,low,3000-2000,3000,2000,3,6,-18.01199913,27.73600006,4,104,0,0.05,426.5,422.8105,,348,,,,82.30637602,Direct
38,2009ZNHBM92 ,Chuanzhang,内蒙古川掌,110.1,39.6,1379,low,3000-2000,3000,2000,3,6,-18.01199913,27.73600006,4,104,0,0.05,445,441.218,,357,331,233.5,70.54380665,80.91238345,Direct
38,2009ZNHBM59 ,Chuanzhang,内蒙古川掌,110.1,39.6,1379,low,3000-2000,3000,2000,3,6,-18.01199913,27.73600006,4,104,0,0.05,423,419.328,,352,306,230,75.16339869,83.94383394,Direct
38,2009ZNHBM50B,Chuanzhang,内蒙古川掌,110.1,39.6,1379,low,3000-2000,3000,2000,3,6,-18.01199913,27.73600006,4,104,0,0.05,463.5,459.6255,,398,,,,86.59223651,Direct
38,2009ZNHBM15 ,Chuanzhang,内蒙古川掌,110.1,39.6,1379,low,3000-2000,3000,2000,3,6,-18.01199913,27.73600006,4,104,0,0.05,418,414.353,,334,300,,,80.60759787,Direct
38,2009ZNHBM119,Chuanzhang,内蒙古川掌,110.1,39.6,1379,low,3000-2000,3000,2000,3,6,-18.01199913,27.73600006,4,104,0,0.05,443,439.228,,367.5,309,241,77.99352751,83.66952926,Direct
38,2009ZNHBM147,Chuanzhang,内蒙古川掌,110.1,39.6,1379,low,3000-2000,3000,2000,3,6,-18.01199913,27.73600006,4,104,0,0.05,466.5,462.6105,,374.5,324,250,77.16049383,80.95363162,Direct
38,2009ZNHBM135,Chuanzhang,内蒙古川掌,110.1,39.6,1379,low,3000-2000,3000,2000,3,6,-18.01199913,27.73600006,4,104,0,0.05,456,452.163,,,326.5,245,75.03828484,,Direct
38,2009ZNHBM210 ,Chuanzhang,内蒙古川掌,110.1,39.6,1379,low,3000-2000,3000,2000,3,6,-18.01199913,27.73600006,4,104,0,0.05,429,425.298,,349,304.5,215.5,70.77175698,82.06010844,Direct
38,2009ZNHBM197,Chuanzhang,内蒙古川掌,110.1,39.6,1379,low,3000-2000,3000,2000,3,6,-18.01199913,27.73600006,4,104,0,0.05,463,459.128,,,,,,,Direct
38,2009ZNHBM198,Chuanzhang,内蒙古川掌,110.1,39.6,1379,low,3000-2000,3000,2000,3,6,-18.01199913,27.73600006,4,104,0,0.05,,,,,310,,,,Direct
38,2009ZNHBM107,Chuanzhang,内蒙古川掌,110.1,39.6,1379,low,3000-2000,3000,2000,3,6,-18.01199913,27.73600006,4,104,0,0.05,475,471.068,,,,,,,Direct
38,2009ZNHBM66,Chuanzhang,内蒙古川掌,110.1,39.6,1379,low,3000-2000,3000,2000,3,6,-18.01199913,27.73600006,4,104,0,0.05,464.5,460.6205,,372.5,317.5,251,79.05511811,80.86917538,Direct
38,2009ZNHBM11B,Chuanzhang,内蒙古川掌,110.1,39.6,1379,low,3000-2000,3000,2000,3,6,-18.01199913,27.73600006,4,104,0,0.05,,,,347,,,,,Direct
38,2009ZNHBM51A ,Chuanzhang,内蒙古川掌,110.1,39.6,1379,low,3000-2000,3000,2000,3,6,-18.01199913,27.73600006,4,104,0,0.05,,,,,308,,,,Direct
38,2009ZNHBM224 ,Chuanzhang,内蒙古川掌,110.1,39.6,1379,low,3000-2000,3000,2000,3,6,-18.01199913,27.73600006,4,104,0,0.05,423,419.328,,349.5,,,,83.34764194,Direct
38,2009ZNHBM30,Chuanzhang,内蒙古川掌,110.1,39.6,1379,low,3000-2000,3000,2000,3,6,-18.01199913,27.73600006,4,104,0,0.05,433.5,429.7755,,346.5,,242,,80.62348831,Direct
38,2009ZNHBM159,Chuanzhang,内蒙古川掌,110.1,39.6,1379,low,3000-2000,3000,2000,3,6,-18.01199913,27.73600006,4,104,0,0.05,434,430.273,,361,301,236.5,78.57142857,83.90022149,Direct
38,2009ZNHBM158 ,Chuanzhang,内蒙古川掌,110.1,39.6,1379,low,3000-2000,3000,2000,3,6,-18.01199913,27.73600006,4,104,0,0.05,,,,371.5,,,,,Direct
38,2009ZNHBM138,Chuanzhang,内蒙古川掌,110.1,39.6,1379,low,3000-2000,3000,2000,3,6,-18.01199913,27.73600006,4,104,0,0.05,,,,359.5,,,,,Direct
38,2009ZNHBM49 ,Chuanzhang,内蒙古川掌,110.1,39.6,1379,low,3000-2000,3000,2000,3,6,-18.01199913,27.73600006,4,104,0,0.05,438.5,434.7505,,362.5,308.5,238,77.14748784,83.3811577,Direct
38,2009ZNHBM126,Chuanzhang,内蒙古川掌,110.1,39.6,1379,low,3000-2000,3000,2000,3,6,-18.01199913,27.73600006,4,104,0,0.05,451.5,447.6855,,376,325.5,250.5,76.95852535,83.98753143,Direct
38,2009ZNHBM89,Chuanzhang,内蒙古川掌,110.1,39.6,1379,low,3000-2000,3000,2000,3,6,-18.01199913,27.73600006,4,104,0,0.05,452,448.183,,362,322,251,77.95031056,80.77057809,Direct
38,2009ZNHBM6 ,Chuanzhang,内蒙古川掌,110.1,39.6,1379,low,3000-2000,3000,2000,3,6,-18.01199913,27.73600006,4,104,0,0.05,407,403.408,,327,294,228.5,77.72108844,81.05937413,Direct
38,Ⅲ2009ZNHBM4,Chuanzhang,内蒙古川掌,110.1,39.6,1379,low,3000-2000,3000,2000,3,6,-18.01199913,27.73600006,4,104,0,0.05,438,434.253,,355,,237,,81.74957916,Direct
38,Ⅲ2009ZNHBM5,Chuanzhang,内蒙古川掌,110.1,39.6,1379,low,3000-2000,3000,2000,3,6,-18.01199913,27.73600006,4,104,0,0.05,,,,,320,,,,Direct
38,2009ZNHBM123B,Chuanzhang,内蒙古川掌,110.1,39.6,1379,low,3000-2000,3000,2000,3,6,-18.01199913,27.73600006,4,104,0,0.05,,,,375,334.5,,,,Direct
38,2009ZNHBM8,Chuanzhang,内蒙古川掌,110.1,39.6,1379,low,3000-2000,3000,2000,3,6,-18.01199913,27.73600006,4,104,0,0.05,453,449.178,,359,325,239,73.53846154,79.92377187,Direct
38,2009ZNHBM17,Chuanzhang,内蒙古川掌,110.1,39.6,1379,low,3000-2000,3000,2000,3,6,-18.01199913,27.73600006,4,104,0,0.05,,,,350.5,321,,,,Direct
38,2009ZNHBM209 ,Chuanzhang,内蒙古川掌,110.1,39.6,1379,low,3000-2000,3000,2000,3,6,-18.01199913,27.73600006,4,104,0,0.05,443.5,439.7255,,366,322,249,77.32919255,83.23374469,Direct
38,2009ZNHBM28,Chuanzhang,内蒙古川掌,110.1,39.6,1379,low,3000-2000,3000,2000,3,6,-18.01199913,27.73600006,4,104,0,0.05,456.5,452.6605,,351,,,,77.54155708,Direct
38,2009ZNHBM76,Chuanzhang,内蒙古川掌,110.1,39.6,1379,low,3000-2000,3000,2000,3,6,-18.01199913,27.73600006,4,104,0,0.05,461,457.138,,361.5,317.5,241,75.90551181,79.07896521,Direct
38,2009ZNHBM133,Chuanzhang,内蒙古川掌,110.1,39.6,1379,low,3000-2000,3000,2000,3,6,-18.01199913,27.73600006,4,104,0,0.05,474.5,470.5705,,391.5,339,255.5,75.36873156,83.19688548,Direct
38,2009ZNHBM44,Chuanzhang,内蒙古川掌,110.1,39.6,1379,low,3000-2000,3000,2000,3,6,-18.01199913,27.73600006,4,104,0,0.05,434,430.273,,366,,,,85.06227442,Direct
38,2009ZNHBM214A,Chuanzhang,内蒙古川掌,110.1,39.6,1379,low,3000-2000,3000,2000,3,6,-18.01199913,27.73600006,4,104,0,0.05,454,450.173,,348,308.5,,,77.30361439,Direct
38,2009ZNHBM226,Chuanzhang,内蒙古川掌,110.1,39.6,1379,low,3000-2000,3000,2000,3,6,-18.01199913,27.73600006,4,104,0,0.05,428.5,424.8005,,,,,,,Direct
38,2009ZNHBM173,Chuanzhang,内蒙古川掌,110.1,39.6,1379,low,3000-2000,3000,2000,3,6,-18.01199913,27.73600006,4,104,0,0.05,464,460.123,,365.5,329,,,79.43528144,Direct
38,2009ZNHBM148,Chuanzhang,内蒙古川掌,110.1,39.6,1379,low,3000-2000,3000,2000,3,6,-18.01199913,27.73600006,4,104,0,0.05,445,441.218,,,319,,,,Direct
38,2009ZNHBM130,Chuanzhang,内蒙古川掌,110.1,39.6,1379,low,3000-2000,3000,2000,3,6,-18.01199913,27.73600006,4,104,0,0.05,422,418.333,,366,313,245,78.27476038,87.49010955,Direct
38,2009ZNHBM169 ,Chuanzhang,内蒙古川掌,110.1,39.6,1379,low,3000-2000,3000,2000,3,6,-18.01199913,27.73600006,4,104,0,0.05,,,,,,257,,,Direct
38,2009ZNHBM206,Chuanzhang,内蒙古川掌,110.1,39.6,1379,low,3000-2000,3000,2000,3,6,-18.01199913,27.73600006,4,104,0,0.05,415,411.368,,331.5,294,228,77.55102041,80.58478054,Direct
38,2009ZNHBM139,Chuanzhang,内蒙古川掌,110.1,39.6,1379,low,3000-2000,3000,2000,3,6,-18.01199913,27.73600006,4,104,0,0.05,433,429.278,,,,,,,Direct
38,2009ZNHBM132,Chuanzhang,内蒙古川掌,110.1,39.6,1379,low,3000-2000,3000,2000,3,6,-18.01199913,27.73600006,4,104,0,0.05,421,417.338,,,303,,,,Direct
38,2009ZNHBM72,Chuanzhang,内蒙古川掌,110.1,39.6,1379,low,3000-2000,3000,2000,3,6,-18.01199913,27.73600006,4,104,0,0.05,449.5,445.6955,,352,,,,78.97768768,Direct
38,2009ZNHBM52 ,Chuanzhang,内蒙古川掌,110.1,39.6,1379,low,3000-2000,3000,2000,3,6,-18.01199913,27.73600006,4,104,0,0.05,438,434.253,,361,301,,,83.13126219,Direct
38,2009ZNHBM203,Chuanzhang,内蒙古川掌,110.1,39.6,1379,low,3000-2000,3000,2000,3,6,-18.01199913,27.73600006,4,104,0,0.05,419,415.348,,343,304,233,76.64473684,82.58135347,Direct
38,2009ZNHBM25 ,Chuanzhang,内蒙古川掌,110.1,39.6,1379,low,3000-2000,3000,2000,3,6,-18.01199913,27.73600006,4,104,1,0.95,417,413.358,,,,,,,Direct
38,2009ZNHBM188,Chuanzhang,内蒙古川掌,110.1,39.6,1379,low,3000-2000,3000,2000,3,6,-18.01199913,27.73600006,4,104,1,0.95,420,416.343,,335,292,,,80.46250327,Direct
38,2009ZNHBM325 ,Chuanzhang,内蒙古川掌,110.1,39.6,1379,low,3000-2000,3000,2000,3,6,-18.01199913,27.73600006,4,104,1,0.95,424,420.323,,334.5,,,,79.58165506,Direct
38,2009ZNHBM292,Chuanzhang,内蒙古川掌,110.1,39.6,1379,low,3000-2000,3000,2000,3,6,-18.01199913,27.73600006,4,104,1,0.95,421,417.338,,359,291,232,79.72508591,86.02140232,Direct
38,2009ZNHBM293,Chuanzhang,内蒙古川掌,110.1,39.6,1379,low,3000-2000,3000,2000,3,6,-18.01199913,27.73600006,4,104,1,0.95,439,435.248,,,302,,,,Direct
38,2009ZNHBM312A,Chuanzhang,内蒙古川掌,110.1,39.6,1379,low,3000-2000,3000,2000,3,6,-18.01199913,27.73600006,4,104,1,0.95,,,,325.5,,,,,Direct
38,2009ZNHBM284,Chuanzhang,内蒙古川掌,110.1,39.6,1379,low,3000-2000,3000,2000,3,6,-18.01199913,27.73600006,4,104,1,0.95,393.5,389.9755,,320,276.5,205,74.14104882,82.05643688,Direct
38,2009ZNHBM311,Chuanzhang,内蒙古川掌,110.1,39.6,1379,low,3000-2000,3000,2000,3,6,-18.01199913,27.73600006,4,104,1,0.95,313,309.878,,,263.5,,,,Direct
38,2009ZNHBM318A ,Chuanzhang,内蒙古川掌,110.1,39.6,1379,low,3000-2000,3000,2000,3,6,-18.01199913,27.73600006,4,104,1,0.95,411,407.388,,,,,,,Direct
38,2009ZNHBM328 ,Chuanzhang,内蒙古川掌,110.1,39.6,1379,low,3000-2000,3000,2000,3,6,-18.01199913,27.73600006,4,104,1,0.95,417,413.358,,334.5,282.5,221,78.2300885,80.9225901,Direct
38,2009ZNDSM39,Chuanzhang,内蒙古川掌,110.1,39.6,1379,low,3000-2000,3000,2000,3,6,-18.01199913,27.73600006,4,104,1,0.95,,,,340,,,,,Direct
38,2009ZNDSM7 ,Chuanzhang,内蒙古川掌,110.1,39.6,1379,low,3000-2000,3000,2000,3,6,-18.01199913,27.73600006,4,104,1,0.95,403.5,399.9255,,,,,,,Direct
38,2009ZNDSM5,Chuanzhang,内蒙古川掌,110.1,39.6,1379,low,3000-2000,3000,2000,3,6,-18.01199913,27.73600006,4,104,1,0.95,405,401.418,,,,,,,Direct
38,2009ZNDSM26,Chuanzhang,内蒙古川掌,110.1,39.6,1379,low,3000-2000,3000,2000,3,6,-18.01199913,27.73600006,4,104,1,0.95,,,,333,,,,,Direct
38,2009ZNDSM41 ,Chuanzhang,内蒙古川掌,110.1,39.6,1379,low,3000-2000,3000,2000,3,6,-18.01199913,27.73600006,4,104,1,0.95,373,369.578,,301,252,,,81.44424181,Direct
38,2009ZNHBM281,Chuanzhang,内蒙古川掌,110.1,39.6,1379,low,3000-2000,3000,2000,3,6,-18.01199913,27.73600006,4,104,1,0.95,440,436.243,,,,,,,Direct
38,2009ZNHBM96,Chuanzhang,内蒙古川掌,110.1,39.6,1379,low,3000-2000,3000,2000,3,6,-18.01199913,27.73600006,4,104,1,0.95,,,,319.5,,215,,,Direct
38,2009ZNHBM237,Chuanzhang,内蒙古川掌,110.1,39.6,1379,low,3000-2000,3000,2000,3,6,-18.01199913,27.73600006,4,104,1,0.95,,,,335,293,225,76.79180887,,Direct
38,2009ZNHBM238,Chuanzhang,内蒙古川掌,110.1,39.6,1379,low,3000-2000,3000,2000,3,6,-18.01199913,27.73600006,4,104,1,0.95,405,401.418,,326.5,288,226,78.47222222,81.33666153,Direct
38,2009ZNHBM253 ,Chuanzhang,内蒙古川掌,110.1,39.6,1379,low,3000-2000,3000,2000,3,6,-18.01199913,27.73600006,4,104,1,0.95,400.5,396.9405,,316.5,274,206,75.18248175,79.7348721,Direct
38,2009ZNHBM212 ,Chuanzhang,内蒙古川掌,110.1,39.6,1379,low,3000-2000,3000,2000,3,6,-18.01199913,27.73600006,4,104,1,0.95,,,,338.5,282,,,,Direct
38,2009ZNHBM90,Chuanzhang,内蒙古川掌,110.1,39.6,1379,low,3000-2000,3000,2000,3,6,-18.01199913,27.73600006,4,104,1,0.95,393,389.478,,326.5,291,220.5,75.77319588,83.83015215,Direct
38,2009ZNHBM58,Chuanzhang,内蒙古川掌,110.1,39.6,1379,low,3000-2000,3000,2000,3,6,-18.01199913,27.73600006,4,104,1,0.95,414,410.373,,315.5,297,215,72.39057239,76.8812763,Direct
38,2009ZNHBM282,Chuanzhang,内蒙古川掌,110.1,39.6,1379,low,3000-2000,3000,2000,3,6,-18.01199913,27.73600006,4,104,1,0.95,,,,341.5,294,230,78.23129252,,Direct
38,2009ZNHBM246,Chuanzhang,内蒙古川掌,110.1,39.6,1379,low,3000-2000,3000,2000,3,6,-18.01199913,27.73600006,4,104,1,0.95,409,405.398,,334,,226,,82.38817162,Direct
38,2009ZNHBM276 ,Chuanzhang,内蒙古川掌,110.1,39.6,1379,low,3000-2000,3000,2000,3,6,-18.01199913,27.73600006,4,104,1,0.95,421.5,417.8355,,336,,,,80.41442146,Direct
38,2009ZNHBM279 ,Chuanzhang,内蒙古川掌,110.1,39.6,1379,low,3000-2000,3000,2000,3,6,-18.01199913,27.73600006,4,104,1,0.95,,,,,,215.5,,,Direct
38,2009ZNHBM131,Chuanzhang,内蒙古川掌,110.1,39.6,1379,low,3000-2000,3000,2000,3,6,-18.01199913,27.73600006,4,104,1,0.95,406,402.413,,340,,,,84.49031219,Direct
38,2009ZNHBM175 ,Chuanzhang,内蒙古川掌,110.1,39.6,1379,low,3000-2000,3000,2000,3,6,-18.01199913,27.73600006,4,104,1,0.95,,,,,297,222,74.74747475,,Direct
38,2009ZNHBM78,Chuanzhang,内蒙古川掌,110.1,39.6,1379,low,3000-2000,3000,2000,3,6,-18.01199913,27.73600006,4,104,1,0.95,363,359.628,,285.5,,,,79.3875894,Direct
38,2009ZNHBM205,Chuanzhang,内蒙古川掌,110.1,39.6,1379,low,3000-2000,3000,2000,3,6,-18.01199913,27.73600006,4,104,1,0.95,432,428.283,,339,298,,,79.15327015,Direct
38,2009ZNHBM172,Chuanzhang,内蒙古川掌,110.1,39.6,1379,low,3000-2000,3000,2000,3,6,-18.01199913,27.73600006,4,104,1,0.95,396,392.463,,,,,,,Direct
38,2009ZNHBM156 ,Chuanzhang,内蒙古川掌,110.1,39.6,1379,low,3000-2000,3000,2000,3,6,-18.01199913,27.73600006,4,104,1,0.95,394,390.473,,317.5,275,205,74.54545455,81.31163999,Direct
38,2009ZNHBM165 ,Chuanzhang,内蒙古川掌,110.1,39.6,1379,low,3000-2000,3000,2000,3,6,-18.01199913,27.73600006,4,104,1,0.95,421,417.338,,341,304,231,75.98684211,81.7083515,Direct
38,2009ZNHBM316 ,Chuanzhang,内蒙古川掌,110.1,39.6,1379,low,3000-2000,3000,2000,3,6,-18.01199913,27.73600006,4,104,1,0.95,436,432.263,,,,,,,Direct
38,2009ZNHBM324,Chuanzhang,内蒙古川掌,110.1,39.6,1379,low,3000-2000,3000,2000,3,6,-18.01199913,27.73600006,4,104,1,0.95,419.5,415.8455,,,,,,,Direct
38,2009ZNHBM308,Chuanzhang,内蒙古川掌,110.1,39.6,1379,low,3000-2000,3000,2000,3,6,-18.01199913,27.73600006,4,104,1,0.95,,,,356,,,,,Direct
38,2009ZNHBM307,Chuanzhang,内蒙古川掌,110.1,39.6,1379,low,3000-2000,3000,2000,3,6,-18.01199913,27.73600006,4,104,1,0.95,440,436.243,,,,,,,Direct
38,2009ZNHBM271 ,Chuanzhang,内蒙古川掌,110.1,39.6,1379,low,3000-2000,3000,2000,3,6,-18.01199913,27.73600006,4,104,1,0.95,422.5,418.8305,,340,282,216,76.59574468,81.17842421,Direct
38,2009ZNHBM261,Chuanzhang,内蒙古川掌,110.1,39.6,1379,low,3000-2000,3000,2000,3,6,-18.01199913,27.73600006,4,104,1,0.95,401,397.438,,317.5,288,,,79.88667415,Direct
38,2009ZNHBM267,Chuanzhang,内蒙古川掌,110.1,39.6,1379,low,3000-2000,3000,2000,3,6,-18.01199913,27.73600006,4,104,1,0.95,391,387.488,,313,279,206,73.83512545,80.77669502,Direct
38,2009ZNHBM265,Chuanzhang,内蒙古川掌,110.1,39.6,1379,low,3000-2000,3000,2000,3,6,-18.01199913,27.73600006,4,104,1,0.95,387,383.508,,,,,,,Direct
38,2009ZNHBM230,Chuanzhang,内蒙古川掌,110.1,39.6,1379,low,3000-2000,3000,2000,3,6,-18.01199913,27.73600006,4,104,1,0.95,421.5,417.8355,,359,299.5,233.5,77.96327212,85.91898008,Direct
38,2009ZNHBM234B,Chuanzhang,内蒙古川掌,110.1,39.6,1379,low,3000-2000,3000,2000,3,6,-18.01199913,27.73600006,4,104,1,0.95,426,422.313,,,302,,,,Direct
38,2009ZNHBM257,Chuanzhang,内蒙古川掌,110.1,39.6,1379,low,3000-2000,3000,2000,3,6,-18.01199913,27.73600006,4,104,1,0.95,448.5,444.7005,,361.5,317.5,247,77.79527559,81.29066641,Direct
38,2009ZNHBM273,Chuanzhang,内蒙古川掌,110.1,39.6,1379,low,3000-2000,3000,2000,3,6,-18.01199913,27.73600006,4,104,1,0.95,,,,305,,,,,Direct
38,2009ZNHBM259 ,Chuanzhang,内蒙古川掌,110.1,39.6,1379,low,3000-2000,3000,2000,3,6,-18.01199913,27.73600006,4,104,1,0.95,415,411.368,,,,,,,Direct
38,2009ZNHBM235,Chuanzhang,内蒙古川掌,110.1,39.6,1379,low,3000-2000,3000,2000,3,6,-18.01199913,27.73600006,4,104,1,0.95,425.5,421.8155,,342,,228,,81.07810168,Direct
38,2009ZNHBM164 ,Chuanzhang,内蒙古川掌,110.1,39.6,1379,low,3000-2000,3000,2000,3,6,-18.01199913,27.73600006,4,104,1,0.95,425,421.318,,342,,,,81.17384019,Direct
38,2009ZNHBM113 ,Chuanzhang,内蒙古川掌,110.1,39.6,1379,low,3000-2000,3000,2000,3,6,-18.01199913,27.73600006,4,104,1,0.95,409,405.398,,347.5,288,226.5,78.64583333,85.71823245,Direct
38,2009ZNHBM184,Chuanzhang,内蒙古川掌,110.1,39.6,1379,low,3000-2000,3000,2000,3,6,-18.01199913,27.73600006,4,104,1,0.95,431.5,427.7855,,353,,,,82.51799091,Direct
38,2009ZNHBM82 ,Chuanzhang,内蒙古川掌,110.1,39.6,1379,low,3000-2000,3000,2000,3,6,-18.01199913,27.73600006,4,104,1,0.95,399,395.448,,322.5,290,213,73.44827586,81.55307398,Direct
38,009ZNHBM136,Chuanzhang,内蒙古川掌,110.1,39.6,1379,low,3000-2000,3000,2000,3,6,-18.01199913,27.73600006,4,104,1,0.95,415,411.368,,,292,228,78.08219178,,Direct
38,2009ZNHBM200 ,Chuanzhang,内蒙古川掌,110.1,39.6,1379,low,3000-2000,3000,2000,3,6,-18.01199913,27.73600006,4,104,1,0.95,412.5,408.8805,,326,290,217.5,75,79.72989663,Direct
38,2009ZNHBM149,Chuanzhang,内蒙古川掌,110.1,39.6,1379,low,3000-2000,3000,2000,3,6,-18.01199913,27.73600006,4,104,1,0.95,410,406.393,,333,,,,81.94038775,Direct
38,2009ZNHBM14,Chuanzhang,内蒙古川掌,110.1,39.6,1379,low,3000-2000,3000,2000,3,6,-18.01199913,27.73600006,4,104,1,0.95,,,,,,245,,,Direct
38,2009ZNHBM157,Chuanzhang,内蒙古川掌,110.1,39.6,1379,low,3000-2000,3000,2000,3,6,-18.01199913,27.73600006,4,104,1,0.95,405,401.418,,,298,,,,Direct
38,2009ZNHBM162,Chuanzhang,内蒙古川掌,110.1,39.6,1379,low,3000-2000,3000,2000,3,6,-18.01199913,27.73600006,4,104,1,0.95,,,,351.5,,,,,Direct
38,2009ZNHBM153A,Chuanzhang,内蒙古川掌,110.1,39.6,1379,low,3000-2000,3000,2000,3,6,-18.01199913,27.73600006,4,104,1,0.95,392,388.483,,,,,,,Direct
38,2009ZNHBM142,Chuanzhang,内蒙古川掌,110.1,39.6,1379,low,3000-2000,3000,2000,3,6,-18.01199913,27.73600006,4,104,1,0.95,417,413.358,,334,299,226.5,75.75250836,80.80162958,Direct
38,2009ZNHBM40,Chuanzhang,内蒙古川掌,110.1,39.6,1379,low,3000-2000,3000,2000,3,6,-18.01199913,27.73600006,4,104,1,0.95,426,422.313,,,292,230,78.76712329,,Direct
38,2009ZNHBM140,Chuanzhang,内蒙古川掌,110.1,39.6,1379,low,3000-2000,3000,2000,3,6,-18.01199913,27.73600006,4,104,1,0.95,,,,315,,,,,Direct
38,2009ZNHBM50A ,Chuanzhang,内蒙古川掌,110.1,39.6,1379,low,3000-2000,3000,2000,3,6,-18.01199913,27.73600006,4,104,1,0.95,,,,336,297,,,,Direct
38,2009ZNHBM120,Chuanzhang,内蒙古川掌,110.1,39.6,1379,low,3000-2000,3000,2000,3,6,-18.01199913,27.73600006,4,104,1,0.95,410,406.393,,,,,,,Direct
38,2009ZNHBM211,Chuanzhang,内蒙古川掌,110.1,39.6,1379,low,3000-2000,3000,2000,3,6,-18.01199913,27.73600006,4,104,1,0.95,400,396.443,,,276,,,,Direct
38,2009ZNHBM163,Chuanzhang,内蒙古川掌,110.1,39.6,1379,low,3000-2000,3000,2000,3,6,-18.01199913,27.73600006,4,104,1,0.95,400.5,396.9405,,,,,,,Direct
38,2009ZNHBM3 ,Chuanzhang,内蒙古川掌,110.1,39.6,1379,low,3000-2000,3000,2000,3,6,-18.01199913,27.73600006,4,104,1,0.95,406.5,402.9105,,,,,,,Direct
38,Ⅲ2009ZNHBM1,Chuanzhang,内蒙古川掌,110.1,39.6,1379,low,3000-2000,3000,2000,3,6,-18.01199913,27.73600006,4,104,1,0.95,,,,313,284,,,,Direct
38,Ⅲ2009ZNHBM2,Chuanzhang,内蒙古川掌,110.1,39.6,1379,low,3000-2000,3000,2000,3,6,-18.01199913,27.73600006,4,104,1,0.95,428,424.303,,344,300,222,74,81.07413806,Direct
38,Ⅲ2009ZNHBM3,Chuanzhang,内蒙古川掌,110.1,39.6,1379,low,3000-2000,3000,2000,3,6,-18.01199913,27.73600006,4,104,1,0.95,395,391.468,,334,288.5,212,73.48353553,85.31987289,Direct
38,2009ZNHBM12,Chuanzhang,内蒙古川掌,110.1,39.6,1379,low,3000-2000,3000,2000,3,6,-18.01199913,27.73600006,4,104,1,0.95,,,,,305,,,,Direct
38,2009ZNHBM13,Chuanzhang,内蒙古川掌,110.1,39.6,1379,low,3000-2000,3000,2000,3,6,-18.01199913,27.73600006,4,104,1,0.95,,,,,,310,,,Direct
38,2009ZNHBM5,Chuanzhang,内蒙古川掌,110.1,39.6,1379,low,3000-2000,3000,2000,3,6,-18.01199913,27.73600006,4,104,1,0.95,389.5,385.9955,,308,,,,79.79367635,Direct
38,2009ZNHBM54,Chuanzhang,内蒙古川掌,110.1,39.6,1379,low,3000-2000,3000,2000,3,6,-18.01199913,27.73600006,4,104,1,0.95,456,452.163,,356.5,,,,78.84324901,Direct
38,2009ZNHBM125,Chuanzhang,内蒙古川掌,110.1,39.6,1379,low,3000-2000,3000,2000,3,6,-18.01199913,27.73600006,4,104,1,0.95,414,410.373,,,,,,,Direct
38,2009ZNHBM56,Chuanzhang,内蒙古川掌,110.1,39.6,1379,low,3000-2000,3000,2000,3,6,-18.01199913,27.73600006,4,104,1,0.95,410,406.393,,333,,,,81.94038775,Direct
38,2009ZNHBM36,Chuanzhang,内蒙古川掌,110.1,39.6,1379,low,3000-2000,3000,2000,3,6,-18.01199913,27.73600006,4,104,1,0.95,425,421.318,,333.5,291.5,218,74.78559177,79.1563617,Direct
38,2009ZNHBM225,Chuanzhang,内蒙古川掌,110.1,39.6,1379,low,3000-2000,3000,2000,3,6,-18.01199913,27.73600006,4,104,1,0.95,421,417.338,,,283,,,,Direct
38,2009ZNHBM46,Chuanzhang,内蒙古川掌,110.1,39.6,1379,low,3000-2000,3000,2000,3,6,-18.01199913,27.73600006,4,104,1,0.95,410.5,406.8905,,336,288,,,82.57749935,Direct
38,2009ZNHBM73,Chuanzhang,内蒙古川掌,110.1,39.6,1379,low,3000-2000,3000,2000,3,6,-18.01199913,27.73600006,4,104,1,0.95,396,392.463,,,290,,,,Direct
38,2009ZNHBM124,Chuanzhang,内蒙古川掌,110.1,39.6,1379,low,3000-2000,3000,2000,3,6,-18.01199913,27.73600006,4,104,1,0.95,363,359.628,,300,283,211,74.55830389,83.41953352,Direct
38,2009ZNHBM88,Chuanzhang,内蒙古川掌,110.1,39.6,1379,low,3000-2000,3000,2000,3,6,-18.01199913,27.73600006,4,104,1,0.95,384.5,381.0205,,295,,,,77.42365568,Direct
38,2009ZNHBM122,Chuanzhang,内蒙古川掌,110.1,39.6,1379,low,3000-2000,3000,2000,3,6,-18.01199913,27.73600006,4,104,1,0.95,,,,315,,216,,,Direct
38,2009ZNHBM83,Chuanzhang,内蒙古川掌,110.1,39.6,1379,low,3000-2000,3000,2000,3,6,-18.01199913,27.73600006,4,104,1,0.95,366.5,363.1105,,,,,,,Direct
38,2009ZNHBM207,Chuanzhang,内蒙古川掌,110.1,39.6,1379,low,3000-2000,3000,2000,3,6,-18.01199913,27.73600006,4,104,1,0.95,,,,332,289,,,,Direct
38,2009ZNHBM42,Chuanzhang,内蒙古川掌,110.1,39.6,1379,low,3000-2000,3000,2000,3,6,-18.01199913,27.73600006,4,104,1,0.95,412,408.383,,341,302.5,230.5,76.19834711,83.50004775,Direct
39,TJYM104,Jiayi,吐鲁番加依墓地,89.18,42.93,62,low,3000-2000,3000,2000,3,7,-12.41899967,39.54299927,2,4,0,0.05,,,46.35998213,,,,,,Indirect
39,TJYM105,Jiayi,吐鲁番加依墓地,89.18,42.93,62,low,3000-2000,3000,2000,3,7,-12.41899967,39.54299927,2,4,0,0.05,457.1994536,453.3564563,49.38492063,,,,,,Indirect
39,TJYM107,Jiayi,吐鲁番加依墓地,89.18,42.93,62,low,3000-2000,3000,2000,3,7,-12.41899967,39.54299927,2,4,0,0.05,,,43.41931217,,,,,,Indirect
39,TJYM108,Jiayi,吐鲁番加依墓地,89.18,42.93,62,low,3000-2000,3000,2000,3,7,-12.41899967,39.54299927,2,4,0,0.05,,,46.43077601,,,,,,Indirect
39,TJYM11,Jiayi,吐鲁番加依墓地,89.18,42.93,62,low,3000-2000,3000,2000,3,7,-12.41899967,39.54299927,2,4,0,0.05,401.6939891,398.1285191,43.32892416,,,,,,Indirect
39,TJYM111:1,Jiayi,吐鲁番加依墓地,89.18,42.93,62,low,3000-2000,3000,2000,3,7,-12.41899967,39.54299927,2,4,0,0.05,407.1994536,403.6064563,,,,,,,Indirect
39,TJYM112:1,Jiayi,吐鲁番加依墓地,89.18,42.93,62,low,3000-2000,3000,2000,3,7,-12.41899967,39.54299927,2,4,0,0.05,443.715847,439.9402678,49.67813051,,,,,,Indirect
39,TJYM113,Jiayi,吐鲁番加依墓地,89.18,42.93,62,low,3000-2000,3000,2000,3,7,-12.41899967,39.54299927,2,4,0,0.05,431.6939891,427.9785191,49.89858907,,,,,,Indirect
39,TJYM119,Jiayi,吐鲁番加依墓地,89.18,42.93,62,low,3000-2000,3000,2000,3,7,-12.41899967,39.54299927,2,4,0,0.05,462.704918,458.8343934,50.87081129,,,,,,Indirect
39,TJYM120,Jiayi,吐鲁番加依墓地,89.18,42.93,62,low,3000-2000,3000,2000,3,7,-12.41899967,39.54299927,2,4,0,0.05,,,51.53880071,,,,,,Indirect
39,TJYM122,Jiayi,吐鲁番加依墓地,89.18,42.93,62,low,3000-2000,3000,2000,3,7,-12.41899967,39.54299927,2,4,0,0.05,386.7076503,383.217112,,,,,,,Indirect
39,TJYM126,Jiayi,吐鲁番加依墓地,89.18,42.93,62,low,3000-2000,3000,2000,3,7,-12.41899967,39.54299927,2,4,0,0.05,,,50.10141093,,,,,,Indirect
39,TJYM131:1,Jiayi,吐鲁番加依墓地,89.18,42.93,62,low,3000-2000,3000,2000,3,7,-12.41899967,39.54299927,2,4,0,0.05,419.6994536,416.0439563,49.73985891,,,,,,Indirect
39,TJYM134,Jiayi,吐鲁番加依墓地,89.18,42.93,62,low,3000-2000,3000,2000,3,7,-12.41899967,39.54299927,2,4,0,0.05,453.715847,449.8902678,49.90079365,,,,,,Indirect
39,TJYM141,Jiayi,吐鲁番加依墓地,89.18,42.93,62,low,3000-2000,3000,2000,3,7,-12.41899967,39.54299927,2,4,0,0.05,424.6994536,421.0189563,45.75396825,,,,,,Indirect
39,TJYM151,Jiayi,吐鲁番加依墓地,89.18,42.93,62,low,3000-2000,3000,2000,3,7,-12.41899967,39.54299927,2,4,0,0.05,447.704918,443.9093934,49.21516755,,,,,,Indirect
39,TJYM156:2,Jiayi,吐鲁番加依墓地,89.18,42.93,62,low,3000-2000,3000,2000,3,7,-12.41899967,39.54299927,2,4,0,0.05,441.6939891,437.9285191,,,,,,,Indirect
39,TJYM166:1,Jiayi,吐鲁番加依墓地,89.18,42.93,62,low,3000-2000,3000,2000,3,7,-12.41899967,39.54299927,2,4,0,0.05,430.7103825,426.9998306,45.62389771,,,,,,Indirect
39,TJYM17:1,Jiayi,吐鲁番加依墓地,89.18,42.93,62,low,3000-2000,3000,2000,3,7,-12.41899967,39.54299927,2,4,0,0.05,,,50.98985891,,,,,,Indirect
39,TJYM178,Jiayi,吐鲁番加依墓地,89.18,42.93,62,low,3000-2000,3000,2000,3,7,-12.41899967,39.54299927,2,4,0,0.05,432.704918,428.9843934,51.7989418,,,,,,Indirect
39,TJYM181,Jiayi,吐鲁番加依墓地,89.18,42.93,62,low,3000-2000,3000,2000,3,7,-12.41899967,39.54299927,2,4,0,0.05,432.704918,428.9843934,47.02601411,,,,,,Indirect
39,TJYM197:2,Jiayi,吐鲁番加依墓地,89.18,42.93,62,low,3000-2000,3000,2000,3,7,-12.41899967,39.54299927,2,4,0,0.05,487.1994536,483.2064563,53.5361552,,,,,,Indirect
39,TJYM21,Jiayi,吐鲁番加依墓地,89.18,42.93,62,low,3000-2000,3000,2000,3,7,-12.41899967,39.54299927,2,4,0,0.05,413.715847,410.0902678,42.79541446,,,,,,Indirect
39,TJYM22,Jiayi,吐鲁番加依墓地,89.18,42.93,62,low,3000-2000,3000,2000,3,7,-12.41899967,39.54299927,2,4,0,0.05,421.6939891,418.0285191,45.1984127,,,,,,Indirect
39,TJYM226,Jiayi,吐鲁番加依墓地,89.18,42.93,62,low,3000-2000,3000,2000,3,7,-12.41899967,39.54299927,2,4,0,0.05,380.7103825,377.2498306,43.83818342,,,,,,Indirect
39,TJYM227,Jiayi,吐鲁番加依墓地,89.18,42.93,62,low,3000-2000,3000,2000,3,7,-12.41899967,39.54299927,2,4,0,0.05,420.68,417.0196,44.44885362,,,,,,Indirect
39,TJYM228,Jiayi,吐鲁番加依墓地,89.18,42.93,62,low,3000-2000,3000,2000,3,7,-12.41899967,39.54299927,2,4,0,0.05,398.9617486,395.4099399,,,,,,,Indirect
39,TJYM229,Jiayi,吐鲁番加依墓地,89.18,42.93,62,low,3000-2000,3000,2000,3,7,-12.41899967,39.54299927,2,4,0,0.05,450.7103825,446.8998306,49.40917108,,,,,,Indirect
39,TJYM230,Jiayi,吐鲁番加依墓地,89.18,42.93,62,low,3000-2000,3000,2000,3,7,-12.41899967,39.54299927,2,4,0,0.05,383.5429235,380.0682089,45.97663139,,,,,,Indirect
39,TJYM231,Jiayi,吐鲁番加依墓地,89.18,42.93,62,low,3000-2000,3000,2000,3,7,-12.41899967,39.54299927,2,4,0,0.05,438.9617486,435.2099399,47.77998236,,,,,,Indirect
39,TJYM232,Jiayi,吐鲁番加依墓地,89.18,42.93,62,low,3000-2000,3000,2000,3,7,-12.41899967,39.54299927,2,4,0,0.05,444.6994536,440.9189563,,,,,,,Indirect
39,TJYM233:1,Jiayi,吐鲁番加依墓地,89.18,42.93,62,low,3000-2000,3000,2000,3,7,-12.41899967,39.54299927,2,4,0,0.05,404.2076503,400.629612,44.38492063,,,,,,Indirect
39,TJYM234:1,Jiayi,吐鲁番加依墓地,89.18,42.93,62,low,3000-2000,3000,2000,3,7,-12.41899967,39.54299927,2,4,0,0.05,422.704918,419.0343934,47.07451499,,,,,,Indirect
39,TJYM234:2,Jiayi,吐鲁番加依墓地,89.18,42.93,62,low,3000-2000,3000,2000,3,7,-12.41899967,39.54299927,2,4,0,0.05,,,48.88888889,,,,,,Indirect
39,TJYM235,Jiayi,吐鲁番加依墓地,89.18,42.93,62,low,3000-2000,3000,2000,3,7,-12.41899967,39.54299927,2,4,0,0.05,450.7103825,446.8998306,48.27160494,,,,,,Indirect
39,TJYM237,Jiayi,吐鲁番加依墓地,89.18,42.93,62,low,3000-2000,3000,2000,3,7,-12.41899967,39.54299927,2,4,0,0.05,,,46.50793651,,,,,,Indirect
39,TJYM242,Jiayi,吐鲁番加依墓地,89.18,42.93,62,low,3000-2000,3000,2000,3,7,-12.41899967,39.54299927,2,4,0,0.05,,,41.05379189,,,,,,Indirect
39,TJYM35:1,Jiayi,吐鲁番加依墓地,89.18,42.93,62,low,3000-2000,3000,2000,3,7,-12.41899967,39.54299927,2,4,0,0.05,,,45.14991182,,,,,,Indirect
39,TJYM38,Jiayi,吐鲁番加依墓地,89.18,42.93,62,low,3000-2000,3000,2000,3,7,-12.41899967,39.54299927,2,4,0,0.05,447.704918,443.9093934,,,,,,,Indirect
39,TJYM4:1,Jiayi,吐鲁番加依墓地,89.18,42.93,62,low,3000-2000,3000,2000,3,7,-12.41899967,39.54299927,2,4,0,0.05,,,48.35097002,,,,,,Indirect
39,TJYM42,Jiayi,吐鲁番加依墓地,89.18,42.93,62,low,3000-2000,3000,2000,3,7,-12.41899967,39.54299927,2,4,0,0.05,431.6939891,427.9785191,47.06790123,,,,,,Indirect
39,TJYM44,Jiayi,吐鲁番加依墓地,89.18,42.93,62,low,3000-2000,3000,2000,3,7,-12.41899967,39.54299927,2,4,0,0.05,448.7021858,444.9016749,46.26102293,,,,,,Indirect
39,TJYM48,Jiayi,吐鲁番加依墓地,89.18,42.93,62,low,3000-2000,3000,2000,3,7,-12.41899967,39.54299927,2,4,0,0.05,426.2021858,422.5141749,49.27248677,,,,,,Indirect
39,TJYM49,Jiayi,吐鲁番加依墓地,89.18,42.93,62,low,3000-2000,3000,2000,3,7,-12.41899967,39.54299927,2,4,0,0.05,442.2131148,438.4450492,49.48853616,,,,,,Indirect
39,TJYM5,Jiayi,吐鲁番加依墓地,89.18,42.93,62,low,3000-2000,3000,2000,3,7,-12.41899967,39.54299927,2,4,0,0.05,422.1994536,418.5314563,51.26102293,,,,,,Indirect
39,TJYM57,Jiayi,吐鲁番加依墓地,89.18,42.93,62,low,3000-2000,3000,2000,3,7,-12.41899967,39.54299927,2,4,0,0.05,420.6967213,417.0362377,47.83068783,,,,,,Indirect
39,TJYM60,Jiayi,吐鲁番加依墓地,89.18,42.93,62,low,3000-2000,3000,2000,3,7,-12.41899967,39.54299927,2,4,0,0.05,459.6994536,455.8439563,48.02910053,,,,,,Indirect
39,TJYM61,Jiayi,吐鲁番加依墓地,89.18,42.93,62,low,3000-2000,3000,2000,3,7,-12.41899967,39.54299927,2,4,0,0.05,452.2131148,448.3950492,51.84082892,,,,,,Indirect
39,TJYM66,Jiayi,吐鲁番加依墓地,89.18,42.93,62,low,3000-2000,3000,2000,3,7,-12.41899967,39.54299927,2,4,0,0.05,426.7076503,423.017112,,,,,,,Indirect
39,TJYM72:1,Jiayi,吐鲁番加依墓地,89.18,42.93,62,low,3000-2000,3000,2000,3,7,-12.41899967,39.54299927,2,4,0,0.05,453.715847,449.8902678,46.08906526,,,,,,Indirect
39,TJYM78,Jiayi,吐鲁番加依墓地,89.18,42.93,62,low,3000-2000,3000,2000,3,7,-12.41899967,39.54299927,2,4,0,0.05,458.715847,454.8652678,50.53791887,,,,,,Indirect
39,TJYM8,Jiayi,吐鲁番加依墓地,89.18,42.93,62,low,3000-2000,3000,2000,3,7,-12.41899967,39.54299927,2,4,0,0.05,407.704918,404.1093934,45.70987654,,,,,,Indirect
39,TJYM85,Jiayi,吐鲁番加依墓地,89.18,42.93,62,low,3000-2000,3000,2000,3,7,-12.41899967,39.54299927,2,4,0,0.05,463.715847,459.8402678,51.83862434,,,,,,Indirect
39,TJYM86:2,Jiayi,吐鲁番加依墓地,89.18,42.93,62,low,3000-2000,3000,2000,3,7,-12.41899967,39.54299927,2,4,0,0.05,436.7076503,432.967112,,,,,,,Indirect
39,TJYM87,Jiayi,吐鲁番加依墓地,89.18,42.93,62,low,3000-2000,3000,2000,3,7,-12.41899967,39.54299927,2,4,0,0.05,433.715847,429.9902678,47.79100529,,,,,,Indirect
39,TJYM9,Jiayi,吐鲁番加依墓地,89.18,42.93,62,low,3000-2000,3000,2000,3,7,-12.41899967,39.54299927,2,4,0,0.05,442.1994536,438.4314563,49.7861552,,,,,,Indirect
39,TJYM90,Jiayi,吐鲁番加依墓地,89.18,42.93,62,low,3000-2000,3000,2000,3,7,-12.41899967,39.54299927,2,4,0,0.05,421.6939891,418.0285191,48.30467372,,,,,,Indirect
39,TJYM92,Jiayi,吐鲁番加依墓地,89.18,42.93,62,low,3000-2000,3000,2000,3,7,-12.41899967,39.54299927,2,4,0,0.05,459.6994536,455.8439563,47.94532628,,,,,,Indirect
39,TJYM10,Jiayi,吐鲁番加依墓地,89.18,42.93,62,low,3000-2000,3000,2000,3,7,-12.41899967,39.54299927,2,4,1,0.95,396.509434,392.9698868,40.59964727,,,,,,Indirect
39,TJYM100,Jiayi,吐鲁番加依墓地,89.18,42.93,62,low,3000-2000,3000,2000,3,7,-12.41899967,39.54299927,2,4,1,0.95,430,426.293,42.42063492,,,,,,Indirect
39,TJYM101,Jiayi,吐鲁番加依墓地,89.18,42.93,62,low,3000-2000,3000,2000,3,7,-12.41899967,39.54299927,2,4,1,0.95,407.0080863,403.4160458,41.67107584,,,,,,Indirect
39,TJYM111:1,Jiayi,吐鲁番加依墓地,89.18,42.93,62,low,3000-2000,3000,2000,3,7,-12.41899967,39.54299927,2,4,1,0.95,,,44.25044092,,,,,,Indirect
39,TJYM112:2,Jiayi,吐鲁番加依墓地,89.18,42.93,62,low,3000-2000,3000,2000,3,7,-12.41899967,39.54299927,2,4,1,0.95,393.9892183,390.4622722,38.35537919,,,,,,Indirect
39,TJYM115:1,Jiayi,吐鲁番加依墓地,89.18,42.93,62,low,3000-2000,3000,2000,3,7,-12.41899967,39.54299927,2,4,1,0.95,391.9946092,388.4776361,41.29188713,,,,,,Indirect
39,TJYM122,Jiayi,吐鲁番加依墓地,89.18,42.93,62,low,3000-2000,3000,2000,3,7,-12.41899967,39.54299927,2,4,1,0.95,,,43.86463845,,,,,,Indirect
39,TJYM128,Jiayi,吐鲁番加依墓地,89.18,42.93,62,low,3000-2000,3000,2000,3,7,-12.41899967,39.54299927,2,4,1,0.95,442.9919137,439.2199542,43.86684303,,,,,,Indirect
39,TJYM136,Jiayi,吐鲁番加依墓地,89.18,42.93,62,low,3000-2000,3000,2000,3,7,-12.41899967,39.54299927,2,4,1,0.95,,,42.28835979,,,,,,Indirect
39,TJYM138,Jiayi,吐鲁番加依墓地,89.18,42.93,62,low,3000-2000,3000,2000,3,7,-12.41899967,39.54299927,2,4,1,0.95,436.509434,432.7698868,42.81525573,,,,,,Indirect
39,TJYM14,Jiayi,吐鲁番加依墓地,89.18,42.93,62,low,3000-2000,3000,2000,3,7,-12.41899967,39.54299927,2,4,1,0.95,444.5013477,440.721841,,,,,,,Indirect
39,TJYM147,Jiayi,吐鲁番加依墓地,89.18,42.93,62,low,3000-2000,3000,2000,3,7,-12.41899967,39.54299927,2,4,1,0.95,432.4932615,428.7737951,44.72883598,,,,,,Indirect
39,TJYM149,Jiayi,吐鲁番加依墓地,89.18,42.93,62,low,3000-2000,3000,2000,3,7,-12.41899967,39.54299927,2,4,1,0.95,424.5013477,420.821841,45.84876543,,,,,,Indirect
39,TJYM150,Jiayi,吐鲁番加依墓地,89.18,42.93,62,low,3000-2000,3000,2000,3,7,-12.41899967,39.54299927,2,4,1,0.95,386.4959569,383.0064771,42.74911817,,,,,,Indirect
39,TJYM154,Jiayi,吐鲁番加依墓地,89.18,42.93,62,low,3000-2000,3000,2000,3,7,-12.41899967,39.54299927,2,4,1,0.95,426.0107817,422.3237278,45.03527337,,,,,,Indirect
39,TJYM157,Jiayi,吐鲁番加依墓地,89.18,42.93,62,low,3000-2000,3000,2000,3,7,-12.41899967,39.54299927,2,4,1,0.95,438.0053908,434.2583639,,,,,,,Indirect
39,TJYM16,Jiayi,吐鲁番加依墓地,89.18,42.93,62,low,3000-2000,3000,2000,3,7,-12.41899967,39.54299927,2,4,1,0.95,,,45.16534392,,,,,,Indirect
39,TJYM160,Jiayi,吐鲁番加依墓地,89.18,42.93,62,low,3000-2000,3000,2000,3,7,-12.41899967,39.54299927,2,4,1,0.95,390,386.493,41.82319224,,,,,,Indirect
39,TJYM163,Jiayi,吐鲁番加依墓地,89.18,42.93,62,low,3000-2000,3000,2000,3,7,-12.41899967,39.54299927,2,4,1,0.95,415.4986523,411.864159,44.34082892,,,,,,Indirect
39,TJYM166:2,Jiayi,吐鲁番加依墓地,89.18,42.93,62,low,3000-2000,3000,2000,3,7,-12.41899967,39.54299927,2,4,1,0.95,420,416.343,41.96208113,,,,,,Indirect
39,TJYM167,Jiayi,吐鲁番加依墓地,89.18,42.93,62,low,3000-2000,3000,2000,3,7,-12.41899967,39.54299927,2,4,1,0.95,426.0107817,422.3237278,42.84391534,,,,,,Indirect
39,TJYM168,Jiayi,吐鲁番加依墓地,89.18,42.93,62,low,3000-2000,3000,2000,3,7,-12.41899967,39.54299927,2,4,1,0.95,424.0026954,420.3256819,42.28395062,,,,,,Indirect
39,TJYM171,Jiayi,吐鲁番加依墓地,89.18,42.93,62,low,3000-2000,3000,2000,3,7,-12.41899967,39.54299927,2,4,1,0.95,420,416.343,,,,,,,Indirect
39,TJYM177,Jiayi,吐鲁番加依墓地,89.18,42.93,62,low,3000-2000,3000,2000,3,7,-12.41899967,39.54299927,2,4,1,0.95,392.9919137,389.4699542,40.579806,,,,,,Indirect
39,TJYM180,Jiayi,吐鲁番加依墓地,89.18,42.93,62,low,3000-2000,3000,2000,3,7,-12.41899967,39.54299927,2,4,1,0.95,439.5013477,435.746841,44.55467372,,,,,,Indirect
39,TJYM19,Jiayi,吐鲁番加依墓地,89.18,42.93,62,low,3000-2000,3000,2000,3,7,-12.41899967,39.54299927,2,4,1,0.95,,,40.72530864,,,,,,Indirect
39,TJYM20,Jiayi,吐鲁番加依墓地,89.18,42.93,62,low,3000-2000,3000,2000,3,7,-12.41899967,39.54299927,2,4,1,0.95,,,41.41975309,,,,,,Indirect
39,TJYM222,Jiayi,吐鲁番加依墓地,89.18,42.93,62,low,3000-2000,3000,2000,3,7,-12.41899967,39.54299927,2,4,1,0.95,391.7520216,388.2362615,40.79365079,,,,,,Indirect
39,TJYM223,Jiayi,吐鲁番加依墓地,89.18,42.93,62,low,3000-2000,3000,2000,3,7,-12.41899967,39.54299927,2,4,1,0.95,392.0080863,388.4910458,39.23500882,,,,,,Indirect
39,TJYM224,Jiayi,吐鲁番加依墓地,89.18,42.93,62,low,3000-2000,3000,2000,3,7,-12.41899967,39.54299927,2,4,1,0.95,449.0026954,445.2006819,44.01455026,,,,,,Indirect
39,TJYM225,Jiayi,吐鲁番加依墓地,89.18,42.93,62,low,3000-2000,3000,2000,3,7,-12.41899967,39.54299927,2,4,1,0.95,392.0080863,388.4910458,43.11948854,,,,,,Indirect
39,TJYM23,Jiayi,吐鲁番加依墓地,89.18,42.93,62,low,3000-2000,3000,2000,3,7,-12.41899967,39.54299927,2,4,1,0.95,421.4959569,417.8314771,40.73412698,,,,,,Indirect
39,TJYM236,Jiayi,吐鲁番加依墓地,89.18,42.93,62,low,3000-2000,3000,2000,3,7,-12.41899967,39.54299927,2,4,1,0.95,433.9892183,430.2622722,43.14814815,,,,,,Indirect
39,TJYM238,Jiayi,吐鲁番加依墓地,89.18,42.93,62,low,3000-2000,3000,2000,3,7,-12.41899967,39.54299927,2,4,1,0.95,,,44.27910053,,,,,,Indirect
39,TJYM24,Jiayi,吐鲁番加依墓地,89.18,42.93,62,low,3000-2000,3000,2000,3,7,-12.41899967,39.54299927,2,4,1,0.95,400,396.443,45.37037037,,,,,,Indirect
39,TJYM241,Jiayi,吐鲁番加依墓地,89.18,42.93,62,low,3000-2000,3000,2000,3,7,-12.41899967,39.54299927,2,4,1,0.95,437.0080863,433.2660458,41.6005291,,,,,,Indirect
39,TJYM244,Jiayi,吐鲁番加依墓地,89.18,42.93,62,low,3000-2000,3000,2000,3,7,-12.41899967,39.54299927,2,4,1,0.95,402.9919137,399.4199542,43.1856261,,,,,,Indirect
39,TJYM28,Jiayi,吐鲁番加依墓地,89.18,42.93,62,low,3000-2000,3000,2000,3,7,-12.41899967,39.54299927,2,4,1,0.95,393.9892183,390.4622722,40.62610229,,,,,,Indirect
39,TJYM31:1,Jiayi,吐鲁番加依墓地,89.18,42.93,62,low,3000-2000,3000,2000,3,7,-12.41899967,39.54299927,2,4,1,0.95,,,43.20987654,,,,,,Indirect
39,TJYM33,Jiayi,吐鲁番加依墓地,89.18,42.93,62,low,3000-2000,3000,2000,3,7,-12.41899967,39.54299927,2,4,1,0.95,408.5040431,404.9045229,,,,,,,Indirect
39,TJYM34,Jiayi,吐鲁番加依墓地,89.18,42.93,62,low,3000-2000,3000,2000,3,7,-12.41899967,39.54299927,2,4,1,0.95,,,43.77425044,,,,,,Indirect
39,TJYM35:2,Jiayi,吐鲁番加依墓地,89.18,42.93,62,low,3000-2000,3000,2000,3,7,-12.41899967,39.54299927,2,4,1,0.95,,,40.35493827,,,,,,Indirect
39,TJYM4:2,Jiayi,吐鲁番加依墓地,89.18,42.93,62,low,3000-2000,3000,2000,3,7,-12.41899967,39.54299927,2,4,1,0.95,,,43.69929453,,,,,,Indirect
39,TJYM40,Jiayi,吐鲁番加依墓地,89.18,42.93,62,low,3000-2000,3000,2000,3,7,-12.41899967,39.54299927,2,4,1,0.95,411.4959569,407.8814771,39.9691358,,,,,,Indirect
39,TJYM41,Jiayi,吐鲁番加依墓地,89.18,42.93,62,low,3000-2000,3000,2000,3,7,-12.41899967,39.54299927,2,4,1,0.95,427.0080863,423.3160458,46.0207231,,,,,,Indirect
39,TJYM43,Jiayi,吐鲁番加依墓地,89.18,42.93,62,low,3000-2000,3000,2000,3,7,-12.41899967,39.54299927,2,4,1,0.95,448.5040431,444.7045229,44.329806,,,,,,Indirect
39,TJYM51,Jiayi,吐鲁番加依墓地,89.18,42.93,62,low,3000-2000,3000,2000,3,7,-12.41899967,39.54299927,2,4,1,0.95,446.0107817,442.2237278,,,,,,,Indirect
39,TJYM56,Jiayi,吐鲁番加依墓地,89.18,42.93,62,low,3000-2000,3000,2000,3,7,-12.41899967,39.54299927,2,4,1,0.95,384.0026954,380.5256819,42.03483245,,,,,,Indirect
39,TJYM58,Jiayi,吐鲁番加依墓地,89.18,42.93,62,low,3000-2000,3000,2000,3,7,-12.41899967,39.54299927,2,4,1,0.95,404.5013477,400.921841,41.47486772,,,,,,Indirect
39,TJYM65,Jiayi,吐鲁番加依墓地,89.18,42.93,62,low,3000-2000,3000,2000,3,7,-12.41899967,39.54299927,2,4,1,0.95,399.5013477,395.946841,41.01631393,,,,,,Indirect
39,TJYM66,Jiayi,吐鲁番加依墓地,89.18,42.93,62,low,3000-2000,3000,2000,3,7,-12.41899967,39.54299927,2,4,1,0.95,,,43.00485009,,,,,,Indirect
39,TJYM67,Jiayi,吐鲁番加依墓地,89.18,42.93,62,low,3000-2000,3000,2000,3,7,-12.41899967,39.54299927,2,4,1,0.95,,,42.05908289,,,,,,Indirect
39,TJYM69,Jiayi,吐鲁番加依墓地,89.18,42.93,62,low,3000-2000,3000,2000,3,7,-12.41899967,39.54299927,2,4,1,0.95,418.5040431,414.8545229,43.19003527,,,,,,Indirect
39,TJYM70:1,Jiayi,吐鲁番加依墓地,89.18,42.93,62,low,3000-2000,3000,2000,3,7,-12.41899967,39.54299927,2,4,1,0.95,392.9919137,389.4699542,41.38007055,,,,,,Indirect
39,TJYM72:2,Jiayi,吐鲁番加依墓地,89.18,42.93,62,low,3000-2000,3000,2000,3,7,-12.41899967,39.54299927,2,4,1,0.95,381.9946092,378.5276361,40.02425044,,,,,,Indirect
39,TJYM73,Jiayi,吐鲁番加依墓地,89.18,42.93,62,low,3000-2000,3000,2000,3,7,-12.41899967,39.54299927,2,4,1,0.95,,,40.13447972,,,,,,Indirect
39,TJYM76,Jiayi,吐鲁番加依墓地,89.18,42.93,62,low,3000-2000,3000,2000,3,7,-12.41899967,39.54299927,2,4,1,0.95,408.0053908,404.4083639,45.6856261,,,,,,Indirect
39,TJYM77,Jiayi,吐鲁番加依墓地,89.18,42.93,62,low,3000-2000,3000,2000,3,7,-12.41899967,39.54299927,2,4,1,0.95,371.9946092,368.5776361,35.23368607,,,,,,Indirect
39,TJYM82,Jiayi,吐鲁番加依墓地,89.18,42.93,62,low,3000-2000,3000,2000,3,7,-12.41899967,39.54299927,2,4,1,0.95,410.9973046,407.3853181,45.5952381,,,,,,Indirect
39,TJYM83,Jiayi,吐鲁番加依墓地,89.18,42.93,62,low,3000-2000,3000,2000,3,7,-12.41899967,39.54299927,2,4,1,0.95,399.0026954,395.4506819,40.72530864,,,,,,Indirect
39,TJYM84:1,Jiayi,吐鲁番加依墓地,89.18,42.93,62,low,3000-2000,3000,2000,3,7,-12.41899967,39.54299927,2,4,1,0.95,372.9919137,369.5699542,40.74955908,,,,,,Indirect
39,TJYM89,Jiayi,吐鲁番加依墓地,89.18,42.93,62,low,3000-2000,3000,2000,3,7,-12.41899967,39.54299927,2,4,1,0.95,,,40.17857143,,,,,,Indirect
39,TJYM93,Jiayi,吐鲁番加依墓地,89.18,42.93,62,low,3000-2000,3000,2000,3,7,-12.41899967,39.54299927,2,4,1,0.95,387.0080863,383.5160458,42.61904762,,,,,,Indirect
39,TJYM94,Jiayi,吐鲁番加依墓地,89.18,42.93,62,low,3000-2000,3000,2000,3,7,-12.41899967,39.54299927,2,4,1,0.95,401.9946092,398.4276361,41.99074074,,,,,,Indirect
39,TJYM97,Jiayi,吐鲁番加依墓地,89.18,42.93,62,low,3000-2000,3000,2000,3,7,-12.41899967,39.54299927,2,4,1,0.95,406.0107817,402.4237278,43.78968254,,,,,,Indirect
40_1,ZZⅡM49,Zhengzhou_han,郑州_汉,113.6,34.76,104,low,2152-1730,2152,1730,4,5,-4.150000095,31.90200043,7,157,0,0.05,449,445.198,,,,,,,Direct
40_1,ZZⅡM281East,Zhengzhou_han,郑州_汉,113.6,34.76,104,low,2152-1730,2152,1730,4,5,-4.150000095,31.90200043,7,157,0,0.05,480,476.043,,388,,,,81.50524217,Direct
40_1,ZZⅣM99 ,Zhengzhou_han,郑州_汉,113.6,34.76,104,low,2152-1730,2152,1730,4,5,-4.150000095,31.90200043,7,157,0,0.05,455,451.168,,367,,,,81.34442159,Direct
40_1,ZZⅠM63 ,Zhengzhou_han,郑州_汉,113.6,34.76,104,low,2152-1730,2152,1730,4,5,-4.150000095,31.90200043,7,157,0,0.05,,,,363,,,,,Direct
40_1,ZZⅡM217:1 ,Zhengzhou_han,郑州_汉,113.6,34.76,104,low,2152-1730,2152,1730,4,5,-4.150000095,31.90200043,7,157,0,0.05,467,463.108,,381.5,,,,82.37819256,Direct
40_1,ZZⅡM5R2 ,Zhengzhou_han,郑州_汉,113.6,34.76,104,low,2152-1730,2152,1730,4,5,-4.150000095,31.90200043,7,157,0,0.05,444.5,440.7205,,364.5,,,,82.70547887,Direct
40_1,ZZⅣM10North,Zhengzhou_han,郑州_汉,113.6,34.76,104,low,2152-1730,2152,1730,4,5,-4.150000095,31.90200043,7,157,0,0.05,505,500.918,,379.5,,,,75.76090298,Direct
40_1,ZZⅡM168 ,Zhengzhou_han,郑州_汉,113.6,34.76,104,low,2152-1730,2152,1730,4,5,-4.150000095,31.90200043,7,157,0,0.05,441.5,437.7355,,358,,,,81.78454797,Direct
40_1,ZZⅡM206North,Zhengzhou_han,郑州_汉,113.6,34.76,104,low,2152-1730,2152,1730,4,5,-4.150000095,31.90200043,7,157,0,0.05,467.5,463.6055,,,,,,,Direct
40_1,ZZⅡM165 ,Zhengzhou_han,郑州_汉,113.6,34.76,104,low,2152-1730,2152,1730,4,5,-4.150000095,31.90200043,7,157,0,0.05,491,486.988,,,,,,,Direct
40_1,ZZⅡM106 ,Zhengzhou_han,郑州_汉,113.6,34.76,104,low,2152-1730,2152,1730,4,5,-4.150000095,31.90200043,7,157,0,0.05,452,448.183,,,,,,,Direct
40_1,ZZⅣM56North:1,Zhengzhou_han,郑州_汉,113.6,34.76,104,low,2152-1730,2152,1730,4,5,-4.150000095,31.90200043,7,157,0,0.05,470,466.093,,,,,,,Direct
40_1,ZZⅡM50右 ,Zhengzhou_han,郑州_汉,113.6,34.76,104,low,2152-1730,2152,1730,4,5,-4.150000095,31.90200043,7,157,0,0.05,463.5,459.6255,,374.75,,,,81.53377043,Direct
40_1,ZZⅣM59 ,Zhengzhou_han,郑州_汉,113.6,34.76,104,low,2152-1730,2152,1730,4,5,-4.150000095,31.90200043,7,157,0,0.05,445,441.218,,359.75,,,,81.53565811,Direct
40_1,ZZⅡM138,Zhengzhou_han,郑州_汉,113.6,34.76,104,low,2152-1730,2152,1730,4,5,-4.150000095,31.90200043,7,157,0,0.05,436,432.263,,,,,,,Direct
40_1,ZZⅠM15:2 ,Zhengzhou_han,郑州_汉,113.6,34.76,104,low,2152-1730,2152,1730,4,5,-4.150000095,31.90200043,7,157,0,0.05,459.75,455.89425,,366,,,,80.28177587,Direct
40_1,ZZⅠM57 ,Zhengzhou_han,郑州_汉,113.6,34.76,104,low,2152-1730,2152,1730,4,5,-4.150000095,31.90200043,7,157,0,0.05,419,415.348,,340.5,,,,81.97944856,Direct
40_1,ZZⅠM29South,Zhengzhou_han,郑州_汉,113.6,34.76,104,low,2152-1730,2152,1730,4,5,-4.150000095,31.90200043,7,157,0,0.05,473,469.078,,379.5,,,,80.9033892,Direct
40_1,ZZⅡM43Left,Zhengzhou_han,郑州_汉,113.6,34.76,104,low,2152-1730,2152,1730,4,5,-4.150000095,31.90200043,7,157,0,0.05,438.25,434.50175,,348.25,,,,80.14927443,Direct
40_1,ZZⅡM17 ,Zhengzhou_han,郑州_汉,113.6,34.76,104,low,2152-1730,2152,1730,4,5,-4.150000095,31.90200043,7,157,0,0.05,,,,387.5,,,,,Direct
40_1,ZZⅣM95 ,Zhengzhou_han,郑州_汉,113.6,34.76,104,low,2152-1730,2152,1730,4,5,-4.150000095,31.90200043,7,157,0,0.05,472.5,468.5805,,395.5,,,,84.40385377,Direct
40_1,ZZⅣM96 ,Zhengzhou_han,郑州_汉,113.6,34.76,104,low,2152-1730,2152,1730,4,5,-4.150000095,31.90200043,7,157,0,0.05,452,448.183,,379,,,,84.56367154,Direct
40_1,ZZⅣ111West,Zhengzhou_han,郑州_汉,113.6,34.76,104,low,2152-1730,2152,1730,4,5,-4.150000095,31.90200043,7,157,0,0.05,486,482.013,,391.25,,,,81.17000994,Direct
40_1,ZZⅡM113,Zhengzhou_han,郑州_汉,113.6,34.76,104,low,2152-1730,2152,1730,4,5,-4.150000095,31.90200043,7,157,0,0.05,433,429.278,,345,,,,80.36750078,Direct
40_1,ZZⅣM3West,Zhengzhou_han,郑州_汉,113.6,34.76,104,low,2152-1730,2152,1730,4,5,-4.150000095,31.90200043,7,157,0,0.05,501.5,497.4355,,406.5,,,,81.71913746,Direct
40_1,ZZⅣM66:1,Zhengzhou_han,郑州_汉,113.6,34.76,104,low,2152-1730,2152,1730,4,5,-4.150000095,31.90200043,7,157,0,0.05,457.75,453.90425,,386,,,,85.03996162,Direct
40_1,ZZⅡM5R4 ,Zhengzhou_han,郑州_汉,113.6,34.76,104,low,2152-1730,2152,1730,4,5,-4.150000095,31.90200043,7,157,0,0.05,458,454.153,,374.25,,,,82.40614947,Direct
40_1,ZZⅣM56South,Zhengzhou_han,郑州_汉,113.6,34.76,104,low,2152-1730,2152,1730,4,5,-4.150000095,31.90200043,7,157,0,0.05,456.5,452.6605,,364.5,,,,80.52392466,Direct
40_1,ZZⅡM80Right,Zhengzhou_han,郑州_汉,113.6,34.76,104,low,2152-1730,2152,1730,4,5,-4.150000095,31.90200043,7,157,0,0.05,443.5,439.7255,,,,,,,Direct
40_1,ZZLinruiM5,Zhengzhou_han,郑州_汉,113.6,34.76,104,low,2152-1730,2152,1730,4,5,-4.150000095,31.90200043,7,157,0,0.05,461.5,457.6355,,379.5,,,,82.926259,Direct
40_1,ZZZhongkangM8,Zhengzhou_han,郑州_汉,113.6,34.76,104,low,2152-1730,2152,1730,4,5,-4.150000095,31.90200043,7,157,0,0.05,448.75,444.94925,,355.75,,,,79.95293845,Direct
40_1,ZZⅡM206South,Zhengzhou_han,郑州_汉,113.6,34.76,104,low,2152-1730,2152,1730,4,5,-4.150000095,31.90200043,7,157,1,0.95,412.5,408.8805,,342.5,,,,83.76530551,Direct
40_1,ZZⅡM43Right,Zhengzhou_han,郑州_汉,113.6,34.76,104,low,2152-1730,2152,1730,4,5,-4.150000095,31.90200043,7,157,1,0.95,417,413.358,,341.5,,,,82.61603743,Direct
40_1,ZZⅡM281East,Zhengzhou_han,郑州_汉,113.6,34.76,104,low,2152-1730,2152,1730,4,5,-4.150000095,31.90200043,7,157,1,0.95,404,400.423,,,,,,,Direct
40_1,ZZⅡM80East,Zhengzhou_han,郑州_汉,113.6,34.76,104,low,2152-1730,2152,1730,4,5,-4.150000095,31.90200043,7,157,1,0.95,416.5,412.8605,,,,,,,Direct
40_1,ZZⅡM134:1,Zhengzhou_han,郑州_汉,113.6,34.76,104,low,2152-1730,2152,1730,4,5,-4.150000095,31.90200043,7,157,1,0.95,411.75,408.13425,,329.25,,,,80.67198477,Direct
40_1,ZZⅡM5R3,Zhengzhou_han,郑州_汉,113.6,34.76,104,low,2152-1730,2152,1730,4,5,-4.150000095,31.90200043,7,157,1,0.95,406,402.413,,328.5,,,,81.63255163,Direct
40_1,ZZⅡM261West,Zhengzhou_han,郑州_汉,113.6,34.76,104,low,2152-1730,2152,1730,4,5,-4.150000095,31.90200043,7,157,1,0.95,392.75,389.22925,,329.5,,,,84.65448062,Direct
40_1,ZZⅡM23Left,Zhengzhou_han,郑州_汉,113.6,34.76,104,low,2152-1730,2152,1730,4,5,-4.150000095,31.90200043,7,157,1,0.95,466.75,462.85925,,368.25,,,,79.55982299,Direct
40_1,ZZⅠM11East,Zhengzhou_han,郑州_汉,113.6,34.76,104,low,2152-1730,2152,1730,4,5,-4.150000095,31.90200043,7,157,1,0.95,,,,340.5,,,,,Direct
40_1,ZZⅠM19 ,Zhengzhou_han,郑州_汉,113.6,34.76,104,low,2152-1730,2152,1730,4,5,-4.150000095,31.90200043,7,157,1,0.95,397.5,393.9555,,,,,,,Direct
40_1,ZZⅣM56North:2 ,Zhengzhou_han,郑州_汉,113.6,34.76,104,low,2152-1730,2152,1730,4,5,-4.150000095,31.90200043,7,157,1,0.95,,,,314,,,,,Direct
40_1,ZZⅣM14:2,Zhengzhou_han,郑州_汉,113.6,34.76,104,low,2152-1730,2152,1730,4,5,-4.150000095,31.90200043,7,157,1,0.95,427,423.308,,356,,,,84.09952092,Direct
40_1,ZZⅣM92,Zhengzhou_han,郑州_汉,113.6,34.76,104,low,2152-1730,2152,1730,4,5,-4.150000095,31.90200043,7,157,1,0.95,410.75,407.13925,,327.5,,,,80.43930916,Direct
40_1,ZZⅣM1,Zhengzhou_han,郑州_汉,113.6,34.76,104,low,2152-1730,2152,1730,4,5,-4.150000095,31.90200043,7,157,1,0.95,392.5,388.9805,,328.25,,,,84.38726363,Direct
40_1,ZZⅣM3East,Zhengzhou_han,郑州_汉,113.6,34.76,104,low,2152-1730,2152,1730,4,5,-4.150000095,31.90200043,7,157,1,0.95,440,436.243,,371,,,,85.04434455,Direct
40_1,ZZⅣM90,Zhengzhou_han,郑州_汉,113.6,34.76,104,low,2152-1730,2152,1730,4,5,-4.150000095,31.90200043,7,157,1,0.95,410,406.393,,,,,,,Direct
40_1,ZZⅣM27,Zhengzhou_han,郑州_汉,113.6,34.76,104,low,2152-1730,2152,1730,4,5,-4.150000095,31.90200043,7,157,1,0.95,455,451.168,,,,,,,Direct
40_1,ZZⅢM14 ,Zhengzhou_han,郑州_汉,113.6,34.76,104,low,2152-1730,2152,1730,4,5,-4.150000095,31.90200043,7,157,1,0.95,,,,296,,,,,Direct
40_1,ZZⅣM114,Zhengzhou_han,郑州_汉,113.6,34.76,104,low,2152-1730,2152,1730,4,5,-4.150000095,31.90200043,7,157,1,0.95,385,381.518,,,,,,,Direct
40_1,ZZZZLinruiM7,Zhengzhou_han,郑州_汉,113.6,34.76,104,low,2152-1730,2152,1730,4,5,-4.150000095,31.90200043,7,157,1,0.95,423,419.328,,342.5,,,,81.67830433,Direct
40_1,ZZLiduT5M1,Zhengzhou_han,郑州_汉,113.6,34.76,104,low,2152-1730,2152,1730,4,5,-4.150000095,31.90200043,7,157,1,0.95,458.25,454.40175,,376.25,,,,82.80117759,Direct
40_2,ZZⅣM112,Zhengzhou_tang,郑州_唐,113.6,34.76,104,low,1530-1043,1530,1043,5,5,-4.150000095,31.90200043,7,157,0,0.05,473.5,469.5755,,,,,,,Direct
40_2,ZZⅡM189:1,Zhengzhou_tang,郑州_唐,113.6,34.76,104,low,1530-1043,1530,1043,5,5,-4.150000095,31.90200043,7,157,0,0.05,456,452.163,,365.5,,,,80.83368166,Direct
40_2,ZZⅡM164Central,Zhengzhou_tang,郑州_唐,113.6,34.76,104,low,1530-1043,1530,1043,5,5,-4.150000095,31.90200043,7,157,0,0.05,437,433.258,,368,,,,84.93784304,Direct
40_2,ZZⅡⅣM46 ,Zhengzhou_tang,郑州_唐,113.6,34.76,104,low,1530-1043,1530,1043,5,5,-4.150000095,31.90200043,7,157,0,0.05,470,466.093,,,,,,,Direct
40_2,ZZⅡM64 ,Zhengzhou_tang,郑州_唐,113.6,34.76,104,low,1530-1043,1530,1043,5,5,-4.150000095,31.90200043,7,157,0,0.05,428,424.303,,,,,,,Direct
40_2,ZZⅡM112 ,Zhengzhou_tang,郑州_唐,113.6,34.76,104,low,1530-1043,1530,1043,5,5,-4.150000095,31.90200043,7,157,0,0.05,431.75,428.03425,,345,,,,80.60102667,Direct
40_2,ZZⅡM89:2 ,Zhengzhou_tang,郑州_唐,113.6,34.76,104,low,1530-1043,1530,1043,5,5,-4.150000095,31.90200043,7,157,0,0.05,418,414.353,,346,,,,83.50367923,Direct
40_2,ZZⅡM100 ,Zhengzhou_tang,郑州_唐,113.6,34.76,104,low,1530-1043,1530,1043,5,5,-4.150000095,31.90200043,7,157,0,0.05,448,444.203,,351,,,,79.01792649,Direct
40_2,ZZⅣM2East,Zhengzhou_tang,郑州_唐,113.6,34.76,104,low,1530-1043,1530,1043,5,5,-4.150000095,31.90200043,7,157,0,0.05,,,,367,,,,,Direct
40_2,ZZHongjiM17Left,Zhengzhou_tang,郑州_唐,113.6,34.76,104,low,1530-1043,1530,1043,5,5,-4.150000095,31.90200043,7,157,0,0.05,433.75,430.02425,,362.5,,,,84.29757159,Direct
40_2,ZZ03ZHHRT3M2,Zhengzhou_tang,郑州_唐,113.6,34.76,104,low,1530-1043,1530,1043,5,5,-4.150000095,31.90200043,7,157,0,0.05,447,443.208,,374,,,,84.3847584,Direct
40_2,ZZⅡM189:2 ,Zhengzhou_tang,郑州_唐,113.6,34.76,104,low,1530-1043,1530,1043,5,5,-4.150000095,31.90200043,7,157,1,0.95,429,425.298,,356,,,,83.7060132,Direct
40_2,ZZⅡM7,Zhengzhou_tang,郑州_唐,113.6,34.76,104,low,1530-1043,1530,1043,5,5,-4.150000095,31.90200043,7,157,1,0.95,415,411.368,,,,,,,Direct
40_2,ZZⅡM199 ,Zhengzhou_tang,郑州_唐,113.6,34.76,104,low,1530-1043,1530,1043,5,5,-4.150000095,31.90200043,7,157,1,0.95,390.75,387.23925,,320,,,,82.63625136,Direct
40_2,ZZⅡM263,Zhengzhou_tang,郑州_唐,113.6,34.76,104,low,1530-1043,1530,1043,5,5,-4.150000095,31.90200043,7,157,1,0.95,403,399.428,,329.5,,,,82.49296494,Direct
40_2,ZZⅡM123chamber,Zhengzhou_tang,郑州_唐,113.6,34.76,104,low,1530-1043,1530,1043,5,5,-4.150000095,31.90200043,7,157,1,0.95,,,,315,,,,,Direct
40_2,ZZⅡM121,Zhengzhou_tang,郑州_唐,113.6,34.76,104,low,1530-1043,1530,1043,5,5,-4.150000095,31.90200043,7,157,1,0.95,404,400.423,,355.5,,,,88.78111397,Direct
40_2,ZZⅡM128,Zhengzhou_tang,郑州_唐,113.6,34.76,104,low,1530-1043,1530,1043,5,5,-4.150000095,31.90200043,7,157,1,0.95,,,,339.25,,,,,Direct
40_2,ZZⅣM2West,Zhengzhou_tang,郑州_唐,113.6,34.76,104,low,1530-1043,1530,1043,5,5,-4.150000095,31.90200043,7,157,1,0.95,,,,380,,,,,Direct
40_2,ZZⅡM253:2,Zhengzhou_tang,郑州_唐,113.6,34.76,104,low,1530-1043,1530,1043,5,5,-4.150000095,31.90200043,7,157,1,0.95,373.75,370.32425,,313.5,,,,84.65554173,Direct
40_3,ZZⅡM237 ,Zhengzhou_song,郑州_宋,113.6,34.76,104,low,1043-582,1043,582,6,5,-4.150000095,31.90200043,7,157,0,0.05,,,,359,,,,,Direct
40_3,ZZⅡFYZM13,Zhengzhou_song,郑州_宋,113.6,34.76,104,low,1043-582,1043,582,6,5,-4.150000095,31.90200043,7,157,0,0.05,414,410.373,,,,,,,Direct
40_3,ZZⅡHLM73,Zhengzhou_song,郑州_宋,113.6,34.76,104,low,1043-582,1043,582,6,5,-4.150000095,31.90200043,7,157,0,0.05,421,417.338,,340,,,,81.46873757,Direct
40_3,ZZⅡHLM104,Zhengzhou_song,郑州_宋,113.6,34.76,104,low,1043-582,1043,582,6,5,-4.150000095,31.90200043,7,157,0,0.05,440.75,436.98925,,362,,,,82.83956642,Direct
40_3,ZZⅡHLM52,Zhengzhou_song,郑州_宋,113.6,34.76,104,low,1043-582,1043,582,6,5,-4.150000095,31.90200043,7,157,0,0.05,468.5,464.6005,,378.75,,,,81.5216514,Direct
40_3,ZZⅡHLM84,Zhengzhou_song,郑州_宋,113.6,34.76,104,low,1043-582,1043,582,6,5,-4.150000095,31.90200043,7,157,0,0.05,387.75,384.25425,,,,,,,Direct
40_3,ZZⅡHLM50,Zhengzhou_song,郑州_宋,113.6,34.76,104,low,1043-582,1043,582,6,5,-4.150000095,31.90200043,7,157,0,0.05,424.5,420.8205,,348,,,,82.69559111,Direct
40_3,ZZⅡHLM51,Zhengzhou_song,郑州_宋,113.6,34.76,104,low,1043-582,1043,582,6,5,-4.150000095,31.90200043,7,157,0,0.05,468,464.103,,,,,,,Direct
40_3,ZZⅡHLM100,Zhengzhou_song,郑州_宋,113.6,34.76,104,low,1043-582,1043,582,6,5,-4.150000095,31.90200043,7,157,0,0.05,402.75,399.17925,,342.5,,,,85.80105304,Direct
40_3,ZZⅡHLM27,Zhengzhou_song,郑州_宋,113.6,34.76,104,low,1043-582,1043,582,6,5,-4.150000095,31.90200043,7,157,0,0.05,438,434.253,,361.5,,,,83.24640244,Direct
40_3,ZZⅡHLM92,Zhengzhou_song,郑州_宋,113.6,34.76,104,low,1043-582,1043,582,6,5,-4.150000095,31.90200043,7,157,0,0.05,385.5,382.0155,,313.7,,,,82.11708687,Direct
40_3,ZZⅡHLM40:1,Zhengzhou_song,郑州_宋,113.6,34.76,104,low,1043-582,1043,582,6,5,-4.150000095,31.90200043,7,157,0,0.05,433.75,430.02425,,370,,,,86.04165928,Direct
40_3,ZZⅡHLM35,Zhengzhou_song,郑州_宋,113.6,34.76,104,low,1043-582,1043,582,6,5,-4.150000095,31.90200043,7,157,0,0.05,441.75,437.98425,,360,,,,82.19473645,Direct
40_3,ZZⅡHLM71,Zhengzhou_song,郑州_宋,113.6,34.76,104,low,1043-582,1043,582,6,5,-4.150000095,31.90200043,7,157,0,0.05,428.5,424.8005,,348,,,,81.92080753,Direct
40_3,ZZⅡHLM43,Zhengzhou_song,郑州_宋,113.6,34.76,104,low,1043-582,1043,582,6,5,-4.150000095,31.90200043,7,157,0,0.05,465.5,461.6155,,,,,,,Direct
40_3,ZZⅡLinruiM2,Zhengzhou_song,郑州_宋,113.6,34.76,104,low,1043-582,1043,582,6,5,-4.150000095,31.90200043,7,157,0,0.05,435,431.268,,,,,,,Direct
40_3,ZZⅡM129 ,Zhengzhou_song,郑州_宋,113.6,34.76,104,low,1043-582,1043,582,6,5,-4.150000095,31.90200043,7,157,1,0.95,387,383.508,,,,,,,Direct
40_3,ZZⅡM245West,Zhengzhou_song,郑州_宋,113.6,34.76,104,low,1043-582,1043,582,6,5,-4.150000095,31.90200043,7,157,1,0.95,382.5,379.0305,,,,,,,Direct
40_3,ZZⅡM156 ,Zhengzhou_song,郑州_宋,113.6,34.76,104,low,1043-582,1043,582,6,5,-4.150000095,31.90200043,7,157,1,0.95,377,373.558,,,,,,,Direct
40_3,ZZⅡM136 ,Zhengzhou_song,郑州_宋,113.6,34.76,104,low,1043-582,1043,582,6,5,-4.150000095,31.90200043,7,157,1,0.95,388,384.503,,327.5,,,,85.1748881,Direct
40_3,ZZⅡZHBLM2:2,Zhengzhou_song,郑州_宋,113.6,34.76,104,low,1043-582,1043,582,6,5,-4.150000095,31.90200043,7,157,1,0.95,410,406.393,,,,,,,Direct
40_3,ZZⅡHLM62,Zhengzhou_song,郑州_宋,113.6,34.76,104,low,1043-582,1043,582,6,5,-4.150000095,31.90200043,7,157,1,0.95,393,389.478,,325.75,,,,83.63758672,Direct
40_3,ZZⅡHLM101,Zhengzhou_song,郑州_宋,113.6,34.76,104,low,1043-582,1043,582,6,5,-4.150000095,31.90200043,7,157,1,0.95,402,398.433,,338.75,,,,85.02056808,Direct
40_3,ZZⅡZKM3,Zhengzhou_song,郑州_宋,113.6,34.76,104,low,1043-582,1043,582,6,5,-4.150000095,31.90200043,7,157,1,0.95,441,437.238,,356,,,,81.42018763,Direct
40_3,ZZⅡSH2M13 ,Zhengzhou_song,郑州_宋,113.6,34.76,104,low,1043-582,1043,582,6,5,-4.150000095,31.90200043,7,157,1,0.95,395,391.468,,,,,,,Direct
40_3,ZZⅡWDYM1,Zhengzhou_song,郑州_宋,113.6,34.76,104,low,1043-582,1043,582,6,5,-4.150000095,31.90200043,7,157,1,0.95,420.25,416.59175,,345.5,,,,82.9349117,Direct
40_3,ZZⅡFYZM17EastRight,Zhengzhou_song,郑州_宋,113.6,34.76,104,low,1043-582,1043,582,6,5,-4.150000095,31.90200043,7,157,1,0.95,410,406.393,,322,,,,79.23364822,Direct
40_3,ZZⅡFYZM15,Zhengzhou_song,郑州_宋,113.6,34.76,104,low,1043-582,1043,582,6,5,-4.150000095,31.90200043,7,157,1,0.95,414.75,411.11925,,344,,,,83.67401916,Direct
40_3,ZZⅡHLM3,Zhengzhou_song,郑州_宋,113.6,34.76,104,low,1043-582,1043,582,6,5,-4.150000095,31.90200043,7,157,1,0.95,389,385.498,,314.5,,,,81.58278383,Direct
40_3,ZZⅡHLM88,Zhengzhou_song,郑州_宋,113.6,34.76,104,low,1043-582,1043,582,6,5,-4.150000095,31.90200043,7,157,1,0.95,421,417.338,,341.5,,,,81.82815847,Direct
40_3,ZZⅡHLM39,Zhengzhou_song,郑州_宋,113.6,34.76,104,low,1043-582,1043,582,6,5,-4.150000095,31.90200043,7,157,1,0.95,383,379.528,,315.75,,,,83.19544276,Direct
40_3,ZZⅡHLM40:2,Zhengzhou_song,郑州_宋,113.6,34.76,104,low,1043-582,1043,582,6,5,-4.150000095,31.90200043,7,157,1,0.95,393,389.478,,,,,,,Direct
40_3,ZZⅡHLM61,Zhengzhou_song,郑州_宋,113.6,34.76,104,low,1043-582,1043,582,6,5,-4.150000095,31.90200043,7,157,1,0.95,395,391.468,,323.5,,,,82.63766132,Direct
41,98BLIM18,Lamadong_2,喇嘛洞_2,120,40,218,low,1700-1600,1700,1600,4,6,-16.38199997,28.99500084,2,152,0,0.05,459,455.148,,,,,,,Direct
41,98BLIM42,Lamadong_2,喇嘛洞_2,120,40,218,low,1700-1600,1700,1600,4,6,-16.38199997,28.99500084,2,152,0,0.05,428,424.303,,,,,,,Direct
41,98BLIIM099,Lamadong_2,喇嘛洞_2,120,40,218,low,1700-1600,1700,1600,4,6,-16.38199997,28.99500084,2,152,0,0.05,386,382.513,,,,,,,Direct
41,98BLIIM101,Lamadong_2,喇嘛洞_2,120,40,218,low,1700-1600,1700,1600,4,6,-16.38199997,28.99500084,2,152,0,0.05,433,429.278,,,,,,,Direct
41,98BLIIM300,Lamadong_2,喇嘛洞_2,120,40,218,low,1700-1600,1700,1600,4,6,-16.38199997,28.99500084,2,152,0,0.05,445,441.218,,,,,,,Direct
41,98BLIIM363,Lamadong_2,喇嘛洞_2,120,40,218,low,1700-1600,1700,1600,4,6,-16.38199997,28.99500084,2,152,0,0.05,450,446.193,,,,,,,Direct
41,98BLIIM045,Lamadong_2,喇嘛洞_2,120,40,218,low,1700-1600,1700,1600,4,6,-16.38199997,28.99500084,2,152,0,0.05,435,431.268,,,,,,,Direct
41,98BLIIM088,Lamadong_2,喇嘛洞_2,120,40,218,low,1700-1600,1700,1600,4,6,-16.38199997,28.99500084,2,152,0,0.05,445,441.218,,,,,,,Direct
41,98BLIIM193,Lamadong_2,喇嘛洞_2,120,40,218,low,1700-1600,1700,1600,4,6,-16.38199997,28.99500084,2,152,0,0.05,452,448.183,,,,,,,Direct
41,98BLIIM301,Lamadong_2,喇嘛洞_2,120,40,218,low,1700-1600,1700,1600,4,6,-16.38199997,28.99500084,2,152,0,0.05,439,435.248,,,,,,,Direct
41,98BLIIM01,Lamadong_2,喇嘛洞_2,120,40,218,low,1700-1600,1700,1600,4,6,-16.38199997,28.99500084,2,152,0,0.05,480,476.043,,,,,,,Direct
41,98BLIIM007,Lamadong_2,喇嘛洞_2,120,40,218,low,1700-1600,1700,1600,4,6,-16.38199997,28.99500084,2,152,0,0.05,441,437.238,,,,,,,Direct
41,98BLIIM056,Lamadong_2,喇嘛洞_2,120,40,218,low,1700-1600,1700,1600,4,6,-16.38199997,28.99500084,2,152,0,0.05,418,414.353,,,,,,,Direct
41,98BLIIM061:1,Lamadong_2,喇嘛洞_2,120,40,218,low,1700-1600,1700,1600,4,6,-16.38199997,28.99500084,2,152,0,0.05,439,435.248,,,,,,,Direct
41,98BLIIM206,Lamadong_2,喇嘛洞_2,120,40,218,low,1700-1600,1700,1600,4,6,-16.38199997,28.99500084,2,152,0,0.05,438,434.253,,,,,,,Direct
41,98BLIIM183,Lamadong_2,喇嘛洞_2,120,40,218,low,1700-1600,1700,1600,4,6,-16.38199997,28.99500084,2,152,0,0.05,438,434.253,,,,,,,Direct
41,98BLIIM273,Lamadong_2,喇嘛洞_2,120,40,218,low,1700-1600,1700,1600,4,6,-16.38199997,28.99500084,2,152,0,0.05,451,447.188,,,,,,,Direct
41,98BLIIM275,Lamadong_2,喇嘛洞_2,120,40,218,low,1700-1600,1700,1600,4,6,-16.38199997,28.99500084,2,152,0,0.05,465,461.118,,,,,,,Direct
41,98BLIIM22:1,Lamadong_2,喇嘛洞_2,120,40,218,low,1700-1600,1700,1600,4,6,-16.38199997,28.99500084,2,152,0,0.05,459,455.148,,,,,,,Direct
41,98BLIIM324,Lamadong_2,喇嘛洞_2,120,40,218,low,1700-1600,1700,1600,4,6,-16.38199997,28.99500084,2,152,0,0.05,422,418.333,,,,,,,Direct
41,98BLIIM369,Lamadong_2,喇嘛洞_2,120,40,218,low,1700-1600,1700,1600,4,6,-16.38199997,28.99500084,2,152,0,0.05,454,450.173,,,,,,,Direct
41,98BLIIM374,Lamadong_2,喇嘛洞_2,120,40,218,low,1700-1600,1700,1600,4,6,-16.38199997,28.99500084,2,152,0,0.05,426,422.313,,,,,,,Direct
41,98BLIIM004,Lamadong_2,喇嘛洞_2,120,40,218,low,1700-1600,1700,1600,4,6,-16.38199997,28.99500084,2,152,0,0.05,421,417.338,,,,,,,Direct
41,98BLIIM087,Lamadong_2,喇嘛洞_2,120,40,218,low,1700-1600,1700,1600,4,6,-16.38199997,28.99500084,2,152,0,0.05,451,447.188,,,,,,,Direct
41,98BLIIM315,Lamadong_2,喇嘛洞_2,120,40,218,low,1700-1600,1700,1600,4,6,-16.38199997,28.99500084,2,152,0,0.05,451,447.188,,,,,,,Direct
41,98BLIIM371,Lamadong_2,喇嘛洞_2,120,40,218,low,1700-1600,1700,1600,4,6,-16.38199997,28.99500084,2,152,0,0.05,433,429.278,,,,,,,Direct
41,98BLIM12,Lamadong_2,喇嘛洞_2,120,40,218,low,1700-1600,1700,1600,4,6,-16.38199997,28.99500084,2,152,1,0.95,398,394.453,,,,,,,Direct
41,98BLIM19,Lamadong_2,喇嘛洞_2,120,40,218,low,1700-1600,1700,1600,4,6,-16.38199997,28.99500084,2,152,1,0.95,410,406.393,,,,,,,Direct
41,98BLIM27,Lamadong_2,喇嘛洞_2,120,40,218,low,1700-1600,1700,1600,4,6,-16.38199997,28.99500084,2,152,1,0.95,418,414.353,,,,,,,Direct
41,98BLIM29,Lamadong_2,喇嘛洞_2,120,40,218,low,1700-1600,1700,1600,4,6,-16.38199997,28.99500084,2,152,1,0.95,397,393.458,,,,,,,Direct
41,98BLIM30,Lamadong_2,喇嘛洞_2,120,40,218,low,1700-1600,1700,1600,4,6,-16.38199997,28.99500084,2,152,1,0.95,383,379.528,,,,,,,Direct
41,98BLIM37,Lamadong_2,喇嘛洞_2,120,40,218,low,1700-1600,1700,1600,4,6,-16.38199997,28.99500084,2,152,1,0.95,393,389.478,,,,,,,Direct
41,98BLIIM025,Lamadong_2,喇嘛洞_2,120,40,218,low,1700-1600,1700,1600,4,6,-16.38199997,28.99500084,2,152,1,0.95,409,405.398,,,,,,,Direct
41,98BLIIM027,Lamadong_2,喇嘛洞_2,120,40,218,low,1700-1600,1700,1600,4,6,-16.38199997,28.99500084,2,152,1,0.95,409,405.398,,,,,,,Direct
41,98BLIIM032,Lamadong_2,喇嘛洞_2,120,40,218,low,1700-1600,1700,1600,4,6,-16.38199997,28.99500084,2,152,1,0.95,443,439.228,,,,,,,Direct
41,98BLIIM040,Lamadong_2,喇嘛洞_2,120,40,218,low,1700-1600,1700,1600,4,6,-16.38199997,28.99500084,2,152,1,0.95,392,388.483,,,,,,,Direct
41,98BLIIM047,Lamadong_2,喇嘛洞_2,120,40,218,low,1700-1600,1700,1600,4,6,-16.38199997,28.99500084,2,152,1,0.95,441,437.238,,,,,,,Direct
41,98BLIIM058,Lamadong_2,喇嘛洞_2,120,40,218,low,1700-1600,1700,1600,4,6,-16.38199997,28.99500084,2,152,1,0.95,432,428.283,,,,,,,Direct
41,98BLIIM077,Lamadong_2,喇嘛洞_2,120,40,218,low,1700-1600,1700,1600,4,6,-16.38199997,28.99500084,2,152,1,0.95,410,406.393,,,,,,,Direct
41,98BLIIM085,Lamadong_2,喇嘛洞_2,120,40,218,low,1700-1600,1700,1600,4,6,-16.38199997,28.99500084,2,152,1,0.95,391,387.488,,,,,,,Direct
41,98BLIIM094,Lamadong_2,喇嘛洞_2,120,40,218,low,1700-1600,1700,1600,4,6,-16.38199997,28.99500084,2,152,1,0.95,403,399.428,,,,,,,Direct
41,98BLIIM097,Lamadong_2,喇嘛洞_2,120,40,218,low,1700-1600,1700,1600,4,6,-16.38199997,28.99500084,2,152,1,0.95,420,416.343,,,,,,,Direct
41,98BLIIM098,Lamadong_2,喇嘛洞_2,120,40,218,low,1700-1600,1700,1600,4,6,-16.38199997,28.99500084,2,152,1,0.95,400,396.443,,,,,,,Direct
41,98BLIIM123,Lamadong_2,喇嘛洞_2,120,40,218,low,1700-1600,1700,1600,4,6,-16.38199997,28.99500084,2,152,1,0.95,399,395.448,,,,,,,Direct
41,98BLIIM128,Lamadong_2,喇嘛洞_2,120,40,218,low,1700-1600,1700,1600,4,6,-16.38199997,28.99500084,2,152,1,0.95,389,385.498,,,,,,,Direct
41,98BLIIM190,Lamadong_2,喇嘛洞_2,120,40,218,low,1700-1600,1700,1600,4,6,-16.38199997,28.99500084,2,152,1,0.95,381,377.538,,,,,,,Direct
41,98BLIIM192,Lamadong_2,喇嘛洞_2,120,40,218,low,1700-1600,1700,1600,4,6,-16.38199997,28.99500084,2,152,1,0.95,420,416.343,,,,,,,Direct
41,98BLIIM221,Lamadong_2,喇嘛洞_2,120,40,218,low,1700-1600,1700,1600,4,6,-16.38199997,28.99500084,2,152,1,0.95,411,407.388,,,,,,,Direct
41,98BLIIM223,Lamadong_2,喇嘛洞_2,120,40,218,low,1700-1600,1700,1600,4,6,-16.38199997,28.99500084,2,152,1,0.95,381,377.538,,,,,,,Direct
41,98BLIIM245,Lamadong_2,喇嘛洞_2,120,40,218,low,1700-1600,1700,1600,4,6,-16.38199997,28.99500084,2,152,1,0.95,421,417.338,,,,,,,Direct
41,98BLIIM255,Lamadong_2,喇嘛洞_2,120,40,218,low,1700-1600,1700,1600,4,6,-16.38199997,28.99500084,2,152,1,0.95,386,382.513,,,,,,,Direct
41,98BLIIM256,Lamadong_2,喇嘛洞_2,120,40,218,low,1700-1600,1700,1600,4,6,-16.38199997,28.99500084,2,152,1,0.95,405,401.418,,,,,,,Direct
41,98BLIIM287,Lamadong_2,喇嘛洞_2,120,40,218,low,1700-1600,1700,1600,4,6,-16.38199997,28.99500084,2,152,1,0.95,400,396.443,,,,,,,Direct
41,98BLIIM257,Lamadong_2,喇嘛洞_2,120,40,218,low,1700-1600,1700,1600,4,6,-16.38199997,28.99500084,2,152,1,0.95,406,402.413,,,,,,,Direct
41,98BLIIM261,Lamadong_2,喇嘛洞_2,120,40,218,low,1700-1600,1700,1600,4,6,-16.38199997,28.99500084,2,152,1,0.95,413,409.378,,,,,,,Direct
41,98BLIIM268,Lamadong_2,喇嘛洞_2,120,40,218,low,1700-1600,1700,1600,4,6,-16.38199997,28.99500084,2,152,1,0.95,429,425.298,,,,,,,Direct
41,98BLIIM293,Lamadong_2,喇嘛洞_2,120,40,218,low,1700-1600,1700,1600,4,6,-16.38199997,28.99500084,2,152,1,0.95,408,404.403,,,,,,,Direct
41,98BLIIM303,Lamadong_2,喇嘛洞_2,120,40,218,low,1700-1600,1700,1600,4,6,-16.38199997,28.99500084,2,152,1,0.95,407,403.408,,,,,,,Direct
41,98BLIIM305,Lamadong_2,喇嘛洞_2,120,40,218,low,1700-1600,1700,1600,4,6,-16.38199997,28.99500084,2,152,1,0.95,397,393.458,,,,,,,Direct
41,98BLIIM311,Lamadong_2,喇嘛洞_2,120,40,218,low,1700-1600,1700,1600,4,6,-16.38199997,28.99500084,2,152,1,0.95,405,401.418,,,,,,,Direct
41,98BLIIM316,Lamadong_2,喇嘛洞_2,120,40,218,low,1700-1600,1700,1600,4,6,-16.38199997,28.99500084,2,152,1,0.95,408,404.403,,,,,,,Direct
41,98BLIIM353,Lamadong_2,喇嘛洞_2,120,40,218,low,1700-1600,1700,1600,4,6,-16.38199997,28.99500084,2,152,1,0.95,434,430.273,,,,,,,Direct
41,98BLIIM366,Lamadong_2,喇嘛洞_2,120,40,218,low,1700-1600,1700,1600,4,6,-16.38199997,28.99500084,2,152,1,0.95,431,427.288,,,,,,,Direct
42,TJZM2:1,Taojiazhai ,陶家寨,101.44,36.41,2330,low,2156-1530,2156,1530,4,6,-21.06900024,15.0710001,1,115,0,0.05,489,484.998,,,,,,,Direct
42,TJZM2:2,Taojiazhai ,陶家寨,101.44,36.41,2330,low,2156-1530,2156,1530,4,6,-21.06900024,15.0710001,1,115,0,0.05,454,450.173,,,,,,,Direct
42,TJZM2:4,Taojiazhai ,陶家寨,101.44,36.41,2330,low,2156-1530,2156,1530,4,6,-21.06900024,15.0710001,1,115,0,0.05,479,475.048,,,,,,,Direct
42,TJZM3:1,Taojiazhai ,陶家寨,101.44,36.41,2330,low,2156-1530,2156,1530,4,6,-21.06900024,15.0710001,1,115,0,0.05,444,440.223,,,,,,,Direct
42,TJZM3:3,Taojiazhai ,陶家寨,101.44,36.41,2330,low,2156-1530,2156,1530,4,6,-21.06900024,15.0710001,1,115,0,0.05,403.8,400.224,,,,,,,Direct
42,TJZM3:4,Taojiazhai ,陶家寨,101.44,36.41,2330,low,2156-1530,2156,1530,4,6,-21.06900024,15.0710001,1,115,0,0.05,460,456.143,,,,,,,Direct
42,TJZM3:6,Taojiazhai ,陶家寨,101.44,36.41,2330,low,2156-1530,2156,1530,4,6,-21.06900024,15.0710001,1,115,0,0.05,420,416.343,,,,,,,Direct
42,TJZM5:1,Taojiazhai ,陶家寨,101.44,36.41,2330,low,2156-1530,2156,1530,4,6,-21.06900024,15.0710001,1,115,0,0.05,482.3,478.3315,,,,,,,Direct
42,TJZM5:2,Taojiazhai ,陶家寨,101.44,36.41,2330,low,2156-1530,2156,1530,4,6,-21.06900024,15.0710001,1,115,0,0.05,455,451.168,,,,,,,Direct
42,TJZM5:4,Taojiazhai ,陶家寨,101.44,36.41,2330,low,2156-1530,2156,1530,4,6,-21.06900024,15.0710001,1,115,0,0.05,452,448.183,,,,,,,Direct
42,TJZM5:9,Taojiazhai ,陶家寨,101.44,36.41,2330,low,2156-1530,2156,1530,4,6,-21.06900024,15.0710001,1,115,0,0.05,443,439.228,,,,,,,Direct
42,TJZM5:13,Taojiazhai ,陶家寨,101.44,36.41,2330,low,2156-1530,2156,1530,4,6,-21.06900024,15.0710001,1,115,0,0.05,430,426.293,,,,,,,Direct
42,TJZM5:14,Taojiazhai ,陶家寨,101.44,36.41,2330,low,2156-1530,2156,1530,4,6,-21.06900024,15.0710001,1,115,0,0.05,451,447.188,,,,,,,Direct
42,TJZM6:3,Taojiazhai ,陶家寨,101.44,36.41,2330,low,2156-1530,2156,1530,4,6,-21.06900024,15.0710001,1,115,0,0.05,440,436.243,,,,,,,Direct
42,TJZM6:5,Taojiazhai ,陶家寨,101.44,36.41,2330,low,2156-1530,2156,1530,4,6,-21.06900024,15.0710001,1,115,0,0.05,446,442.213,,,,,,,Direct
42,TJZM7:4,Taojiazhai ,陶家寨,101.44,36.41,2330,low,2156-1530,2156,1530,4,6,-21.06900024,15.0710001,1,115,0,0.05,464,460.123,,,,,,,Direct
42,TJZM7:5,Taojiazhai ,陶家寨,101.44,36.41,2330,low,2156-1530,2156,1530,4,6,-21.06900024,15.0710001,1,115,0,0.05,453,449.178,,,,,,,Direct
42,TJZM7:6,Taojiazhai ,陶家寨,101.44,36.41,2330,low,2156-1530,2156,1530,4,6,-21.06900024,15.0710001,1,115,0,0.05,467,463.108,,,,,,,Direct
42,TJZM8:3,Taojiazhai ,陶家寨,101.44,36.41,2330,low,2156-1530,2156,1530,4,6,-21.06900024,15.0710001,1,115,0,0.05,471,467.088,,,,,,,Direct
42,TJZM8:7,Taojiazhai ,陶家寨,101.44,36.41,2330,low,2156-1530,2156,1530,4,6,-21.06900024,15.0710001,1,115,0,0.05,445,441.218,,,,,,,Direct
42,TJZM9:2,Taojiazhai ,陶家寨,101.44,36.41,2330,low,2156-1530,2156,1530,4,6,-21.06900024,15.0710001,1,115,0,0.05,472,468.083,,,,,,,Direct
42,TJZM9:3,Taojiazhai ,陶家寨,101.44,36.41,2330,low,2156-1530,2156,1530,4,6,-21.06900024,15.0710001,1,115,0,0.05,478,474.053,,,,,,,Direct
42,TJZM9:8,Taojiazhai ,陶家寨,101.44,36.41,2330,low,2156-1530,2156,1530,4,6,-21.06900024,15.0710001,1,115,0,0.05,485,481.018,,,,,,,Direct
42,TJZM11:2,Taojiazhai ,陶家寨,101.44,36.41,2330,low,2156-1530,2156,1530,4,6,-21.06900024,15.0710001,1,115,0,0.05,487,483.008,,,,,,,Direct
42,TJZM12:3,Taojiazhai ,陶家寨,101.44,36.41,2330,low,2156-1530,2156,1530,4,6,-21.06900024,15.0710001,1,115,0,0.05,416,412.363,,,,,,,Direct
42,TJZM12:4,Taojiazhai ,陶家寨,101.44,36.41,2330,low,2156-1530,2156,1530,4,6,-21.06900024,15.0710001,1,115,0,0.05,438,434.253,,,,,,,Direct
42,TJZM15:1,Taojiazhai ,陶家寨,101.44,36.41,2330,low,2156-1530,2156,1530,4,6,-21.06900024,15.0710001,1,115,0,0.05,460.5,456.6405,,,,,,,Direct
42,TJZM16:1,Taojiazhai ,陶家寨,101.44,36.41,2330,low,2156-1530,2156,1530,4,6,-21.06900024,15.0710001,1,115,0,0.05,421.5,417.8355,,,,,,,Direct
42,TJZM19:2,Taojiazhai ,陶家寨,101.44,36.41,2330,low,2156-1530,2156,1530,4,6,-21.06900024,15.0710001,1,115,0,0.05,456,452.163,,,,,,,Direct
42,TJZM20:1,Taojiazhai ,陶家寨,101.44,36.41,2330,low,2156-1530,2156,1530,4,6,-21.06900024,15.0710001,1,115,0,0.05,439.1,435.3475,,,,,,,Direct
42,TJZM20:4,Taojiazhai ,陶家寨,101.44,36.41,2330,low,2156-1530,2156,1530,4,6,-21.06900024,15.0710001,1,115,0,0.05,410,406.393,,,,,,,Direct
42,TJZM20:6,Taojiazhai ,陶家寨,101.44,36.41,2330,low,2156-1530,2156,1530,4,6,-21.06900024,15.0710001,1,115,0,0.05,437,433.258,,,,,,,Direct
42,TJZM20:8,Taojiazhai ,陶家寨,101.44,36.41,2330,low,2156-1530,2156,1530,4,6,-21.06900024,15.0710001,1,115,0,0.05,456,452.163,,,,,,,Direct
42,TJZM21:1,Taojiazhai ,陶家寨,101.44,36.41,2330,low,2156-1530,2156,1530,4,6,-21.06900024,15.0710001,1,115,0,0.05,447.5,443.7055,,,,,,,Direct
42,TJZM22:2,Taojiazhai ,陶家寨,101.44,36.41,2330,low,2156-1530,2156,1530,4,6,-21.06900024,15.0710001,1,115,0,0.05,449.5,445.6955,,,,,,,Direct
42,TJZM22:3,Taojiazhai ,陶家寨,101.44,36.41,2330,low,2156-1530,2156,1530,4,6,-21.06900024,15.0710001,1,115,0,0.05,429,425.298,,,,,,,Direct
42,TJZM22:5,Taojiazhai ,陶家寨,101.44,36.41,2330,low,2156-1530,2156,1530,4,6,-21.06900024,15.0710001,1,115,0,0.05,468,464.103,,,,,,,Direct
42,TJZM22:6,Taojiazhai ,陶家寨,101.44,36.41,2330,low,2156-1530,2156,1530,4,6,-21.06900024,15.0710001,1,115,0,0.05,435,431.268,,,,,,,Direct
42,TJZM24:2,Taojiazhai ,陶家寨,101.44,36.41,2330,low,2156-1530,2156,1530,4,6,-21.06900024,15.0710001,1,115,0,0.05,485,481.018,,,,,,,Direct
42,TJZM24:5,Taojiazhai ,陶家寨,101.44,36.41,2330,low,2156-1530,2156,1530,4,6,-21.06900024,15.0710001,1,115,0,0.05,471,467.088,,,,,,,Direct
42,TJZM24:6,Taojiazhai ,陶家寨,101.44,36.41,2330,low,2156-1530,2156,1530,4,6,-21.06900024,15.0710001,1,115,0,0.05,478,474.053,,,,,,,Direct
42,TJZM24:9,Taojiazhai ,陶家寨,101.44,36.41,2330,low,2156-1530,2156,1530,4,6,-21.06900024,15.0710001,1,115,0,0.05,421,417.338,,,,,,,Direct
42,TJZM24:11,Taojiazhai ,陶家寨,101.44,36.41,2330,low,2156-1530,2156,1530,4,6,-21.06900024,15.0710001,1,115,0,0.05,442.5,438.7305,,,,,,,Direct
42,TJZM24:12,Taojiazhai ,陶家寨,101.44,36.41,2330,low,2156-1530,2156,1530,4,6,-21.06900024,15.0710001,1,115,0,0.05,430.5,426.7905,,,,,,,Direct
42,TJZM25:2,Taojiazhai ,陶家寨,101.44,36.41,2330,low,2156-1530,2156,1530,4,6,-21.06900024,15.0710001,1,115,0,0.05,477,473.058,,,,,,,Direct
42,TJZM25:4,Taojiazhai ,陶家寨,101.44,36.41,2330,low,2156-1530,2156,1530,4,6,-21.06900024,15.0710001,1,115,0,0.05,503,498.928,,,,,,,Direct
42,TJZM26:1,Taojiazhai ,陶家寨,101.44,36.41,2330,low,2156-1530,2156,1530,4,6,-21.06900024,15.0710001,1,115,0,0.05,457,453.158,,,,,,,Direct
42,TJZM26:3,Taojiazhai ,陶家寨,101.44,36.41,2330,low,2156-1530,2156,1530,4,6,-21.06900024,15.0710001,1,115,0,0.05,468.1,464.2025,,,,,,,Direct
42,TJZM26:8,Taojiazhai ,陶家寨,101.44,36.41,2330,low,2156-1530,2156,1530,4,6,-21.06900024,15.0710001,1,115,0,0.05,453,449.178,,,,,,,Direct
42,TJZM26:9,Taojiazhai ,陶家寨,101.44,36.41,2330,low,2156-1530,2156,1530,4,6,-21.06900024,15.0710001,1,115,0,0.05,451,447.188,,,,,,,Direct
42,TJZM28:1,Taojiazhai ,陶家寨,101.44,36.41,2330,low,2156-1530,2156,1530,4,6,-21.06900024,15.0710001,1,115,0,0.05,430,426.293,,,,,,,Direct
42,TJZM28:3,Taojiazhai ,陶家寨,101.44,36.41,2330,low,2156-1530,2156,1530,4,6,-21.06900024,15.0710001,1,115,0,0.05,449,445.198,,,,,,,Direct
42,TJZM29:3,Taojiazhai ,陶家寨,101.44,36.41,2330,low,2156-1530,2156,1530,4,6,-21.06900024,15.0710001,1,115,0,0.05,461,457.138,,,,,,,Direct
42,TJZM30:1,Taojiazhai ,陶家寨,101.44,36.41,2330,low,2156-1530,2156,1530,4,6,-21.06900024,15.0710001,1,115,0,0.05,455,451.168,,,,,,,Direct
42,TJZM31:2,Taojiazhai ,陶家寨,101.44,36.41,2330,low,2156-1530,2156,1530,4,6,-21.06900024,15.0710001,1,115,0,0.05,468,464.103,,,,,,,Direct
42,TJZM32:1,Taojiazhai ,陶家寨,101.44,36.41,2330,low,2156-1530,2156,1530,4,6,-21.06900024,15.0710001,1,115,0,0.05,442,438.233,,,,,,,Direct
42,TJZM32:3,Taojiazhai ,陶家寨,101.44,36.41,2330,low,2156-1530,2156,1530,4,6,-21.06900024,15.0710001,1,115,0,0.05,444.5,440.7205,,,,,,,Direct
42,TJZM34:1,Taojiazhai ,陶家寨,101.44,36.41,2330,low,2156-1530,2156,1530,4,6,-21.06900024,15.0710001,1,115,0,0.05,481.5,477.5355,,,,,,,Direct
42,TJZM35:2,Taojiazhai ,陶家寨,101.44,36.41,2330,low,2156-1530,2156,1530,4,6,-21.06900024,15.0710001,1,115,0,0.05,457.5,453.6555,,,,,,,Direct
42,TJZM36:1,Taojiazhai ,陶家寨,101.44,36.41,2330,low,2156-1530,2156,1530,4,6,-21.06900024,15.0710001,1,115,0,0.05,441,437.238,,,,,,,Direct
42,TJZM37:2,Taojiazhai ,陶家寨,101.44,36.41,2330,low,2156-1530,2156,1530,4,6,-21.06900024,15.0710001,1,115,0,0.05,449,445.198,,,,,,,Direct
42,TJZM38,Taojiazhai ,陶家寨,101.44,36.41,2330,low,2156-1530,2156,1530,4,6,-21.06900024,15.0710001,1,115,0,0.05,475.5,471.5655,,,,,,,Direct
42,TJZM39:2,Taojiazhai ,陶家寨,101.44,36.41,2330,low,2156-1530,2156,1530,4,6,-21.06900024,15.0710001,1,115,0,0.05,451.5,447.6855,,,,,,,Direct
42,TJZM39:4,Taojiazhai ,陶家寨,101.44,36.41,2330,low,2156-1530,2156,1530,4,6,-21.06900024,15.0710001,1,115,0,0.05,473,469.078,,,,,,,Direct
42,TJZM40:1,Taojiazhai ,陶家寨,101.44,36.41,2330,low,2156-1530,2156,1530,4,6,-21.06900024,15.0710001,1,115,0,0.05,462.5,458.6305,,,,,,,Direct
42,TJZM43:3,Taojiazhai ,陶家寨,101.44,36.41,2330,low,2156-1530,2156,1530,4,6,-21.06900024,15.0710001,1,115,0,0.05,480,476.043,,,,,,,Direct
42,TJZM43:5,Taojiazhai ,陶家寨,101.44,36.41,2330,low,2156-1530,2156,1530,4,6,-21.06900024,15.0710001,1,115,0,0.05,453.5,449.6755,,,,,,,Direct
42,TJZM43:6,Taojiazhai ,陶家寨,101.44,36.41,2330,low,2156-1530,2156,1530,4,6,-21.06900024,15.0710001,1,115,0,0.05,445,441.218,,,,,,,Direct
42,TJZM43:7,Taojiazhai ,陶家寨,101.44,36.41,2330,low,2156-1530,2156,1530,4,6,-21.06900024,15.0710001,1,115,0,0.05,466,462.113,,,,,,,Direct
42,TJZM43:14,Taojiazhai ,陶家寨,101.44,36.41,2330,low,2156-1530,2156,1530,4,6,-21.06900024,15.0710001,1,115,0,0.05,421,417.338,,,,,,,Direct
42,TJZM44:3,Taojiazhai ,陶家寨,101.44,36.41,2330,low,2156-1530,2156,1530,4,6,-21.06900024,15.0710001,1,115,0,0.05,495,490.968,,,,,,,Direct
42,TJZM46:1,Taojiazhai ,陶家寨,101.44,36.41,2330,low,2156-1530,2156,1530,4,6,-21.06900024,15.0710001,1,115,0,0.05,423,419.328,,,,,,,Direct
42,TJZM47:1,Taojiazhai ,陶家寨,101.44,36.41,2330,low,2156-1530,2156,1530,4,6,-21.06900024,15.0710001,1,115,0,0.05,426.5,422.8105,,,,,,,Direct
42,TJZM47:2,Taojiazhai ,陶家寨,101.44,36.41,2330,low,2156-1530,2156,1530,4,6,-21.06900024,15.0710001,1,115,0,0.05,413.5,409.8755,,,,,,,Direct
42,TJZM48:3,Taojiazhai ,陶家寨,101.44,36.41,2330,low,2156-1530,2156,1530,4,6,-21.06900024,15.0710001,1,115,0,0.05,407.5,403.9055,,,,,,,Direct
42,TJZM48:4,Taojiazhai ,陶家寨,101.44,36.41,2330,low,2156-1530,2156,1530,4,6,-21.06900024,15.0710001,1,115,0,0.05,429,425.298,,,,,,,Direct
42,TJZM49:2,Taojiazhai ,陶家寨,101.44,36.41,2330,low,2156-1530,2156,1530,4,6,-21.06900024,15.0710001,1,115,0,0.05,403,399.428,,,,,,,Direct
42,TJZM50:1,Taojiazhai ,陶家寨,101.44,36.41,2330,low,2156-1530,2156,1530,4,6,-21.06900024,15.0710001,1,115,0,0.05,481,477.038,,,,,,,Direct
42,TJZM50:3,Taojiazhai ,陶家寨,101.44,36.41,2330,low,2156-1530,2156,1530,4,6,-21.06900024,15.0710001,1,115,0,0.05,472.5,468.5805,,,,,,,Direct
42,TJZM50:4,Taojiazhai ,陶家寨,101.44,36.41,2330,low,2156-1530,2156,1530,4,6,-21.06900024,15.0710001,1,115,0,0.05,481.5,477.5355,,,,,,,Direct
42,TJZM50:6,Taojiazhai ,陶家寨,101.44,36.41,2330,low,2156-1530,2156,1530,4,6,-21.06900024,15.0710001,1,115,0,0.05,470,466.093,,,,,,,Direct
42,TJZM52:1,Taojiazhai ,陶家寨,101.44,36.41,2330,low,2156-1530,2156,1530,4,6,-21.06900024,15.0710001,1,115,0,0.05,461.5,457.6355,,,,,,,Direct
42,TJZM52:3,Taojiazhai ,陶家寨,101.44,36.41,2330,low,2156-1530,2156,1530,4,6,-21.06900024,15.0710001,1,115,0,0.05,433.5,429.7755,,,,,,,Direct
42,TJZM52:8,Taojiazhai ,陶家寨,101.44,36.41,2330,low,2156-1530,2156,1530,4,6,-21.06900024,15.0710001,1,115,0,0.05,457,453.158,,,,,,,Direct
42,TJZM52:9,Taojiazhai ,陶家寨,101.44,36.41,2330,low,2156-1530,2156,1530,4,6,-21.06900024,15.0710001,1,115,0,0.05,443.5,439.7255,,,,,,,Direct
42,TJZM53:1,Taojiazhai ,陶家寨,101.44,36.41,2330,low,2156-1530,2156,1530,4,6,-21.06900024,15.0710001,1,115,0,0.05,485,481.018,,,,,,,Direct
42,TJZM54:1,Taojiazhai ,陶家寨,101.44,36.41,2330,low,2156-1530,2156,1530,4,6,-21.06900024,15.0710001,1,115,0,0.05,489,484.998,,,,,,,Direct
42,TJZM54:2,Taojiazhai ,陶家寨,101.44,36.41,2330,low,2156-1530,2156,1530,4,6,-21.06900024,15.0710001,1,115,0,0.05,453,449.178,,,,,,,Direct
42,TJZM54:6,Taojiazhai ,陶家寨,101.44,36.41,2330,low,2156-1530,2156,1530,4,6,-21.06900024,15.0710001,1,115,0,0.05,488,484.003,,,,,,,Direct
42,TJZM54:7,Taojiazhai ,陶家寨,101.44,36.41,2330,low,2156-1530,2156,1530,4,6,-21.06900024,15.0710001,1,115,0,0.05,452.5,448.6805,,,,,,,Direct
42,TJZM55:1,Taojiazhai ,陶家寨,101.44,36.41,2330,low,2156-1530,2156,1530,4,6,-21.06900024,15.0710001,1,115,0,0.05,466,462.113,,,,,,,Direct
42,TJZM55:9,Taojiazhai ,陶家寨,101.44,36.41,2330,low,2156-1530,2156,1530,4,6,-21.06900024,15.0710001,1,115,0,0.05,454,450.173,,,,,,,Direct
42,TJZM56:2,Taojiazhai ,陶家寨,101.44,36.41,2330,low,2156-1530,2156,1530,4,6,-21.06900024,15.0710001,1,115,0,0.05,478,474.053,,,,,,,Direct
42,TJZM57:1,Taojiazhai ,陶家寨,101.44,36.41,2330,low,2156-1530,2156,1530,4,6,-21.06900024,15.0710001,1,115,0,0.05,478.5,474.5505,,,,,,,Direct
42,TJZM58:1,Taojiazhai ,陶家寨,101.44,36.41,2330,low,2156-1530,2156,1530,4,6,-21.06900024,15.0710001,1,115,0,0.05,473,469.078,,,,,,,Direct
42,TJZM59:5,Taojiazhai ,陶家寨,101.44,36.41,2330,low,2156-1530,2156,1530,4,6,-21.06900024,15.0710001,1,115,0,0.05,426.5,422.8105,,,,,,,Direct
42,TJZM59:6,Taojiazhai ,陶家寨,101.44,36.41,2330,low,2156-1530,2156,1530,4,6,-21.06900024,15.0710001,1,115,0,0.05,424,420.323,,,,,,,Direct
42,TJZM60:2,Taojiazhai ,陶家寨,101.44,36.41,2330,low,2156-1530,2156,1530,4,6,-21.06900024,15.0710001,1,115,0,0.05,476.5,472.5605,,,,,,,Direct
42,TJZM60:5,Taojiazhai ,陶家寨,101.44,36.41,2330,low,2156-1530,2156,1530,4,6,-21.06900024,15.0710001,1,115,0,0.05,457,453.158,,,,,,,Direct
42,TJZM60:6,Taojiazhai ,陶家寨,101.44,36.41,2330,low,2156-1530,2156,1530,4,6,-21.06900024,15.0710001,1,115,0,0.05,458,454.153,,,,,,,Direct
42,TJZM60:7,Taojiazhai ,陶家寨,101.44,36.41,2330,low,2156-1530,2156,1530,4,6,-21.06900024,15.0710001,1,115,0,0.05,450,446.193,,,,,,,Direct
42,TJZM60:9,Taojiazhai ,陶家寨,101.44,36.41,2330,low,2156-1530,2156,1530,4,6,-21.06900024,15.0710001,1,115,0,0.05,430,426.293,,,,,,,Direct
42,TJZM60:11,Taojiazhai ,陶家寨,101.44,36.41,2330,low,2156-1530,2156,1530,4,6,-21.06900024,15.0710001,1,115,0,0.05,447,443.208,,,,,,,Direct
42,TJZM61:2,Taojiazhai ,陶家寨,101.44,36.41,2330,low,2156-1530,2156,1530,4,6,-21.06900024,15.0710001,1,115,0,0.05,443,439.228,,,,,,,Direct
42,TJZM61:4,Taojiazhai ,陶家寨,101.44,36.41,2330,low,2156-1530,2156,1530,4,6,-21.06900024,15.0710001,1,115,0,0.05,445.5,441.7155,,,,,,,Direct
42,TJZM61:5,Taojiazhai ,陶家寨,101.44,36.41,2330,low,2156-1530,2156,1530,4,6,-21.06900024,15.0710001,1,115,0,0.05,436,432.263,,,,,,,Direct
42,TJZM62:3,Taojiazhai ,陶家寨,101.44,36.41,2330,low,2156-1530,2156,1530,4,6,-21.06900024,15.0710001,1,115,0,0.05,441,437.238,,,,,,,Direct
42,TJZM62:4,Taojiazhai ,陶家寨,101.44,36.41,2330,low,2156-1530,2156,1530,4,6,-21.06900024,15.0710001,1,115,0,0.05,445,441.218,,,,,,,Direct
42,TJZM65:1,Taojiazhai ,陶家寨,101.44,36.41,2330,low,2156-1530,2156,1530,4,6,-21.06900024,15.0710001,1,115,0,0.05,446.5,442.7105,,,,,,,Direct
42,TJZM67:7,Taojiazhai ,陶家寨,101.44,36.41,2330,low,2156-1530,2156,1530,4,6,-21.06900024,15.0710001,1,115,0,0.05,462,458.133,,,,,,,Direct
42,TJZM70:2,Taojiazhai ,陶家寨,101.44,36.41,2330,low,2156-1530,2156,1530,4,6,-21.06900024,15.0710001,1,115,0,0.05,445,441.218,,,,,,,Direct
42,TJZM73:2,Taojiazhai ,陶家寨,101.44,36.41,2330,low,2156-1530,2156,1530,4,6,-21.06900024,15.0710001,1,115,0,0.05,443,439.228,,,,,,,Direct
42,TJZM74:1,Taojiazhai ,陶家寨,101.44,36.41,2330,low,2156-1530,2156,1530,4,6,-21.06900024,15.0710001,1,115,0,0.05,436,432.263,,,,,,,Direct
42,TJZM74:3,Taojiazhai ,陶家寨,101.44,36.41,2330,low,2156-1530,2156,1530,4,6,-21.06900024,15.0710001,1,115,0,0.05,457,453.158,,,,,,,Direct
42,TJZM75:2,Taojiazhai ,陶家寨,101.44,36.41,2330,low,2156-1530,2156,1530,4,6,-21.06900024,15.0710001,1,115,0,0.05,424,420.323,,,,,,,Direct
42,TJZM76:1,Taojiazhai ,陶家寨,101.44,36.41,2330,low,2156-1530,2156,1530,4,6,-21.06900024,15.0710001,1,115,0,0.05,435,431.268,,,,,,,Direct
42,TJZM77:1,Taojiazhai ,陶家寨,101.44,36.41,2330,low,2156-1530,2156,1530,4,6,-21.06900024,15.0710001,1,115,0,0.05,464,460.123,,,,,,,Direct
42,TJZM79:2,Taojiazhai ,陶家寨,101.44,36.41,2330,low,2156-1530,2156,1530,4,6,-21.06900024,15.0710001,1,115,0,0.05,452.5,448.6805,,,,,,,Direct
42,TJZM80:1,Taojiazhai ,陶家寨,101.44,36.41,2330,low,2156-1530,2156,1530,4,6,-21.06900024,15.0710001,1,115,0,0.05,440,436.243,,,,,,,Direct
42,TJZM81:1,Taojiazhai ,陶家寨,101.44,36.41,2330,low,2156-1530,2156,1530,4,6,-21.06900024,15.0710001,1,115,0,0.05,454,450.173,,,,,,,Direct
42,TJZM84:1,Taojiazhai ,陶家寨,101.44,36.41,2330,low,2156-1530,2156,1530,4,6,-21.06900024,15.0710001,1,115,0,0.05,425,421.318,,,,,,,Direct
42,TJZM85:2,Taojiazhai ,陶家寨,101.44,36.41,2330,low,2156-1530,2156,1530,4,6,-21.06900024,15.0710001,1,115,0,0.05,462,458.133,,,,,,,Direct
42,TJZM86:1,Taojiazhai ,陶家寨,101.44,36.41,2330,low,2156-1530,2156,1530,4,6,-21.06900024,15.0710001,1,115,0,0.05,418,414.353,,,,,,,Direct
42,TJZM87:6,Taojiazhai ,陶家寨,101.44,36.41,2330,low,2156-1530,2156,1530,4,6,-21.06900024,15.0710001,1,115,0,0.05,441,437.238,,,,,,,Direct
42,TJZM88:1,Taojiazhai ,陶家寨,101.44,36.41,2330,low,2156-1530,2156,1530,4,6,-21.06900024,15.0710001,1,115,0,0.05,403,399.428,,,,,,,Direct
42,TJZM89:4,Taojiazhai ,陶家寨,101.44,36.41,2330,low,2156-1530,2156,1530,4,6,-21.06900024,15.0710001,1,115,0,0.05,493,488.978,,,,,,,Direct
42,TJZM89:5,Taojiazhai ,陶家寨,101.44,36.41,2330,low,2156-1530,2156,1530,4,6,-21.06900024,15.0710001,1,115,0,0.05,487,483.008,,,,,,,Direct
42,TJZM90:4,Taojiazhai ,陶家寨,101.44,36.41,2330,low,2156-1530,2156,1530,4,6,-21.06900024,15.0710001,1,115,0,0.05,471,467.088,,,,,,, 
42,TJZM1,Taojiazhai ,陶家寨,101.44,36.41,2330,low,2156-1530,2156,1530,4,6,-21.06900024,15.0710001,1,115,1,0.95,396,392.463,,,,,,,Direct
42,TJZM3:2 ,Taojiazhai ,陶家寨,101.44,36.41,2330,low,2156-1530,2156,1530,4,6,-21.06900024,15.0710001,1,115,1,0.95,415,411.368,,,,,,,Direct
42,TJZM5:3,Taojiazhai ,陶家寨,101.44,36.41,2330,low,2156-1530,2156,1530,4,6,-21.06900024,15.0710001,1,115,1,0.95,419,415.348,,,,,,,Direct
42,TJZM5:8 ,Taojiazhai ,陶家寨,101.44,36.41,2330,low,2156-1530,2156,1530,4,6,-21.06900024,15.0710001,1,115,1,0.95,417,413.358,,,,,,,Direct
42,TJZM5:10,Taojiazhai ,陶家寨,101.44,36.41,2330,low,2156-1530,2156,1530,4,6,-21.06900024,15.0710001,1,115,1,0.95,424,420.323,,,,,,,Direct
42,TJZM5:11,Taojiazhai ,陶家寨,101.44,36.41,2330,low,2156-1530,2156,1530,4,6,-21.06900024,15.0710001,1,115,1,0.95,395,391.468,,,,,,,Direct
42,TJZM6:1,Taojiazhai ,陶家寨,101.44,36.41,2330,low,2156-1530,2156,1530,4,6,-21.06900024,15.0710001,1,115,1,0.95,413,409.378,,,,,,,Direct
42,TJZM6:2,Taojiazhai ,陶家寨,101.44,36.41,2330,low,2156-1530,2156,1530,4,6,-21.06900024,15.0710001,1,115,1,0.95,382,378.533,,,,,,,Direct
42,TJZM6:4,Taojiazhai ,陶家寨,101.44,36.41,2330,low,2156-1530,2156,1530,4,6,-21.06900024,15.0710001,1,115,1,0.95,416.5,412.8605,,,,,,,Direct
42,TJZM6:6,Taojiazhai ,陶家寨,101.44,36.41,2330,low,2156-1530,2156,1530,4,6,-21.06900024,15.0710001,1,115,1,0.95,396,392.463,,,,,,,Direct
42,TJZM7:1,Taojiazhai ,陶家寨,101.44,36.41,2330,low,2156-1530,2156,1530,4,6,-21.06900024,15.0710001,1,115,1,0.95,408,404.403,,,,,,,Direct
42,TJZM7:2,Taojiazhai ,陶家寨,101.44,36.41,2330,low,2156-1530,2156,1530,4,6,-21.06900024,15.0710001,1,115,1,0.95,422,418.333,,,,,,,Direct
42,TJZM7:3,Taojiazhai ,陶家寨,101.44,36.41,2330,low,2156-1530,2156,1530,4,6,-21.06900024,15.0710001,1,115,1,0.95,399,395.448,,,,,,,Direct
42,TJZM7:7,Taojiazhai ,陶家寨,101.44,36.41,2330,low,2156-1530,2156,1530,4,6,-21.06900024,15.0710001,1,115,1,0.95,401,397.438,,,,,,,Direct
42,TJZM8:4 ,Taojiazhai ,陶家寨,101.44,36.41,2330,low,2156-1530,2156,1530,4,6,-21.06900024,15.0710001,1,115,1,0.95,415,411.368,,,,,,,Direct
42,TJZM8:8,Taojiazhai ,陶家寨,101.44,36.41,2330,low,2156-1530,2156,1530,4,6,-21.06900024,15.0710001,1,115,1,0.95,415,411.368,,,,,,,Direct
42,TJZM9:1,Taojiazhai ,陶家寨,101.44,36.41,2330,low,2156-1530,2156,1530,4,6,-21.06900024,15.0710001,1,115,1,0.95,409,405.398,,,,,,,Direct
42,TJZM9:4,Taojiazhai ,陶家寨,101.44,36.41,2330,low,2156-1530,2156,1530,4,6,-21.06900024,15.0710001,1,115,1,0.95,415,411.368,,,,,,,Direct
42,TJZM9:6 ,Taojiazhai ,陶家寨,101.44,36.41,2330,low,2156-1530,2156,1530,4,6,-21.06900024,15.0710001,1,115,1,0.95,437,433.258,,,,,,,Direct
42,TJZM11:1 ,Taojiazhai ,陶家寨,101.44,36.41,2330,low,2156-1530,2156,1530,4,6,-21.06900024,15.0710001,1,115,1,0.95,401.5,397.9355,,,,,,,Direct
42,TJZM11:4 ,Taojiazhai ,陶家寨,101.44,36.41,2330,low,2156-1530,2156,1530,4,6,-21.06900024,15.0710001,1,115,1,0.95,395.5,391.9655,,,,,,,Direct
42,TJZM11:6 ,Taojiazhai ,陶家寨,101.44,36.41,2330,low,2156-1530,2156,1530,4,6,-21.06900024,15.0710001,1,115,1,0.95,396,392.463,,,,,,,Direct
42,TJZM16:2 ,Taojiazhai ,陶家寨,101.44,36.41,2330,low,2156-1530,2156,1530,4,6,-21.06900024,15.0710001,1,115,1,0.95,410.5,406.8905,,,,,,,Direct
42,TJZM20:2,Taojiazhai ,陶家寨,101.44,36.41,2330,low,2156-1530,2156,1530,4,6,-21.06900024,15.0710001,1,115,1,0.95,393.5,389.9755,,,,,,,Direct
42,TJZM20:3,Taojiazhai ,陶家寨,101.44,36.41,2330,low,2156-1530,2156,1530,4,6,-21.06900024,15.0710001,1,115,1,0.95,408,404.403,,,,,,,Direct
42,TJZM20:7,Taojiazhai ,陶家寨,101.44,36.41,2330,low,2156-1530,2156,1530,4,6,-21.06900024,15.0710001,1,115,1,0.95,405,401.418,,,,,,,Direct
42,TJZM20:9,Taojiazhai ,陶家寨,101.44,36.41,2330,low,2156-1530,2156,1530,4,6,-21.06900024,15.0710001,1,115,1,0.95,370,366.593,,,,,,,Direct
42,TJZM21:2,Taojiazhai ,陶家寨,101.44,36.41,2330,low,2156-1530,2156,1530,4,6,-21.06900024,15.0710001,1,115,1,0.95,378.5,375.0505,,,,,,,Direct
42,TJZM22:1,Taojiazhai ,陶家寨,101.44,36.41,2330,low,2156-1530,2156,1530,4,6,-21.06900024,15.0710001,1,115,1,0.95,436,432.263,,,,,,,Direct
42,TJZM22:7,Taojiazhai ,陶家寨,101.44,36.41,2330,low,2156-1530,2156,1530,4,6,-21.06900024,15.0710001,1,115,1,0.95,378,374.553,,,,,,,Direct
42,TJZM24:1,Taojiazhai ,陶家寨,101.44,36.41,2330,low,2156-1530,2156,1530,4,6,-21.06900024,15.0710001,1,115,1,0.95,434.5,430.7705,,,,,,,Direct
42,TJZM24:3,Taojiazhai ,陶家寨,101.44,36.41,2330,low,2156-1530,2156,1530,4,6,-21.06900024,15.0710001,1,115,1,0.95,424,420.323,,,,,,,Direct
42,TJZM24:4,Taojiazhai ,陶家寨,101.44,36.41,2330,low,2156-1530,2156,1530,4,6,-21.06900024,15.0710001,1,115,1,0.95,407,403.408,,,,,,,Direct
42,TJZM24:7,Taojiazhai ,陶家寨,101.44,36.41,2330,low,2156-1530,2156,1530,4,6,-21.06900024,15.0710001,1,115,1,0.95,441,437.238,,,,,,,Direct
42,TJZM24:10,Taojiazhai ,陶家寨,101.44,36.41,2330,low,2156-1530,2156,1530,4,6,-21.06900024,15.0710001,1,115,1,0.95,423,419.328,,,,,,,Direct
42,TJZM24:13,Taojiazhai ,陶家寨,101.44,36.41,2330,low,2156-1530,2156,1530,4,6,-21.06900024,15.0710001,1,115,1,0.95,385,381.518,,,,,,,Direct
42,TJZM25:5,Taojiazhai ,陶家寨,101.44,36.41,2330,low,2156-1530,2156,1530,4,6,-21.06900024,15.0710001,1,115,1,0.95,451,447.188,,,,,,,Direct
42,TJZM26:2,Taojiazhai ,陶家寨,101.44,36.41,2330,low,2156-1530,2156,1530,4,6,-21.06900024,15.0710001,1,115,1,0.95,426.5,422.8105,,,,,,,Direct
42,TJZM26:4,Taojiazhai ,陶家寨,101.44,36.41,2330,low,2156-1530,2156,1530,4,6,-21.06900024,15.0710001,1,115,1,0.95,422,418.333,,,,,,,Direct
42,TJZM26:5,Taojiazhai ,陶家寨,101.44,36.41,2330,low,2156-1530,2156,1530,4,6,-21.06900024,15.0710001,1,115,1,0.95,415,411.368,,,,,,,Direct
42,TJZM26:10,Taojiazhai ,陶家寨,101.44,36.41,2330,low,2156-1530,2156,1530,4,6,-21.06900024,15.0710001,1,115,1,0.95,405.5,401.9155,,,,,,,Direct
42,TJZM28:2,Taojiazhai ,陶家寨,101.44,36.41,2330,low,2156-1530,2156,1530,4,6,-21.06900024,15.0710001,1,115,1,0.95,404,400.423,,,,,,,Direct
42,TJZM29:1,Taojiazhai ,陶家寨,101.44,36.41,2330,low,2156-1530,2156,1530,4,6,-21.06900024,15.0710001,1,115,1,0.95,408,404.403,,,,,,,Direct
42,TJZM29:2,Taojiazhai ,陶家寨,101.44,36.41,2330,low,2156-1530,2156,1530,4,6,-21.06900024,15.0710001,1,115,1,0.95,423.5,419.8255,,,,,,,Direct
42,TJZM30:3,Taojiazhai ,陶家寨,101.44,36.41,2330,low,2156-1530,2156,1530,4,6,-21.06900024,15.0710001,1,115,1,0.95,409,405.398,,,,,,,Direct
42,TJZM30:4,Taojiazhai ,陶家寨,101.44,36.41,2330,low,2156-1530,2156,1530,4,6,-21.06900024,15.0710001,1,115,1,0.95,386,382.513,,,,,,,Direct
42,TJZM31:1,Taojiazhai ,陶家寨,101.44,36.41,2330,low,2156-1530,2156,1530,4,6,-21.06900024,15.0710001,1,115,1,0.95,423.5,419.8255,,,,,,,Direct
42,TJZM32:2,Taojiazhai ,陶家寨,101.44,36.41,2330,low,2156-1530,2156,1530,4,6,-21.06900024,15.0710001,1,115,1,0.95,393,389.478,,,,,,,Direct
42,TJZM34:3 ,Taojiazhai ,陶家寨,101.44,36.41,2330,low,2156-1530,2156,1530,4,6,-21.06900024,15.0710001,1,115,1,0.95,437,433.258,,,,,,,Direct
42,TJZM34:4,Taojiazhai ,陶家寨,101.44,36.41,2330,low,2156-1530,2156,1530,4,6,-21.06900024,15.0710001,1,115,1,0.95,466,462.113,,,,,,,Direct
42,TJZM35:1,Taojiazhai ,陶家寨,101.44,36.41,2330,low,2156-1530,2156,1530,4,6,-21.06900024,15.0710001,1,115,1,0.95,409.5,405.8955,,,,,,,Direct
42,TJZM37:1,Taojiazhai ,陶家寨,101.44,36.41,2330,low,2156-1530,2156,1530,4,6,-21.06900024,15.0710001,1,115,1,0.95,410,406.393,,,,,,,Direct
42,TJZM39:1,Taojiazhai ,陶家寨,101.44,36.41,2330,low,2156-1530,2156,1530,4,6,-21.06900024,15.0710001,1,115,1,0.95,427.5,423.8055,,,,,,,Direct
42,TJZM39:6,Taojiazhai ,陶家寨,101.44,36.41,2330,low,2156-1530,2156,1530,4,6,-21.06900024,15.0710001,1,115,1,0.95,384,380.523,,,,,,,Direct
42,TJZM39:7,Taojiazhai ,陶家寨,101.44,36.41,2330,low,2156-1530,2156,1530,4,6,-21.06900024,15.0710001,1,115,1,0.95,389.5,385.9955,,,,,,,Direct
42,TJZM40:3,Taojiazhai ,陶家寨,101.44,36.41,2330,low,2156-1530,2156,1530,4,6,-21.06900024,15.0710001,1,115,1,0.95,401,397.438,,,,,,,Direct
42,TJZM43:9,Taojiazhai ,陶家寨,101.44,36.41,2330,low,2156-1530,2156,1530,4,6,-21.06900024,15.0710001,1,115,1,0.95,409,405.398,,,,,,,Direct
42,TJZM43:10,Taojiazhai ,陶家寨,101.44,36.41,2330,low,2156-1530,2156,1530,4,6,-21.06900024,15.0710001,1,115,1,0.95,420,416.343,,,,,,,Direct
42,TJZM43:13,Taojiazhai ,陶家寨,101.44,36.41,2330,low,2156-1530,2156,1530,4,6,-21.06900024,15.0710001,1,115,1,0.95,397,393.458,,,,,,,Direct
42,TJZM45:1,Taojiazhai ,陶家寨,101.44,36.41,2330,low,2156-1530,2156,1530,4,6,-21.06900024,15.0710001,1,115,1,0.95,401,397.438,,,,,,,Direct
42,TJZM46:2,Taojiazhai ,陶家寨,101.44,36.41,2330,low,2156-1530,2156,1530,4,6,-21.06900024,15.0710001,1,115,1,0.95,416.5,412.8605,,,,,,,Direct
42,TJZM48:1 ,Taojiazhai ,陶家寨,101.44,36.41,2330,low,2156-1530,2156,1530,4,6,-21.06900024,15.0710001,1,115,1,0.95,397,393.458,,,,,,,Direct
42,TJZM48:2,Taojiazhai ,陶家寨,101.44,36.41,2330,low,2156-1530,2156,1530,4,6,-21.06900024,15.0710001,1,115,1,0.95,420,416.343,,,,,,,Direct
42,TJZM48:5,Taojiazhai ,陶家寨,101.44,36.41,2330,low,2156-1530,2156,1530,4,6,-21.06900024,15.0710001,1,115,1,0.95,422,418.333,,,,,,,Direct
42,TJZM49:1,Taojiazhai ,陶家寨,101.44,36.41,2330,low,2156-1530,2156,1530,4,6,-21.06900024,15.0710001,1,115,1,0.95,369,365.598,,,,,,,Direct
42,TJZM50:2,Taojiazhai ,陶家寨,101.44,36.41,2330,low,2156-1530,2156,1530,4,6,-21.06900024,15.0710001,1,115,1,0.95,443,439.228,,,,,,,Direct
42,TJZM50:5 ,Taojiazhai ,陶家寨,101.44,36.41,2330,low,2156-1530,2156,1530,4,6,-21.06900024,15.0710001,1,115,1,0.95,420,416.343,,,,,,,Direct
42,TJZM52:2,Taojiazhai ,陶家寨,101.44,36.41,2330,low,2156-1530,2156,1530,4,6,-21.06900024,15.0710001,1,115,1,0.95,391,387.488,,,,,,,Direct
42,TJZM52:4 ,Taojiazhai ,陶家寨,101.44,36.41,2330,low,2156-1530,2156,1530,4,6,-21.06900024,15.0710001,1,115,1,0.95,418.5,414.8505,,,,,,,Direct
42,TJZM52:7,Taojiazhai ,陶家寨,101.44,36.41,2330,low,2156-1530,2156,1530,4,6,-21.06900024,15.0710001,1,115,1,0.95,399,395.448,,,,,,,Direct
42,TJZM53:2,Taojiazhai ,陶家寨,101.44,36.41,2330,low,2156-1530,2156,1530,4,6,-21.06900024,15.0710001,1,115,1,0.95,425,421.318,,,,,,,Direct
42,TJZM54:3,Taojiazhai ,陶家寨,101.44,36.41,2330,low,2156-1530,2156,1530,4,6,-21.06900024,15.0710001,1,115,1,0.95,413,409.378,,,,,,,Direct
42,TJZM54:10,Taojiazhai ,陶家寨,101.44,36.41,2330,low,2156-1530,2156,1530,4,6,-21.06900024,15.0710001,1,115,1,0.95,403,399.428,,,,,,,Direct
42,TJZM55:2,Taojiazhai ,陶家寨,101.44,36.41,2330,low,2156-1530,2156,1530,4,6,-21.06900024,15.0710001,1,115,1,0.95,448,444.203,,,,,,,Direct
42,TJZM55:3,Taojiazhai ,陶家寨,101.44,36.41,2330,low,2156-1530,2156,1530,4,6,-21.06900024,15.0710001,1,115,1,0.95,373,369.578,,,,,,,Direct
42,TJZM55:4,Taojiazhai ,陶家寨,101.44,36.41,2330,low,2156-1530,2156,1530,4,6,-21.06900024,15.0710001,1,115,1,0.95,418,414.353,,,,,,,Direct
42,TJZM55:5,Taojiazhai ,陶家寨,101.44,36.41,2330,low,2156-1530,2156,1530,4,6,-21.06900024,15.0710001,1,115,1,0.95,410,406.393,,,,,,,Direct
42,TJZM55:7,Taojiazhai ,陶家寨,101.44,36.41,2330,low,2156-1530,2156,1530,4,6,-21.06900024,15.0710001,1,115,1,0.95,443,439.228,,,,,,,Direct
42,TJZM55:8,Taojiazhai ,陶家寨,101.44,36.41,2330,low,2156-1530,2156,1530,4,6,-21.06900024,15.0710001,1,115,1,0.95,458,454.153,,,,,,,Direct
42,TJZM56:1,Taojiazhai ,陶家寨,101.44,36.41,2330,low,2156-1530,2156,1530,4,6,-21.06900024,15.0710001,1,115,1,0.95,404,400.423,,,,,,,Direct
42,TJZM58:2,Taojiazhai ,陶家寨,101.44,36.41,2330,low,2156-1530,2156,1530,4,6,-21.06900024,15.0710001,1,115,1,0.95,405,401.418,,,,,,,Direct
42,TJZM60:1 ,Taojiazhai ,陶家寨,101.44,36.41,2330,low,2156-1530,2156,1530,4,6,-21.06900024,15.0710001,1,115,1,0.95,394,390.473,,,,,,,Direct
42,TJZM60:4,Taojiazhai ,陶家寨,101.44,36.41,2330,low,2156-1530,2156,1530,4,6,-21.06900024,15.0710001,1,115,1,0.95,382,378.533,,,,,,,Direct
42,TJZM60:8,Taojiazhai ,陶家寨,101.44,36.41,2330,low,2156-1530,2156,1530,4,6,-21.06900024,15.0710001,1,115,1,0.95,400,396.443,,,,,,,Direct
42,TJZM60:10,Taojiazhai ,陶家寨,101.44,36.41,2330,low,2156-1530,2156,1530,4,6,-21.06900024,15.0710001,1,115,1,0.95,428.5,424.8005,,,,,,,Direct
42,TJZM60:12,Taojiazhai ,陶家寨,101.44,36.41,2330,low,2156-1530,2156,1530,4,6,-21.06900024,15.0710001,1,115,1,0.95,421,417.338,,,,,,,Direct
42,TJZM61:3,Taojiazhai ,陶家寨,101.44,36.41,2330,low,2156-1530,2156,1530,4,6,-21.06900024,15.0710001,1,115,1,0.95,415.5,411.8655,,,,,,,Direct
42,TJZM62:2 ,Taojiazhai ,陶家寨,101.44,36.41,2330,low,2156-1530,2156,1530,4,6,-21.06900024,15.0710001,1,115,1,0.95,420,416.343,,,,,,,Direct
42,TJZM64:1,Taojiazhai ,陶家寨,101.44,36.41,2330,low,2156-1530,2156,1530,4,6,-21.06900024,15.0710001,1,115,1,0.95,413,409.378,,,,,,,Direct
42,TJZM65:2 ,Taojiazhai ,陶家寨,101.44,36.41,2330,low,2156-1530,2156,1530,4,6,-21.06900024,15.0710001,1,115,1,0.95,390,386.493,,,,,,,Direct
42,TJZM66:1,Taojiazhai ,陶家寨,101.44,36.41,2330,low,2156-1530,2156,1530,4,6,-21.06900024,15.0710001,1,115,1,0.95,425,421.318,,,,,,,Direct
42,TJZM67:1,Taojiazhai ,陶家寨,101.44,36.41,2330,low,2156-1530,2156,1530,4,6,-21.06900024,15.0710001,1,115,1,0.95,433.5,429.7755,,,,,,,Direct
42,TJZM67:3 ,Taojiazhai ,陶家寨,101.44,36.41,2330,low,2156-1530,2156,1530,4,6,-21.06900024,15.0710001,1,115,1,0.95,419,415.348,,,,,,,Direct
42,TJZM67:4,Taojiazhai ,陶家寨,101.44,36.41,2330,low,2156-1530,2156,1530,4,6,-21.06900024,15.0710001,1,115,1,0.95,417,413.358,,,,,,,Direct
42,TJZM67:8 ,Taojiazhai ,陶家寨,101.44,36.41,2330,low,2156-1530,2156,1530,4,6,-21.06900024,15.0710001,1,115,1,0.95,414,410.373,,,,,,,Direct
42,TJZM70:1,Taojiazhai ,陶家寨,101.44,36.41,2330,low,2156-1530,2156,1530,4,6,-21.06900024,15.0710001,1,115,1,0.95,421,417.338,,,,,,,Direct
42,TJZM74:4 ,Taojiazhai ,陶家寨,101.44,36.41,2330,low,2156-1530,2156,1530,4,6,-21.06900024,15.0710001,1,115,1,0.95,405,401.418,,,,,,,Direct
42,TJZM74:5,Taojiazhai ,陶家寨,101.44,36.41,2330,low,2156-1530,2156,1530,4,6,-21.06900024,15.0710001,1,115,1,0.95,366.5,363.1105,,,,,,,Direct
42,TJZM75:3,Taojiazhai ,陶家寨,101.44,36.41,2330,low,2156-1530,2156,1530,4,6,-21.06900024,15.0710001,1,115,1,0.95,383,379.528,,,,,,,Direct
42,TJZM75:4,Taojiazhai ,陶家寨,101.44,36.41,2330,low,2156-1530,2156,1530,4,6,-21.06900024,15.0710001,1,115,1,0.95,421,417.338,,,,,,,Direct
42,TJZM76:2,Taojiazhai ,陶家寨,101.44,36.41,2330,low,2156-1530,2156,1530,4,6,-21.06900024,15.0710001,1,115,1,0.95,417,413.358,,,,,,,Direct
42,TJZM77:2 ,Taojiazhai ,陶家寨,101.44,36.41,2330,low,2156-1530,2156,1530,4,6,-21.06900024,15.0710001,1,115,1,0.95,430,426.293,,,,,,,Direct
42,TJZM77:4 ,Taojiazhai ,陶家寨,101.44,36.41,2330,low,2156-1530,2156,1530,4,6,-21.06900024,15.0710001,1,115,1,0.95,410,406.393,,,,,,,Direct
42,TJZM79:1,Taojiazhai ,陶家寨,101.44,36.41,2330,low,2156-1530,2156,1530,4,6,-21.06900024,15.0710001,1,115,1,0.95,430,426.293,,,,,,,Direct
42,TJZM80:2,Taojiazhai ,陶家寨,101.44,36.41,2330,low,2156-1530,2156,1530,4,6,-21.06900024,15.0710001,1,115,1,0.95,433.5,429.7755,,,,,,,Direct
42,TJZM81:2,Taojiazhai ,陶家寨,101.44,36.41,2330,low,2156-1530,2156,1530,4,6,-21.06900024,15.0710001,1,115,1,0.95,392,388.483,,,,,,,Direct
42,TJZM84:2,Taojiazhai ,陶家寨,101.44,36.41,2330,low,2156-1530,2156,1530,4,6,-21.06900024,15.0710001,1,115,1,0.95,434,430.273,,,,,,,Direct
42,TJZM85:1,Taojiazhai ,陶家寨,101.44,36.41,2330,low,2156-1530,2156,1530,4,6,-21.06900024,15.0710001,1,115,1,0.95,435,431.268,,,,,,,Direct
42,TJZM87:4,Taojiazhai ,陶家寨,101.44,36.41,2330,low,2156-1530,2156,1530,4,6,-21.06900024,15.0710001,1,115,1,0.95,390,386.493,,,,,,,Direct
42,TJZM87:7 ,Taojiazhai ,陶家寨,101.44,36.41,2330,low,2156-1530,2156,1530,4,6,-21.06900024,15.0710001,1,115,1,0.95,406.5,402.9105,,,,,,,Direct
42,TJZM89:3 ,Taojiazhai ,陶家寨,101.44,36.41,2330,low,2156-1530,2156,1530,4,6,-21.06900024,15.0710001,1,115,1,0.95,392,388.483,,,,,,,Direct
42,TJZM90:1 ,Taojiazhai ,陶家寨,101.44,36.41,2330,low,2156-1530,2156,1530,4,6,-21.06900024,15.0710001,1,115,1,0.95,413,409.378,,,,,,,Direct
42,TJZM90:2,Taojiazhai ,陶家寨,101.44,36.41,2330,low,2156-1530,2156,1530,4,6,-21.06900024,15.0710001,1,115,1,0.95,394.5,390.9705,,,,,,,Direct
43,CL02WM4:1,Changle,宁夏中卫常乐,105.05,37.26,1826,low,2152-1730,2152,1730,4,6,-13.93900013,27.60400009,2,45,0,0.05,430,426.293,44.12,,,,,,Direct
43,CL02WM6,Changle,宁夏中卫常乐,105.05,37.26,1826,low,2152-1730,2152,1730,4,6,-13.93900013,27.60400009,2,45,0,0.05,426.5,422.8105,45.62,,,,,,Direct
43,CL02WM7:right,Changle,宁夏中卫常乐,105.05,37.26,1826,low,2152-1730,2152,1730,4,6,-13.93900013,27.60400009,2,45,0,0.05,442.5,438.7305,46.875,,,,,,Direct
43,CL02WM9:right,Changle,宁夏中卫常乐,105.05,37.26,1826,low,2152-1730,2152,1730,4,6,-13.93900013,27.60400009,2,45,0,0.05,446,442.213,48.6,,,,,,Direct
43,CL02WM10,Changle,宁夏中卫常乐,105.05,37.26,1826,low,2152-1730,2152,1730,4,6,-13.93900013,27.60400009,2,45,0,0.05,458.5,454.6505,45.655,,,,,,Direct
43,CL02EM10,Changle,宁夏中卫常乐,105.05,37.26,1826,low,2152-1730,2152,1730,4,6,-13.93900013,27.60400009,2,45,0,0.05,428.5,424.8005,47.755,,,,,,Direct
43,CL02yihao1,Changle,宁夏中卫常乐,105.05,37.26,1826,low,2152-1730,2152,1730,4,6,-13.93900013,27.60400009,2,45,0,0.05,421.5,417.8355,46.27,,,,,,Direct
43,CL02yihao2,Changle,宁夏中卫常乐,105.05,37.26,1826,low,2152-1730,2152,1730,4,6,-13.93900013,27.60400009,2,45,0,0.05,444.5,440.7205,49.17,,,,,,Direct
43,CL08M5,Changle,宁夏中卫常乐,105.05,37.26,1826,low,2152-1730,2152,1730,4,6,-13.93900013,27.60400009,2,45,0,0.05,435.5,431.7655,48.5,,,,,,Direct
43,CL08M7,Changle,宁夏中卫常乐,105.05,37.26,1826,low,2152-1730,2152,1730,4,6,-13.93900013,27.60400009,2,45,0,0.05,417.5,413.8555,45.75,,,,,,Direct
43,CL08M8,Changle,宁夏中卫常乐,105.05,37.26,1826,low,2152-1730,2152,1730,4,6,-13.93900013,27.60400009,2,45,0,0.05,437.25,433.50675,45.79,,,,,,Direct
43,CL08M9,Changle,宁夏中卫常乐,105.05,37.26,1826,low,2152-1730,2152,1730,4,6,-13.93900013,27.60400009,2,45,0,0.05,414.5,410.8705,44.175,,,,,,Direct
43,CL08M10,Changle,宁夏中卫常乐,105.05,37.26,1826,low,2152-1730,2152,1730,4,6,-13.93900013,27.60400009,2,45,0,0.05,479.5,475.5455,51.58,,,,,,Direct
43,CL08M12,Changle,宁夏中卫常乐,105.05,37.26,1826,low,2152-1730,2152,1730,4,6,-13.93900013,27.60400009,2,45,0,0.05,446.25,442.46175,52.51,,,,,,Direct
43,CL08M13,Changle,宁夏中卫常乐,105.05,37.26,1826,low,2152-1730,2152,1730,4,6,-13.93900013,27.60400009,2,45,0,0.05,495,490.968,49.735,,,,,,Direct
43,CL08M15,Changle,宁夏中卫常乐,105.05,37.26,1826,low,2152-1730,2152,1730,4,6,-13.93900013,27.60400009,2,45,0,0.05,435.75,432.01425,47.415,,,,,,Direct
43,CL08M16,Changle,宁夏中卫常乐,105.05,37.26,1826,low,2152-1730,2152,1730,4,6,-13.93900013,27.60400009,2,45,0,0.05,469,465.098,50.18,,,,,,Direct
43,CL08M17,Changle,宁夏中卫常乐,105.05,37.26,1826,low,2152-1730,2152,1730,4,6,-13.93900013,27.60400009,2,45,0,0.05,446.75,442.95925,47.795,,,,,,Direct
43,CL08M20nor,Changle,宁夏中卫常乐,105.05,37.26,1826,low,2152-1730,2152,1730,4,6,-13.93900013,27.60400009,2,45,0,0.05,444,440.223,46.865,,,,,,Direct
43,CL08M23,Changle,宁夏中卫常乐,105.05,37.26,1826,low,2152-1730,2152,1730,4,6,-13.93900013,27.60400009,2,45,0,0.05,463.1,459.2275,48.295,,,,,,Direct
43,CL12M4,Changle,宁夏中卫常乐,105.05,37.26,1826,low,2152-1730,2152,1730,4,6,-13.93900013,27.60400009,2,45,0,0.05,456,452.163,38.83,,,,,,Direct
43,CL12M9west,Changle,宁夏中卫常乐,105.05,37.26,1826,low,2152-1730,2152,1730,4,6,-13.93900013,27.60400009,2,45,0,0.05,446.5,442.7105,40.13,,,,,,Direct
43,CL12M11,Changle,宁夏中卫常乐,105.05,37.26,1826,low,2152-1730,2152,1730,4,6,-13.93900013,27.60400009,2,45,0,0.05,477,473.058,42.925,,,,,,Direct
43,CL12M12,Changle,宁夏中卫常乐,105.05,37.26,1826,low,2152-1730,2152,1730,4,6,-13.93900013,27.60400009,2,45,0,0.05,417.5,413.8555,51.13,,,,,,Direct
43,CL12M13,Changle,宁夏中卫常乐,105.05,37.26,1826,low,2152-1730,2152,1730,4,6,-13.93900013,27.60400009,2,45,0,0.05,461,457.138,46.07,,,,,,Direct
43,CL12M15,Changle,宁夏中卫常乐,105.05,37.26,1826,low,2152-1730,2152,1730,4,6,-13.93900013,27.60400009,2,45,0,0.05,433,429.278,45.395,,,,,,Direct
43,CL12M18,Changle,宁夏中卫常乐,105.05,37.26,1826,low,2152-1730,2152,1730,4,6,-13.93900013,27.60400009,2,45,0,0.05,450.5,446.6905,49.765,,,,,,Direct
43,CL12M21,Changle,宁夏中卫常乐,105.05,37.26,1826,low,2152-1730,2152,1730,4,6,-13.93900013,27.60400009,2,45,0,0.05,465.5,461.6155,53.295,,,,,,Direct
43,CL12M23,Changle,宁夏中卫常乐,105.05,37.26,1826,low,2152-1730,2152,1730,4,6,-13.93900013,27.60400009,2,45,0,0.05,447.5,443.7055,47.68,,,,,,Direct
43,CL12K1B,Changle,宁夏中卫常乐,105.05,37.26,1826,low,2152-1730,2152,1730,4,6,-13.93900013,27.60400009,2,45,0,0.05,462,458.133,47.59,,,,,,Direct
43,CL12K2,Changle,宁夏中卫常乐,105.05,37.26,1826,low,2152-1730,2152,1730,4,6,-13.93900013,27.60400009,2,45,0,0.05,430,426.293,47.385,,,,,,Direct
43,CL02WM2,Changle,宁夏中卫常乐,105.05,37.26,1826,low,2152-1730,2152,1730,4,6,-13.93900013,27.60400009,2,45,1,0.95,423.5,419.8255,43.165,,,,,,Direct
43,CL02WM3,Changle,宁夏中卫常乐,105.05,37.26,1826,low,2152-1730,2152,1730,4,6,-13.93900013,27.60400009,2,45,1,0.95,399.5,395.9455,40.91,,,,,,Direct
43,CL02WM4:2,Changle,宁夏中卫常乐,105.05,37.26,1826,low,2152-1730,2152,1730,4,6,-13.93900013,27.60400009,2,45,1,0.95,378.5,375.0505,40.755,,,,,,Direct
43,CL02WM5,Changle,宁夏中卫常乐,105.05,37.26,1826,low,2152-1730,2152,1730,4,6,-13.93900013,27.60400009,2,45,1,0.95,420,416.343,43.8,,,,,,Direct
43,CL02WM7:left,Changle,宁夏中卫常乐,105.05,37.26,1826,low,2152-1730,2152,1730,4,6,-13.93900013,27.60400009,2,45,1,0.95,415,411.368,43.385,,,,,,Direct
43,CL02WM9:left,Changle,宁夏中卫常乐,105.05,37.26,1826,low,2152-1730,2152,1730,4,6,-13.93900013,27.60400009,2,45,1,0.95,407.5,403.9055,40.915,,,,,,Direct
43,CL02WM11,Changle,宁夏中卫常乐,105.05,37.26,1826,low,2152-1730,2152,1730,4,6,-13.93900013,27.60400009,2,45,1,0.95,387.5,384.0055,40.77,,,,,,Direct
43,CL02EM8,Changle,宁夏中卫常乐,105.05,37.26,1826,low,2152-1730,2152,1730,4,6,-13.93900013,27.60400009,2,45,1,0.95,409.5,405.8955,43.61,,,,,,Direct
43,CL02M31sou,Changle,宁夏中卫常乐,105.05,37.26,1826,low,2152-1730,2152,1730,4,6,-13.93900013,27.60400009,2,45,1,0.95,388,384.503,42.24,,,,,,Direct
43,CL08M2,Changle,宁夏中卫常乐,105.05,37.26,1826,low,2152-1730,2152,1730,4,6,-13.93900013,27.60400009,2,45,1,0.95,390,386.493,40.625,,,,,,Direct
43,CL08M3,Changle,宁夏中卫常乐,105.05,37.26,1826,low,2152-1730,2152,1730,4,6,-13.93900013,27.60400009,2,45,1,0.95,382,378.533,41.955,,,,,,Direct
43,CL08M6,Changle,宁夏中卫常乐,105.05,37.26,1826,low,2152-1730,2152,1730,4,6,-13.93900013,27.60400009,2,45,1,0.95,392.5,388.9805,43.75,,,,,,Direct
43,CL08M11,Changle,宁夏中卫常乐,105.05,37.26,1826,low,2152-1730,2152,1730,4,6,-13.93900013,27.60400009,2,45,1,0.95,395.75,392.21425,43.685,,,,,,Direct
43,CL08M14,Changle,宁夏中卫常乐,105.05,37.26,1826,low,2152-1730,2152,1730,4,6,-13.93900013,27.60400009,2,45,1,0.95,411.2,407.587,42.48,,,,,,Direct
43,CL08M18,Changle,宁夏中卫常乐,105.05,37.26,1826,low,2152-1730,2152,1730,4,6,-13.93900013,27.60400009,2,45,1,0.95,433,429.278,44.895,,,,,,Direct
43,CL08M20sou,Changle,宁夏中卫常乐,105.05,37.26,1826,low,2152-1730,2152,1730,4,6,-13.93900013,27.60400009,2,45,1,0.95,416,412.363,44.165,,,,,,Direct
43,CL08M22,Changle,宁夏中卫常乐,105.05,37.26,1826,low,2152-1730,2152,1730,4,6,-13.93900013,27.60400009,2,45,1,0.95,397.75,394.20425,39.975,,,,,,Direct
43,CL12M1,Changle,宁夏中卫常乐,105.05,37.26,1826,low,2152-1730,2152,1730,4,6,-13.93900013,27.60400009,2,45,1,0.95,412.5,408.8805,43.37,,,,,,Direct
43,CL12M2,Changle,宁夏中卫常乐,105.05,37.26,1826,low,2152-1730,2152,1730,4,6,-13.93900013,27.60400009,2,45,1,0.95,433,429.278,48.2,,,,,,Direct
43,CL12M3,Changle,宁夏中卫常乐,105.05,37.26,1826,low,2152-1730,2152,1730,4,6,-13.93900013,27.60400009,2,45,1,0.95,,,38.83,,,,,,Direct
43,CL12M5,Changle,宁夏中卫常乐,105.05,37.26,1826,low,2152-1730,2152,1730,4,6,-13.93900013,27.60400009,2,45,1,0.95,427,423.308,50.705,,,,,,Direct
43,CL12M6east,Changle,宁夏中卫常乐,105.05,37.26,1826,low,2152-1730,2152,1730,4,6,-13.93900013,27.60400009,2,45,1,0.95,386.5,383.0105,44.97,,,,,,Direct
43,CL12M9east,Changle,宁夏中卫常乐,105.05,37.26,1826,low,2152-1730,2152,1730,4,6,-13.93900013,27.60400009,2,45,1,0.95,434,430.273,45.675,,,,,,Direct
43,CL12M14,Changle,宁夏中卫常乐,105.05,37.26,1826,low,2152-1730,2152,1730,4,6,-13.93900013,27.60400009,2,45,1,0.95,439.5,435.7455,50.74,,,,,,Direct
43,CL12M16,Changle,宁夏中卫常乐,105.05,37.26,1826,low,2152-1730,2152,1730,4,6,-13.93900013,27.60400009,2,45,1,0.95,458,454.153,51.845,,,,,,Direct
43,CL12M20,Changle,宁夏中卫常乐,105.05,37.26,1826,low,2152-1730,2152,1730,4,6,-13.93900013,27.60400009,2,45,1,0.95,436,432.263,42.69,,,,,,Direct
43,CL12M24,Changle,宁夏中卫常乐,105.05,37.26,1826,low,2152-1730,2152,1730,4,6,-13.93900013,27.60400009,2,45,1,0.95,387,383.508,42.18,,,,,,Direct
43,CL12M25,Changle,宁夏中卫常乐,105.05,37.26,1826,low,2152-1730,2152,1730,4,6,-13.93900013,27.60400009,2,45,1,0.95,389,385.498,38.05,,,,,,Direct
44,JNLIM8,Ji'ninglu,内蒙古集宁路,114.29,43.07,1104,low,835-582,835,582,6,6,-21.68900108,28.15200043,2,73,0,0.05,,,51.76,,,,,,Direct
44,JNLIM10,Ji'ninglu,内蒙古集宁路,114.29,43.07,1104,low,835-582,835,582,6,6,-21.68900108,28.15200043,2,73,0,0.05,,,47.33,,,,,,Direct
44,JNLIM11,Ji'ninglu,内蒙古集宁路,114.29,43.07,1104,low,835-582,835,582,6,6,-21.68900108,28.15200043,2,73,0,0.05,,,47.575,,,,,,Direct
44,JNLIM16,Ji'ninglu,内蒙古集宁路,114.29,43.07,1104,low,835-582,835,582,6,6,-21.68900108,28.15200043,2,73,0,0.05,,,56.99,376.2,,,,,Direct
44,JNLIM19,Ji'ninglu,内蒙古集宁路,114.29,43.07,1104,low,835-582,835,582,6,6,-21.68900108,28.15200043,2,73,0,0.05,,,49.525,,,,,,Direct
44,JNLIM26,Ji'ninglu,内蒙古集宁路,114.29,43.07,1104,low,835-582,835,582,6,6,-21.68900108,28.15200043,2,73,0,0.05,426.1,422.4125,49.57,,,,,,Direct
44,JNLIM35,Ji'ninglu,内蒙古集宁路,114.29,43.07,1104,low,835-582,835,582,6,6,-21.68900108,28.15200043,2,73,0,0.05,,,47.73,,,,,,Direct
44,JNLIM44east,Ji'ninglu,内蒙古集宁路,114.29,43.07,1104,low,835-582,835,582,6,6,-21.68900108,28.15200043,2,73,0,0.05,,,46.82,,,,,,Direct
44,JNLIM53east,Ji'ninglu,内蒙古集宁路,114.29,43.07,1104,low,835-582,835,582,6,6,-21.68900108,28.15200043,2,73,0,0.05,,,48.715,,,,,,Direct
44,JNLIM55,Ji'ninglu,内蒙古集宁路,114.29,43.07,1104,low,835-582,835,582,6,6,-21.68900108,28.15200043,2,73,0,0.05,,,49.95,,,,,,Direct
44,JNLIM57,Ji'ninglu,内蒙古集宁路,114.29,43.07,1104,low,835-582,835,582,6,6,-21.68900108,28.15200043,2,73,0,0.05,424.1,420.4225,44.74,,,,,,Direct
44,JNLIIM3,Ji'ninglu,内蒙古集宁路,114.29,43.07,1104,low,835-582,835,582,6,6,-21.68900108,28.15200043,2,73,0,0.05,,,45.675,,,,,,Direct
44,JNLIIM4,Ji'ninglu,内蒙古集宁路,114.29,43.07,1104,low,835-582,835,582,6,6,-21.68900108,28.15200043,2,73,0,0.05,,,42.145,,,,,,Direct
44,JNLIIM19,Ji'ninglu,内蒙古集宁路,114.29,43.07,1104,low,835-582,835,582,6,6,-21.68900108,28.15200043,2,73,0,0.05,,,45.71,,,,,,Direct
44,JNLIIM22east,Ji'ninglu,内蒙古集宁路,114.29,43.07,1104,low,835-582,835,582,6,6,-21.68900108,28.15200043,2,73,0,0.05,,,45.115,,,,,,Direct
44,JNLIIM23,Ji'ninglu,内蒙古集宁路,114.29,43.07,1104,low,835-582,835,582,6,6,-21.68900108,28.15200043,2,73,0,0.05,400.5,396.9405,44.515,328.25,,,,82.69501348,Direct
44,JNLIIM24,Ji'ninglu,内蒙古集宁路,114.29,43.07,1104,low,835-582,835,582,6,6,-21.68900108,28.15200043,2,73,0,0.05,392.2,388.682,45.1,333.2,,,,85.72560602,Direct
44,JNLIIM25,Ji'ninglu,内蒙古集宁路,114.29,43.07,1104,low,835-582,835,582,6,6,-21.68900108,28.15200043,2,73,0,0.05,,,45.38,,,,,,Direct
44,JNLIIM29,Ji'ninglu,内蒙古集宁路,114.29,43.07,1104,low,835-582,835,582,6,6,-21.68900108,28.15200043,2,73,0,0.05,418.2,414.552,48.19,346.35,,,,83.54802293,Direct
44,JNLIIM34,Ji'ninglu,内蒙古集宁路,114.29,43.07,1104,low,835-582,835,582,6,6,-21.68900108,28.15200043,2,73,0,0.05,,,46.67,,,,,,Direct
44,JNLIIM37,Ji'ninglu,内蒙古集宁路,114.29,43.07,1104,low,835-582,835,582,6,6,-21.68900108,28.15200043,2,73,0,0.05,443.75,439.97425,45.145,,,,,,Direct
44,JNLIIM44west,Ji'ninglu,内蒙古集宁路,114.29,43.07,1104,low,835-582,835,582,6,6,-21.68900108,28.15200043,2,73,0,0.05,,,42.41,,,,,,Direct
44,JNLIIM47:2,Ji'ninglu,内蒙古集宁路,114.29,43.07,1104,low,835-582,835,582,6,6,-21.68900108,28.15200043,2,73,0,0.05,,,48.11,,,,,,Direct
44,JNLIIM51:1,Ji'ninglu,内蒙古集宁路,114.29,43.07,1104,low,835-582,835,582,6,6,-21.68900108,28.15200043,2,73,0,0.05,430.1,426.3925,46.93,345.2,,,,80.95827201,Direct
44,JNLIIM56:1,Ji'ninglu,内蒙古集宁路,114.29,43.07,1104,low,835-582,835,582,6,6,-21.68900108,28.15200043,2,73,0,0.05,,,48.165,,,,,,Direct
44,JNLIIM64east,Ji'ninglu,内蒙古集宁路,114.29,43.07,1104,low,835-582,835,582,6,6,-21.68900108,28.15200043,2,73,0,0.05,,,46.81,,,,,,Direct
44,JNLIIM65,Ji'ninglu,内蒙古集宁路,114.29,43.07,1104,low,835-582,835,582,6,6,-21.68900108,28.15200043,2,73,0,0.05,,,49.06,,,,,,Direct
44,JNLIIM74,Ji'ninglu,内蒙古集宁路,114.29,43.07,1104,low,835-582,835,582,6,6,-21.68900108,28.15200043,2,73,0,0.05,434,430.273,46.62,356.15,,,,82.77303015,Direct
44,JNLIIM82,Ji'ninglu,内蒙古集宁路,114.29,43.07,1104,low,835-582,835,582,6,6,-21.68900108,28.15200043,2,73,0,0.05,418.2,414.552,44.665,348.05,,,,83.95810417,Direct
44,JNLIIM85,Ji'ninglu,内蒙古集宁路,114.29,43.07,1104,low,835-582,835,582,6,6,-21.68900108,28.15200043,2,73,0,0.05,,,47.53,,,,,,Direct
44,JNLIIM88,Ji'ninglu,内蒙古集宁路,114.29,43.07,1104,low,835-582,835,582,6,6,-21.68900108,28.15200043,2,73,0,0.05,428.1,424.4025,42.4,,,,,,Direct
44,JNLIIM91,Ji'ninglu,内蒙古集宁路,114.29,43.07,1104,low,835-582,835,582,6,6,-21.68900108,28.15200043,2,73,0,0.05,416.75,413.10925,46.31,346.15,,,,83.79139417,Direct
44,JNLIM7,Ji'ninglu,内蒙古集宁路,114.29,43.07,1104,low,835-582,835,582,6,6,-21.68900108,28.15200043,2,73,1,0.95,,,43.53,,,,,,Direct
44,JNLIM9east,Ji'ninglu,内蒙古集宁路,114.29,43.07,1104,low,835-582,835,582,6,6,-21.68900108,28.15200043,2,73,1,0.95,,,42.855,,,,,,Direct
44,JNLIM30,Ji'ninglu,内蒙古集宁路,114.29,43.07,1104,low,835-582,835,582,6,6,-21.68900108,28.15200043,2,73,1,0.95,352.6,349.28,39.78,297.35,,,,85.1322721,Direct
44,JNLIM32,Ji'ninglu,内蒙古集宁路,114.29,43.07,1104,low,835-582,835,582,6,6,-21.68900108,28.15200043,2,73,1,0.95,,,38.48,,,,,,Direct
44,JNLIM9nor,Ji'ninglu,内蒙古集宁路,114.29,43.07,1104,low,835-582,835,582,6,6,-21.68900108,28.15200043,2,73,1,0.95,,,40.22,,,,,,Direct
44,JNLIM12,Ji'ninglu,内蒙古集宁路,114.29,43.07,1104,low,835-582,835,582,6,6,-21.68900108,28.15200043,2,73,1,0.95,,,43.505,,,,,,Direct
44,JNLIM13,Ji'ninglu,内蒙古集宁路,114.29,43.07,1104,low,835-582,835,582,6,6,-21.68900108,28.15200043,2,73,1,0.95,,,43.15,,,,,,Direct
44,JNLIIM26,Ji'ninglu,内蒙古集宁路,114.29,43.07,1104,low,835-582,835,582,6,6,-21.68900108,28.15200043,2,73,1,0.95,,,42.13,,,,,,Direct
44,JNLIIM50,Ji'ninglu,内蒙古集宁路,114.29,43.07,1104,low,835-582,835,582,6,6,-21.68900108,28.15200043,2,73,1,0.95,,,,,,,,,Direct
44,JNLIIM51:2,Ji'ninglu,内蒙古集宁路,114.29,43.07,1104,low,835-582,835,582,6,6,-21.68900108,28.15200043,2,73,1,0.95,396.5,392.9605,43.59,,,,,,Direct
44,JNLIIM53:1,Ji'ninglu,内蒙古集宁路,114.29,43.07,1104,low,835-582,835,582,6,6,-21.68900108,28.15200043,2,73,1,0.95,,,38.34,,,,,,Direct
44,JNLIIM53:2,Ji'ninglu,内蒙古集宁路,114.29,43.07,1104,low,835-582,835,582,6,6,-21.68900108,28.15200043,2,73,1,0.95,,,41.35,,,,,,Direct
44,JNLIIM64lower,Ji'ninglu,内蒙古集宁路,114.29,43.07,1104,low,835-582,835,582,6,6,-21.68900108,28.15200043,2,73,1,0.95,,,45.21,,,,,,Direct
44,JNLIIM64west,Ji'ninglu,内蒙古集宁路,114.29,43.07,1104,low,835-582,835,582,6,6,-21.68900108,28.15200043,2,73,1,0.95,409.5,405.8955,43.03,,,,,,Direct
44,JNLIIM70,Ji'ninglu,内蒙古集宁路,114.29,43.07,1104,low,835-582,835,582,6,6,-21.68900108,28.15200043,2,73,1,0.95,,,46.56,,,,,,Direct
44,JNLIIM73,Ji'ninglu,内蒙古集宁路,114.29,43.07,1104,low,835-582,835,582,6,6,-21.68900108,28.15200043,2,73,1,0.95,,,41.035,,,,,,Direct
44,JNLIIM75,Ji'ninglu,内蒙古集宁路,114.29,43.07,1104,low,835-582,835,582,6,6,-21.68900108,28.15200043,2,73,1,0.95,,,40.45,,,,,,Direct
44,JNLIIM86,Ji'ninglu,内蒙古集宁路,114.29,43.07,1104,low,835-582,835,582,6,6,-21.68900108,28.15200043,2,73,1,0.95,412.9,409.2785,44.31,,,,,,Direct
44,JNLIIM89,Ji'ninglu,内蒙古集宁路,114.29,43.07,1104,low,835-582,835,582,6,6,-21.68900108,28.15200043,2,73,1,0.95,,,37.895,,,,,,Direct
45,XNTM2,Taoligai,内蒙古锡林郭勒盟乃仁陶力盖,114.16,42.41,1259,low,1925-1730,1950,730,5,6,-20.30999947,26.75699997,2,74,0,0.05,,,,,264,,,,Direct
45,XNTM3,Taoligai,内蒙古锡林郭勒盟乃仁陶力盖,114.16,42.41,1259,low,1925-1730,1950,730,5,6,-20.30999947,26.75699997,2,74,0,0.05,432.263,,,367,309,,,,Direct
45,XNTM6(1),Taoligai,内蒙古锡林郭勒盟乃仁陶力盖,114.16,42.41,1259,low,1925-1730,1950,730,5,6,-20.30999947,26.75699997,2,74,0,0.05,403.408,,,334,309,,,,Direct
45,XNTM7,Taoligai,内蒙古锡林郭勒盟乃仁陶力盖,114.16,42.41,1259,low,1925-1730,1950,730,5,6,-20.30999947,26.75699997,2,74,0,0.05,422.8105,,,342.5,287,,,,Direct
45,XNTM13,Taoligai,内蒙古锡林郭勒盟乃仁陶力盖,114.16,42.41,1259,low,1925-1730,1950,730,5,6,-20.30999947,26.75699997,2,74,0,0.05,436.7405,,,359,305,,,,Direct
45,XNTM5(1),Taoligai,内蒙古锡林郭勒盟乃仁陶力盖,114.16,42.41,1259,low,1925-1730,1950,730,5,6,-20.30999947,26.75699997,2,74,1,0.95,430.273,,,369,323,,,,Direct
45,XNTM10,Taoligai,内蒙古锡林郭勒盟乃仁陶力盖,114.16,42.41,1259,low,1925-1730,1950,730,5,6,-20.30999947,26.75699997,2,74,1,0.95,,,,,,,,,Direct
45,XNTM12,Taoligai,内蒙古锡林郭勒盟乃仁陶力盖,114.16,42.41,1259,low,1925-1730,1950,730,5,6,-20.30999947,26.75699997,2,74,1,0.95,,,,,,,,,Direct
45,XNTM17:2,Taoligai,内蒙古锡林郭勒盟乃仁陶力盖,114.16,42.41,1259,low,1925-1730,1950,730,5,6,-20.30999947,26.75699997,2,74,1,0.95,345.698,,,320.5,270,,,,Direct
46_1,09YXⅠM90 ,Xitun_han,北京西屯_汉,116.25,40.01,56,low,2152-1730,2152,1730,4,5,-9.012999535,31.15999985,3,193,0,0.05,452,448.183,,371,330,,,82.77868638,Direct
46_1,09YXⅠM172,Xitun_han,北京西屯_汉,116.25,40.01,56,low,2152-1730,2152,1730,4,5,-9.012999535,31.15999985,3,193,0,0.05,468.5,464.6005,,376.5,319,249,78.05642633,81.03736436,Direct
46_1,09YXⅠM25 ,Xitun_han,北京西屯_汉,116.25,40.01,56,low,2152-1730,2152,1730,4,5,-9.012999535,31.15999985,3,193,0,0.05,461,457.138,,378,319,249,78.05642633,82.68837856,Direct
46_1,09YXⅠM345 ,Xitun_han,北京西屯_汉,116.25,40.01,56,low,2152-1730,2152,1730,4,5,-9.012999535,31.15999985,3,193,0,0.05,441,437.238,,,322,,,,Direct
46_1,09YXⅠM29 ,Xitun_han,北京西屯_汉,116.25,40.01,56,low,2152-1730,2152,1730,4,5,-9.012999535,31.15999985,3,193,0,0.05,436,432.263,,353,304,233,76.64473684,81.66324668,Direct
46_1,09YXⅠM303 ,Xitun_han,北京西屯_汉,116.25,40.01,56,low,2152-1730,2152,1730,4,5,-9.012999535,31.15999985,3,193,0,0.05,427,423.308,,334,309,222,71.84466019,78.90235951,Direct
46_1,09YXⅠM159 ,Xitun_han,北京西屯_汉,116.25,40.01,56,low,2152-1730,2152,1730,4,5,-9.012999535,31.15999985,3,193,0,0.05,422.5,418.8305,,360.5,306,239,78.10457516,86.07300567,Direct
46_1,09YXⅠM36 ,Xitun_han,北京西屯_汉,116.25,40.01,56,low,2152-1730,2152,1730,4,5,-9.012999535,31.15999985,3,193,0,0.05,404,400.423,,337,,226,,84.16099974,Direct
46_1,09YXⅠM221 ,Xitun_han,北京西屯_汉,116.25,40.01,56,low,2152-1730,2152,1730,4,5,-9.012999535,31.15999985,3,193,0,0.05,459,455.148,,352,,,,77.33748143,Direct
46_1,09YXⅡM63,Xitun_han,北京西屯_汉,116.25,40.01,56,low,2152-1730,2152,1730,4,5,-9.012999535,31.15999985,3,193,0,0.05,388,384.503,,307.5,286.5,,,79.97336822,Direct
46_1,09YXⅠM152,Xitun_han,北京西屯_汉,116.25,40.01,56,low,2152-1730,2152,1730,4,5,-9.012999535,31.15999985,3,193,0,0.05,,,,343,317.5,237,74.64566929,,Direct
46_1,09YXⅡM55,Xitun_han,北京西屯_汉,116.25,40.01,56,low,2152-1730,2152,1730,4,5,-9.012999535,31.15999985,3,193,0,0.05,454,450.173,,368,,245,,81.74635085,Direct
46_1,09YXⅠM35 ,Xitun_han,北京西屯_汉,116.25,40.01,56,low,2152-1730,2152,1730,4,5,-9.012999535,31.15999985,3,193,0,0.05,,,,,297.5,226,75.96638655,,Direct
46_1,09YXⅠM31,Xitun_han,北京西屯_汉,116.25,40.01,56,low,2152-1730,2152,1730,4,5,-9.012999535,31.15999985,3,193,0,0.05,433,429.278,,,,,,,Direct
46_1,09YXⅠM164,Xitun_han,北京西屯_汉,116.25,40.01,56,low,2152-1730,2152,1730,4,5,-9.012999535,31.15999985,3,193,0,0.05,449.5,445.6955,,367,321,233,72.58566978,82.34321415,Direct
46_1,09YXⅠM200西,Xitun_han,北京西屯_汉,116.25,40.01,56,low,2152-1730,2152,1730,4,5,-9.012999535,31.15999985,3,193,0,0.05,417,413.358,,358,309,251,81.22977346,86.6077347,Direct
46_1,09YXⅡM89 ,Xitun_han,北京西屯_汉,116.25,40.01,56,low,2152-1730,2152,1730,4,5,-9.012999535,31.15999985,3,193,0,0.05,418,414.353,,342,302,233,77.15231788,82.53831878,Direct
46_1,09YXⅠM271 ,Xitun_han,北京西屯_汉,116.25,40.01,56,low,2152-1730,2152,1730,4,5,-9.012999535,31.15999985,3,193,0,0.05,461,457.138,,371,302,,,81.15711229,Direct
46_1,09YXⅠM296,Xitun_han,北京西屯_汉,116.25,40.01,56,low,2152-1730,2152,1730,4,5,-9.012999535,31.15999985,3,193,0,0.05,449,445.198,,,327,,,,Direct
46_1,09YXⅠM259 ,Xitun_han,北京西屯_汉,116.25,40.01,56,low,2152-1730,2152,1730,4,5,-9.012999535,31.15999985,3,193,0,0.05,,,,342,,,,,Direct
46_1,09YXⅠM172,Xitun_han,北京西屯_汉,116.25,40.01,56,low,2152-1730,2152,1730,4,5,-9.012999535,31.15999985,3,193,0,0.05,382,378.533,,299,279,,,78.98915022,Direct
46_1,09YXⅠM371,Xitun_han,北京西屯_汉,116.25,40.01,56,low,2152-1730,2152,1730,4,5,-9.012999535,31.15999985,3,193,0,0.05,432,428.283,,352,316,252,79.74683544,82.18864629,Direct
46_1,09YXⅠM184,Xitun_han,北京西屯_汉,116.25,40.01,56,low,2152-1730,2152,1730,4,5,-9.012999535,31.15999985,3,193,0,0.05,454,450.173,,369,,,,81.96848767,Direct
46_1,09YXⅠM235,Xitun_han,北京西屯_汉,116.25,40.01,56,low,2152-1730,2152,1730,4,5,-9.012999535,31.15999985,3,193,0,0.05,426,422.313,,350,329,,,82.8769183,Direct
46_1,09YXⅠM151南,Xitun_han,北京西屯_汉,116.25,40.01,56,low,2152-1730,2152,1730,4,5,-9.012999535,31.15999985,3,193,1,0.95,415,411.368,,,305,,,,Direct
46_1,09YXⅠM258,Xitun_han,北京西屯_汉,116.25,40.01,56,low,2152-1730,2152,1730,4,5,-9.012999535,31.15999985,3,193,1,0.95,448,444.203,,361.5,328.5,,,81.38171061,Direct
46_1,09YXⅠM256 ,Xitun_han,北京西屯_汉,116.25,40.01,56,low,2152-1730,2152,1730,4,5,-9.012999535,31.15999985,3,193,1,0.95,436,432.263,,343,,,,79.34984026,Direct
46_1,09YXⅠM255,Xitun_han,北京西屯_汉,116.25,40.01,56,low,2152-1730,2152,1730,4,5,-9.012999535,31.15999985,3,193,1,0.95,400,396.443,,337,289,,,85.0059151,Direct
46_1,09YXⅠM191,Xitun_han,北京西屯_汉,116.25,40.01,56,low,2152-1730,2152,1730,4,5,-9.012999535,31.15999985,3,193,1,0.95,422,418.333,,353,309.5,242,78.19063005,84.38253736,Direct
46_1,09YXⅠM339,Xitun_han,北京西屯_汉,116.25,40.01,56,low,2152-1730,2152,1730,4,5,-9.012999535,31.15999985,3,193,1,0.95,430,426.293,,359,300.5,233,77.5374376,84.21437837,Direct
46_1,09YXⅠM18,Xitun_han,北京西屯_汉,116.25,40.01,56,low,2152-1730,2152,1730,4,5,-9.012999535,31.15999985,3,193,1,0.95,412,408.383,,338,290,219,75.51724138,82.76544322,Direct
46_1,09YXⅡM32,Xitun_han,北京西屯_汉,116.25,40.01,56,low,2152-1730,2152,1730,4,5,-9.012999535,31.15999985,3,193,1,0.95,410.5,406.8905,,338,273,209,76.55677656,83.06903209,Direct
46_1,09YXⅠM268:3 ,Xitun_han,北京西屯_汉,116.25,40.01,56,low,2152-1730,2152,1730,4,5,-9.012999535,31.15999985,3,193,1,0.95,394,390.473,,322,,,,82.46408843,Direct
46_1,09YXⅡM6,Xitun_han,北京西屯_汉,116.25,40.01,56,low,2152-1730,2152,1730,4,5,-9.012999535,31.15999985,3,193,1,0.95,440,436.243,,346,312,231.5,74.19871795,79.31359357,Direct
46_1,09YXⅠM12 ,Xitun_han,北京西屯_汉,116.25,40.01,56,low,2152-1730,2152,1730,4,5,-9.012999535,31.15999985,3,193,1,0.95,438,434.253,,351.5,,230,,80.9435974,Direct
46_1,09YXⅠM132南,Xitun_han,北京西屯_汉,116.25,40.01,56,low,2152-1730,2152,1730,4,5,-9.012999535,31.15999985,3,193,1,0.95,431,427.288,,,301,,,,Direct
46_1,09YXⅠM260:C ,Xitun_han,北京西屯_汉,116.25,40.01,56,low,2152-1730,2152,1730,4,5,-9.012999535,31.15999985,3,193,1,0.95,425,421.318,,353,,,,83.7846947,Direct
46_1,09YXⅠM175,Xitun_han,北京西屯_汉,116.25,40.01,56,low,2152-1730,2152,1730,4,5,-9.012999535,31.15999985,3,193,1,0.95,399,395.448,,320,283,213,75.26501767,80.92087961,Direct
46_1,09YXⅠM157 ,Xitun_han,北京西屯_汉,116.25,40.01,56,low,2152-1730,2152,1730,4,5,-9.012999535,31.15999985,3,193,1,0.95,413,409.378,,331,302,223,73.8410596,80.85436931,Direct
46_1,09YXⅡM11,Xitun_han,北京西屯_汉,116.25,40.01,56,low,2152-1730,2152,1730,4,5,-9.012999535,31.15999985,3,193,1,0.95,431,427.288,,346,311,,,80.97582895,Direct
46_1,09YXⅠM198东,Xitun_han,北京西屯_汉,116.25,40.01,56,low,2152-1730,2152,1730,4,5,-9.012999535,31.15999985,3,193,1,0.95,417,413.358,,,292,,,,Direct
46_1,09YXⅠM290,Xitun_han,北京西屯_汉,116.25,40.01,56,low,2152-1730,2152,1730,4,5,-9.012999535,31.15999985,3,193,1,0.95,400,396.443,,,302,,,,Direct
46_1,09YXⅠM199,Xitun_han,北京西屯_汉,116.25,40.01,56,low,2152-1730,2152,1730,4,5,-9.012999535,31.15999985,3,193,1,0.95,430,426.293,,332,,219,,77.88070646,Direct
46_2,09YXⅠM118东,Xitun_nd,北京西屯_北朝,116.25,40.011,56,low,1530-1332,1530,1332,5,5,-9.012999535,31.15999985,3,193,0,0.05,413,409.378,,340,303,,,83.05282648,Direct
46_2,09YXⅠM103,Xitun_nd,北京西屯_北朝,116.25,40.011,56,low,1530-1332,1530,1332,5,5,-9.012999535,31.15999985,3,193,0,0.05,413,409.378,,334,306,,,81.58718837,Direct
46_2,09YXⅠM105,Xitun_nd,北京西屯_北朝,116.25,40.011,56,low,1530-1332,1530,1332,5,5,-9.012999535,31.15999985,3,193,0,0.05,454,450.173,,361,309,245,79.28802589,80.19139309,Direct
46_2,09YXⅠM109 ,Xitun_nd,北京西屯_北朝,116.25,40.011,56,low,1530-1332,1530,1332,5,5,-9.012999535,31.15999985,3,193,0,0.05,408.5,404.9005,,368,298,226,75.83892617,90.88652644,Direct
46_2,09YXⅠM112,Xitun_nd,北京西屯_北朝,116.25,40.011,56,low,1530-1332,1530,1332,5,5,-9.012999535,31.15999985,3,193,0,0.05,413,409.378,,351.5,325,,,85.8619662,Direct
46_2,09YXⅠM16:B,Xitun_nd,北京西屯_北朝,116.25,40.011,56,low,1530-1332,1530,1332,5,5,-9.012999535,31.15999985,3,193,1,0.95,420,416.343,,,314,252,80.25477707,,Direct
46_2,9YXⅠM117西,Xitun_nd,北京西屯_北朝,116.25,40.011,56,low,1530-1332,1530,1332,5,5,-9.012999535,31.15999985,3,193,1,0.95,396,392.463,,,290,,,,Direct
46_2,09YXⅠM118西,Xitun_nd,北京西屯_北朝,116.25,40.011,56,low,1530-1332,1530,1332,5,5,-9.012999535,31.15999985,3,193,1,0.95,419.5,415.8455,,350.5,,,,84.28611107,Direct
46_2,09YXⅠM121东 ,Xitun_nd,北京西屯_北朝,116.25,40.011,56,low,1530-1332,1530,1332,5,5,-9.012999535,31.15999985,3,193,1,0.95,452,448.183,,,314,251.5,80.0955414,,Direct
46_2,09YXⅠM13西 ,Xitun_nd,北京西屯_北朝,116.25,40.011,56,low,1530-1332,1530,1332,5,5,-9.012999535,31.15999985,3,193,1,0.95,396,392.463,,,290,,,,Direct
46_2,09YXⅠM17东 ,Xitun_nd,北京西屯_北朝,116.25,40.011,56,low,1530-1332,1530,1332,5,5,-9.012999535,31.15999985,3,193,1,0.95,407.5,403.9055,,346.5,,,,85.78739334,Direct
46_3,09YXⅠM209 ,Xitun_mingqing,北京西屯_明清,116.25,40.0111,56,low,582-38,582,38,7,5,-9.012999535,31.15999985,3,193,0,0.05,419,415.348,,354,319,241,75.54858934,85.22973507,Direct
46_3,09YXⅠM240 ,Xitun_mingqing,北京西屯_明清,116.25,40.0111,56,low,582-38,582,38,7,5,-9.012999535,31.15999985,3,193,0,0.05,458,454.153,,360,,,,79.26844037,Direct
46_3,09YXⅡM106 ,Xitun_mingqing,北京西屯_明清,116.25,40.0111,56,low,582-38,582,38,7,5,-9.012999535,31.15999985,3,193,0,0.05,431,427.288,,353,302,,,82.61406826,Direct
46_3,09YXⅡM104 ,Xitun_mingqing,北京西屯_明清,116.25,40.0111,56,low,582-38,582,38,7,5,-9.012999535,31.15999985,3,193,0,0.05,412.5,408.8805,,342,,231,,83.64302039,Direct
46_3,09YXⅠM15 ,Xitun_mingqing,北京西屯_明清,116.25,40.0111,56,low,582-38,582,38,7,5,-9.012999535,31.15999985,3,193,0,0.05,447,443.208,,370,312,,,83.48224761,Direct
46_3,09YXⅡM69,Xitun_mingqing,北京西屯_明清,116.25,40.0111,56,low,582-38,582,38,7,5,-9.012999535,31.15999985,3,193,0,0.05,430,426.293,,349,317,,,81.86857396,Direct
46_3,09YXⅠM76南,Xitun_mingqing,北京西屯_明清,116.25,40.0111,56,low,582-38,582,38,7,5,-9.012999535,31.15999985,3,193,0,0.05,410,406.393,,,,231,,,Direct
46_3,09YXⅡM66北,Xitun_mingqing,北京西屯_明清,116.25,40.0111,56,low,582-38,582,38,7,5,-9.012999535,31.15999985,3,193,0,0.05,430,426.293,,356,318,,,83.51063705,Direct
46_3,09YXⅠM204东,Xitun_mingqing,北京西屯_明清,116.25,40.0111,56,low,582-38,582,38,7,5,-9.012999535,31.15999985,3,193,1,0.95,398,394.453,,322,281,202,71.886121,81.63203221,Direct
46_3,09YXⅠM74,Xitun_mingqing,北京西屯_明清,116.25,40.0111,56,low,582-38,582,38,7,5,-9.012999535,31.15999985,3,193,1,0.95,385,381.518,,303,277.5,199,71.71171171,79.41958178,Direct
46_3,09YXⅡM71北,Xitun_mingqing,北京西屯_明清,116.25,40.0111,56,low,582-38,582,38,7,5,-9.012999535,31.15999985,3,193,1,0.95,399,395.448,,,,224,,,Direct
46_3,09YXⅡM71南,Xitun_mingqing,北京西屯_明清,116.25,40.0111,56,low,582-38,582,38,7,5,-9.012999535,31.15999985,3,193,1,0.95,445,441.218,,368.5,310,,,83.51880476,Direct
46_3,09YXⅠM230,Xitun_mingqing,北京西屯_明清,116.25,40.0111,56,low,582-38,582,38,7,5,-9.012999535,31.15999985,3,193,1,0.95,385,381.518,,303,277.5,199,71.71171171,79.41958178,Direct
46_3,09YXⅠM242,Xitun_mingqing,北京西屯_明清,116.25,40.0111,56,low,582-38,582,38,7,5,-9.012999535,31.15999985,3,193,1,0.95,399,395.448,,,,224,,,Direct
46_3,09YXⅠM264 ,Xitun_mingqing,北京西屯_明清,116.25,40.0111,56,low,582-38,582,38,7,5,-9.012999535,31.15999985,3,193,1,0.95,405,401.418,,358.5,310,,,89.30840172,Direct
47,SHZM42:1,Sanhezhuang,北京三合庄唐代,116.33,39.74,42,low,1332-1043,1332,1043,5,5,-10.09899998,30.84300041,3,220,0,0.05,444,440.223,,361,,,,82.00389348,Direct
47,SHZM44,Sanhezhuang,北京三合庄唐代,116.33,39.74,42,low,1332-1043,1332,1043,5,5,-10.09899998,30.84300041,3,220,0,0.05,430,426.293,,,,,,,Direct
47,SHZM46:1,Sanhezhuang,北京三合庄唐代,116.33,39.74,42,low,1332-1043,1332,1043,5,5,-10.09899998,30.84300041,3,220,0,0.05,432.5,428.7805,,350,,,,81.62684637,Direct
47,SHZM60,Sanhezhuang,北京三合庄唐代,116.33,39.74,42,low,1332-1043,1332,1043,5,5,-10.09899998,30.84300041,3,220,0,0.05,409,405.398,,343,,,,84.60821218,Direct
47,SHZM89,Sanhezhuang,北京三合庄唐代,116.33,39.74,42,low,1332-1043,1332,1043,5,5,-10.09899998,30.84300041,3,220,0,0.05,463.5,459.6255,,370,,,,80.50032037,Direct
47,SHZM43,Sanhezhuang,北京三合庄唐代,116.33,39.74,42,low,1332-1043,1332,1043,5,5,-10.09899998,30.84300041,3,220,1,0.95,,,,349,,,,,Direct
47,SHZM53:2,Sanhezhuang,北京三合庄唐代,116.33,39.74,42,low,1332-1043,1332,1043,5,5,-10.09899998,30.84300041,3,220,1,0.95,436,432.263,,,,,,,Direct
47,SHZM93,Sanhezhuang,北京三合庄唐代,116.33,39.74,42,low,1332-1043,1332,1043,5,5,-10.09899998,30.84300041,3,220,1,0.95,407.5,403.9055,,318.5,,,,78.85507873,Direct
48,LFM20B,Liangfu,陕西澄城良辅,110,35,447,low,2152-1730,2152,1730,4,5,-6.486999989,31.1970005,5,104,0,0.05,458,454.153,,,,,,,Direct
48,LFM25B,Liangfu,陕西澄城良辅,110,35,447,low,2152-1730,2152,1730,4,5,-6.486999989,31.1970005,5,104,0,0.05,427,423.308,,,,,,,Direct
48,LFM29,Liangfu,陕西澄城良辅,110,35,447,low,2152-1730,2152,1730,4,5,-6.486999989,31.1970005,5,104,0,0.05,446,442.213,,,,,,,Direct
48,LFM32,Liangfu,陕西澄城良辅,110,35,447,low,2152-1730,2152,1730,4,5,-6.486999989,31.1970005,5,104,0,0.05,462.5,458.6305,,,,,,,Direct
48,LFM35A,Liangfu,陕西澄城良辅,110,35,447,low,2152-1730,2152,1730,4,5,-6.486999989,31.1970005,5,104,0,0.05,489.75,485.74425,,,,,,,Direct
48,LFM35C,Liangfu,陕西澄城良辅,110,35,447,low,2152-1730,2152,1730,4,5,-6.486999989,31.1970005,5,104,0,0.05,447.25,443.45675,,,,,,,Direct
48,LFM39,Liangfu,陕西澄城良辅,110,35,447,low,2152-1730,2152,1730,4,5,-6.486999989,31.1970005,5,104,0,0.05,398.25,394.70175,,,,,,,Direct
48,LFM20A,Liangfu,陕西澄城良辅,110,35,447,low,2152-1730,2152,1730,4,5,-6.486999989,31.1970005,5,104,1,0.95,416,412.363,,,,,,,Direct
48,LFM25A,Liangfu,陕西澄城良辅,110,35,447,low,2152-1730,2152,1730,4,5,-6.486999989,31.1970005,5,104,1,0.95,392.5,388.9805,,,,,,,Direct
48,LFM26,Liangfu,陕西澄城良辅,110,35,447,low,2152-1730,2152,1730,4,5,-6.486999989,31.1970005,5,104,1,0.95,416.5,412.8605,,,,,,,Direct
49,HYM1,Huayu,山西大同华宇,113.28,40.08,1038,low,1530-1332,1530,1332,5,5,-16.62400055,28.09899902,2,100,0,0.05,483.5,476.5,50.09,,,,,,Direct
49,HYM7,Huayu,山西大同华宇,113.28,40.08,1038,low,1530-1332,1530,1332,5,5,-16.62400055,28.09899902,2,100,0,0.05,487,481,,,,,,,Direct
49,HYM16,Huayu,山西大同华宇,113.28,40.08,1038,low,1530-1332,1530,1332,5,5,-16.62400055,28.09899902,2,100,0,0.05,458,455,46.96,,,,,,Direct
49,HYM26,Huayu,山西大同华宇,113.28,40.08,1038,low,1530-1332,1530,1332,5,5,-16.62400055,28.09899902,2,100,0,0.05,420,417,42.36,,,,,,Direct
49,HYM30,Huayu,山西大同华宇,113.28,40.08,1038,low,1530-1332,1530,1332,5,5,-16.62400055,28.09899902,2,100,0,0.05,459.5,453,48.68,,,,,,Direct
49,HYM43,Huayu,山西大同华宇,113.28,40.08,1038,low,1530-1332,1530,1332,5,5,-16.62400055,28.09899902,2,100,0,0.05,552,546,57.95,,,,,,Direct
49,HYM59,Huayu,山西大同华宇,113.28,40.08,1038,low,1530-1332,1530,1332,5,5,-16.62400055,28.09899902,2,100,0,0.05,475,469,44.66,,,,,,Direct
49,HYM62,Huayu,山西大同华宇,113.28,40.08,1038,low,1530-1332,1530,1332,5,5,-16.62400055,28.09899902,2,100,0,0.05,417.5,410,42.45,,,,,,Direct
49,HYM73,Huayu,山西大同华宇,113.28,40.08,1038,low,1530-1332,1530,1332,5,5,-16.62400055,28.09899902,2,100,0,0.05,453.5,447.5,,,,,,,Direct
49,HYM74,Huayu,山西大同华宇,113.28,40.08,1038,low,1530-1332,1530,1332,5,5,-16.62400055,28.09899902,2,100,0,0.05,416.5,412.8605,,,,,,,Direct
49,HYM81,Huayu,山西大同华宇,113.28,40.08,1038,low,1530-1332,1530,1332,5,5,-16.62400055,28.09899902,2,100,0,0.05,466,462,51.195,,,,,,Direct
49,HYM93,Huayu,山西大同华宇,113.28,40.08,1038,low,1530-1332,1530,1332,5,5,-16.62400055,28.09899902,2,100,0,0.05,411,405,48.81,,,,,,Direct
49,HYM44nor,Huayu,山西大同华宇,113.28,40.08,1038,low,1530-1332,1530,1332,5,5,-16.62400055,28.09899902,2,100,0,0.05,,,52.03,,,,,,Direct
49,HYM77sou,Huayu,山西大同华宇,113.28,40.08,1038,low,1530-1332,1530,1332,5,5,-16.62400055,28.09899902,2,100,0,0.05,451,446,47.91,,,,,,Direct
49,HYM82sou,Huayu,山西大同华宇,113.28,40.08,1038,low,1530-1332,1530,1332,5,5,-16.62400055,28.09899902,2,100,0,0.05,429.75,426.04425,,,,,,,Direct
49,HYM88nor,Huayu,山西大同华宇,113.28,40.08,1038,low,1530-1332,1530,1332,5,5,-16.62400055,28.09899902,2,100,0,0.05,425,421,48.92,,,,,,Direct
49,HYM91sou,Huayu,山西大同华宇,113.28,40.08,1038,low,1530-1332,1530,1332,5,5,-16.62400055,28.09899902,2,100,0,0.05,380,375.5,47.24,,,,,,Direct
49,HYM3,Huayu,山西大同华宇,113.28,40.08,1038,low,1530-1332,1530,1332,5,5,-16.62400055,28.09899902,2,100,1,0.95,429.5,425.5,44.62,,,,,,Direct
49,HYM28,Huayu,山西大同华宇,113.28,40.08,1038,low,1530-1332,1530,1332,5,5,-16.62400055,28.09899902,2,100,1,0.95,383,378.5,40.4,,,,,,Direct
49,HYM31,Huayu,山西大同华宇,113.28,40.08,1038,low,1530-1332,1530,1332,5,5,-16.62400055,28.09899902,2,100,1,0.95,430,424.5,,,,,,,Direct
49,HYM48,Huayu,山西大同华宇,113.28,40.08,1038,low,1530-1332,1530,1332,5,5,-16.62400055,28.09899902,2,100,1,0.95,408,402,41.51,,,,,,Direct
49,HYM71,Huayu,山西大同华宇,113.28,40.08,1038,low,1530-1332,1530,1332,5,5,-16.62400055,28.09899902,2,100,1,0.95,426,420,42.66,,,,,,Direct
49,HYM74,Huayu,山西大同华宇,113.28,40.08,1038,low,1530-1332,1530,1332,5,5,-16.62400055,28.09899902,2,100,1,0.95,,413,42.635,,,,,,Direct
49,HYM80,Huayu,山西大同华宇,113.28,40.08,1038,low,1530-1332,1530,1332,5,5,-16.62400055,28.09899902,2,100,1,0.95,406,400,,,,,,,Direct
49,HYM85,Huayu,山西大同华宇,113.28,40.08,1038,low,1530-1332,1530,1332,5,5,-16.62400055,28.09899902,2,100,1,0.95,413,403,44.14,,,,,,Direct
49,HYM13west,Huayu,山西大同华宇,113.28,40.08,1038,low,1530-1332,1530,1332,5,5,-16.62400055,28.09899902,2,100,1,0.95,425,421.5,43.18,,,,,,Direct
49,HYM37east,Huayu,山西大同华宇,113.28,40.08,1038,low,1530-1332,1530,1332,5,5,-16.62400055,28.09899902,2,100,1,0.95,427.5,422,43.37,,,,,,Direct
49,HYM88sou,Huayu,山西大同华宇,113.28,40.08,1038,low,1530-1332,1530,1332,5,5,-16.62400055,28.09899902,2,100,1,0.95,418,411,40.2,,,,,,Direct
49,HYM91nor,Huayu,山西大同华宇,113.28,40.08,1038,low,1530-1332,1530,1332,5,5,-16.62400055,28.09899902,2,100,1,0.95,427.5,420.5,45.915,,,,,,Direct
49,HYM91mid,Huayu,山西大同华宇,113.28,40.08,1038,low,1530-1332,1530,1332,5,5,-16.62400055,28.09899902,2,100,1,0.95,392,383,37.455,,,,,,Direct
50,DXIM19,Dongxin,山西大同东信,113.3,40.08,1038,low,1530-1332,1530,1332,5,5,-16.62400055,28.09899902,2,100,0,0.05,469,465.098,,,,,,,Direct
50,DXIM32,Dongxin,山西大同东信,113.3,40.08,1038,low,1530-1332,1530,1332,5,5,-16.62400055,28.09899902,2,100,0,0.05,,,49.47,,,,,,Direct
50,DXIM44,Dongxin,山西大同东信,113.3,40.08,1038,low,1530-1332,1530,1332,5,5,-16.62400055,28.09899902,2,100,0,0.05,450,446.193,48.515,,,,,,Direct
50,DXIM110,Dongxin,山西大同东信,113.3,40.08,1038,low,1530-1332,1530,1332,5,5,-16.62400055,28.09899902,2,100,0,0.05,446,442.213,48.445,,,,,,Direct
50,DXIM122,Dongxin,山西大同东信,113.3,40.08,1038,low,1530-1332,1530,1332,5,5,-16.62400055,28.09899902,2,100,0,0.05,425.5,421.8155,44.705,,,,,,Direct
50,DXIM127,Dongxin,山西大同东信,113.3,40.08,1038,low,1530-1332,1530,1332,5,5,-16.62400055,28.09899902,2,100,0,0.05,438,434.253,48.505,,,,,,Direct
50,DXIM134,Dongxin,山西大同东信,113.3,40.08,1038,low,1530-1332,1530,1332,5,5,-16.62400055,28.09899902,2,100,0,0.05,430.5,426.7905,45.5,,,,,,Direct
50,DXIM141,Dongxin,山西大同东信,113.3,40.08,1038,low,1530-1332,1530,1332,5,5,-16.62400055,28.09899902,2,100,0,0.05,456.5,452.6605,,,,,,,Direct
50,DXIM144,Dongxin,山西大同东信,113.3,40.08,1038,low,1530-1332,1530,1332,5,5,-16.62400055,28.09899902,2,100,0,0.05,,,49.3,,,,,,Direct
50,DXIM155,Dongxin,山西大同东信,113.3,40.08,1038,low,1530-1332,1530,1332,5,5,-16.62400055,28.09899902,2,100,0,0.05,,,47.585,,,,,,Direct
50,DXIM168,Dongxin,山西大同东信,113.3,40.08,1038,low,1530-1332,1530,1332,5,5,-16.62400055,28.09899902,2,100,0,0.05,443,439.228,,,,,,,Direct
50,DXIM169,Dongxin,山西大同东信,113.3,40.08,1038,low,1530-1332,1530,1332,5,5,-16.62400055,28.09899902,2,100,0,0.05,,,49.91,,,,,,Direct
50,DXIM180,Dongxin,山西大同东信,113.3,40.08,1038,low,1530-1332,1530,1332,5,5,-16.62400055,28.09899902,2,100,0,0.05,,,46.45,,,,,,Direct
50,DXIM188,Dongxin,山西大同东信,113.3,40.08,1038,low,1530-1332,1530,1332,5,5,-16.62400055,28.09899902,2,100,0,0.05,489,484.998,,,,,,,Direct
50,DXIM198,Dongxin,山西大同东信,113.3,40.08,1038,low,1530-1332,1530,1332,5,5,-16.62400055,28.09899902,2,100,0,0.05,440.5,436.7405,50.76,,,,,,Direct
50,DXIM204,Dongxin,山西大同东信,113.3,40.08,1038,low,1530-1332,1530,1332,5,5,-16.62400055,28.09899902,2,100,0,0.05,461,457.138,48.935,,,,,,Direct
50,DXIM205,Dongxin,山西大同东信,113.3,40.08,1038,low,1530-1332,1530,1332,5,5,-16.62400055,28.09899902,2,100,0,0.05,431,427.288,44.775,,,,,,Direct
50,DXIM208:1,Dongxin,山西大同东信,113.3,40.08,1038,low,1530-1332,1530,1332,5,5,-16.62400055,28.09899902,2,100,0,0.05,,,52.99,,,,,,Direct
50,DXIM211,Dongxin,山西大同东信,113.3,40.08,1038,low,1530-1332,1530,1332,5,5,-16.62400055,28.09899902,2,100,0,0.05,441,437.238,,,,,,,Direct
50,DXIM232,Dongxin,山西大同东信,113.3,40.08,1038,low,1530-1332,1530,1332,5,5,-16.62400055,28.09899902,2,100,0,0.05,487.5,483.5055,,,,,,,Direct
50,DXIM234,Dongxin,山西大同东信,113.3,40.08,1038,low,1530-1332,1530,1332,5,5,-16.62400055,28.09899902,2,100,0,0.05,398,394.453,41.735,,,,,,Direct
50,DXIM236,Dongxin,山西大同东信,113.3,40.08,1038,low,1530-1332,1530,1332,5,5,-16.62400055,28.09899902,2,100,0,0.05,,,51.165,,,,,,Direct
50,DXIM311,Dongxin,山西大同东信,113.3,40.08,1038,low,1530-1332,1530,1332,5,5,-16.62400055,28.09899902,2,100,0,0.05,476.5,472.5605,54.28,,,,,,Direct
50,DXIM313,Dongxin,山西大同东信,113.3,40.08,1038,low,1530-1332,1530,1332,5,5,-16.62400055,28.09899902,2,100,0,0.05,469,465.098,45.11,,,,,,Direct
50,DXIM350,Dongxin,山西大同东信,113.3,40.08,1038,low,1530-1332,1530,1332,5,5,-16.62400055,28.09899902,2,100,0,0.05,405.5,401.9155,46.025,,,,,,Direct
50,DXIM406,Dongxin,山西大同东信,113.3,40.08,1038,low,1530-1332,1530,1332,5,5,-16.62400055,28.09899902,2,100,0,0.05,426,422.313,47.03,,,,,,Direct
50,DXIM410,Dongxin,山西大同东信,113.3,40.08,1038,low,1530-1332,1530,1332,5,5,-16.62400055,28.09899902,2,100,0,0.05,416.5,412.8605,49.57,,,,,,Direct
50,DXIM453,Dongxin,山西大同东信,113.3,40.08,1038,low,1530-1332,1530,1332,5,5,-16.62400055,28.09899902,2,100,0,0.05,436.5,432.7605,49.36,,,,,,Direct
50,DXIM459,Dongxin,山西大同东信,113.3,40.08,1038,low,1530-1332,1530,1332,5,5,-16.62400055,28.09899902,2,100,0,0.05,437,433.258,48.095,,,,,,Direct
50,DXIM464,Dongxin,山西大同东信,113.3,40.08,1038,low,1530-1332,1530,1332,5,5,-16.62400055,28.09899902,2,100,0,0.05,461,457.138,50.35,,,,,,Direct
50,DXIM500,Dongxin,山西大同东信,113.3,40.08,1038,low,1530-1332,1530,1332,5,5,-16.62400055,28.09899902,2,100,0,0.05,469,465.098,46.37,,,,,,Direct
50,DXIM574,Dongxin,山西大同东信,113.3,40.08,1038,low,1530-1332,1530,1332,5,5,-16.62400055,28.09899902,2,100,0,0.05,447,443.208,45.245,,,,,,Direct
50,DXIM588,Dongxin,山西大同东信,113.3,40.08,1038,low,1530-1332,1530,1332,5,5,-16.62400055,28.09899902,2,100,0,0.05,448.5,444.7005,49.025,,,,,,Direct
50,DXIM626,Dongxin,山西大同东信,113.3,40.08,1038,low,1530-1332,1530,1332,5,5,-16.62400055,28.09899902,2,100,0,0.05,459.5,455.6455,53.43,,,,,,Direct
50,DXIM650,Dongxin,山西大同东信,113.3,40.08,1038,low,1530-1332,1530,1332,5,5,-16.62400055,28.09899902,2,100,0,0.05,,,49.69,,,,,,Direct
50,DXIM680,Dongxin,山西大同东信,113.3,40.08,1038,low,1530-1332,1530,1332,5,5,-16.62400055,28.09899902,2,100,0,0.05,409,405.398,49.2,,,,,,Direct
50,DXIM700:1,Dongxin,山西大同东信,113.3,40.08,1038,low,1530-1332,1530,1332,5,5,-16.62400055,28.09899902,2,100,0,0.05,438.5,434.7505,43.62,,,,,,Direct
50,DXIM729:1,Dongxin,山西大同东信,113.3,40.08,1038,low,1530-1332,1530,1332,5,5,-16.62400055,28.09899902,2,100,0,0.05,395,391.468,47.43,,,,,,Direct
50,DXIM752,Dongxin,山西大同东信,113.3,40.08,1038,low,1530-1332,1530,1332,5,5,-16.62400055,28.09899902,2,100,0,0.05,438,434.253,45.16,,,,,,Direct
50,DXIM763,Dongxin,山西大同东信,113.3,40.08,1038,low,1530-1332,1530,1332,5,5,-16.62400055,28.09899902,2,100,0,0.05,434.5,430.7705,48.195,,,,,,Direct
50,DXIM785,Dongxin,山西大同东信,113.3,40.08,1038,low,1530-1332,1530,1332,5,5,-16.62400055,28.09899902,2,100,0,0.05,451,447.188,49.47,,,,,,Direct
50,DXIM795,Dongxin,山西大同东信,113.3,40.08,1038,low,1530-1332,1530,1332,5,5,-16.62400055,28.09899902,2,100,0,0.05,413,409.378,50.08,,,,,,Direct
50,DXIM864,Dongxin,山西大同东信,113.3,40.08,1038,low,1530-1332,1530,1332,5,5,-16.62400055,28.09899902,2,100,0,0.05,427.5,423.8055,47.12,,,,,,Direct
50,DXIIM2,Dongxin,山西大同东信,113.3,40.08,1038,low,1530-1332,1530,1332,5,5,-16.62400055,28.09899902,2,100,0,0.05,470,466.093,49.57,,,,,,Direct
50,DXIIM5,Dongxin,山西大同东信,113.3,40.08,1038,low,1530-1332,1530,1332,5,5,-16.62400055,28.09899902,2,100,0,0.05,444,440.223,49.57,,,,,,Direct
50,DXIIM7,Dongxin,山西大同东信,113.3,40.08,1038,low,1530-1332,1530,1332,5,5,-16.62400055,28.09899902,2,100,0,0.05,440.5,436.7405,44.855,,,,,,Direct
50,DXIIM25,Dongxin,山西大同东信,113.3,40.08,1038,low,1530-1332,1530,1332,5,5,-16.62400055,28.09899902,2,100,0,0.05,377.5,374.0555,40.255,,,,,,Direct
50,DXIIM32,Dongxin,山西大同东信,113.3,40.08,1038,low,1530-1332,1530,1332,5,5,-16.62400055,28.09899902,2,100,0,0.05,,,50.01,,,,,,Direct
50,DXIIM38,Dongxin,山西大同东信,113.3,40.08,1038,low,1530-1332,1530,1332,5,5,-16.62400055,28.09899902,2,100,0,0.05,465,461.118,44.14,,,,,,Direct
50,DXIIM75,Dongxin,山西大同东信,113.3,40.08,1038,low,1530-1332,1530,1332,5,5,-16.62400055,28.09899902,2,100,0,0.05,452,448.183,46.56,,,,,,Direct
50,DXIIM78,Dongxin,山西大同东信,113.3,40.08,1038,low,1530-1332,1530,1332,5,5,-16.62400055,28.09899902,2,100,0,0.05,420,416.343,46.725,,,,,,Direct
50,DXIIM87,Dongxin,山西大同东信,113.3,40.08,1038,low,1530-1332,1530,1332,5,5,-16.62400055,28.09899902,2,100,0,0.05,,,45.02,,,,,,Direct
50,DXIIM91,Dongxin,山西大同东信,113.3,40.08,1038,low,1530-1332,1530,1332,5,5,-16.62400055,28.09899902,2,100,0,0.05,411.5,407.8855,47.5,,,,,,Direct
50,DXIIM93,Dongxin,山西大同东信,113.3,40.08,1038,low,1530-1332,1530,1332,5,5,-16.62400055,28.09899902,2,100,0,0.05,432,428.283,47.5,,,,,,Direct
50,DXIIM98,Dongxin,山西大同东信,113.3,40.08,1038,low,1530-1332,1530,1332,5,5,-16.62400055,28.09899902,2,100,0,0.05,466,462.113,49.065,,,,,,Direct
50,DXIIM100,Dongxin,山西大同东信,113.3,40.08,1038,low,1530-1332,1530,1332,5,5,-16.62400055,28.09899902,2,100,0,0.05,452.5,448.6805,47.37,,,,,,Direct
50,DXIIM106,Dongxin,山西大同东信,113.3,40.08,1038,low,1530-1332,1530,1332,5,5,-16.62400055,28.09899902,2,100,0,0.05,,,40.73,,,,,,Direct
50,DXIIM121,Dongxin,山西大同东信,113.3,40.08,1038,low,1530-1332,1530,1332,5,5,-16.62400055,28.09899902,2,100,0,0.05,419.5,415.8455,47.15,,,,,,Direct
50,DXIIM133,Dongxin,山西大同东信,113.3,40.08,1038,low,1530-1332,1530,1332,5,5,-16.62400055,28.09899902,2,100,0,0.05,402.5,398.9305,43.81,,,,,,Direct
50,DXIIM164,Dongxin,山西大同东信,113.3,40.08,1038,low,1530-1332,1530,1332,5,5,-16.62400055,28.09899902,2,100,0,0.05,440,436.243,48.56,,,,,,Direct
50,DXIIM168,Dongxin,山西大同东信,113.3,40.08,1038,low,1530-1332,1530,1332,5,5,-16.62400055,28.09899902,2,100,0,0.05,,,51.69,,,,,,Direct
50,DXIIM173,Dongxin,山西大同东信,113.3,40.08,1038,low,1530-1332,1530,1332,5,5,-16.62400055,28.09899902,2,100,0,0.05,413.5,409.8755,43.715,,,,,,Direct
50,DXIIM174,Dongxin,山西大同东信,113.3,40.08,1038,low,1530-1332,1530,1332,5,5,-16.62400055,28.09899902,2,100,0,0.05,430.5,426.7905,44.76,,,,,,Direct
50,DXIIM182,Dongxin,山西大同东信,113.3,40.08,1038,low,1530-1332,1530,1332,5,5,-16.62400055,28.09899902,2,100,0,0.05,426.5,422.8105,47.875,,,,,,Direct
50,DXIIM198,Dongxin,山西大同东信,113.3,40.08,1038,low,1530-1332,1530,1332,5,5,-16.62400055,28.09899902,2,100,0,0.05,414,410.373,46.74,,,,,,Direct
50,DXIIM235,Dongxin,山西大同东信,113.3,40.08,1038,low,1530-1332,1530,1332,5,5,-16.62400055,28.09899902,2,100,0,0.05,442.5,438.7305,50.015,,,,,,Direct
50,DXIIM244,Dongxin,山西大同东信,113.3,40.08,1038,low,1530-1332,1530,1332,5,5,-16.62400055,28.09899902,2,100,0,0.05,,,48.09,,,,,,Direct
50,DXIIM290,Dongxin,山西大同东信,113.3,40.08,1038,low,1530-1332,1530,1332,5,5,-16.62400055,28.09899902,2,100,0,0.05,439,435.248,45.085,,,,,,Direct
50,DXIIM294,Dongxin,山西大同东信,113.3,40.08,1038,low,1530-1332,1530,1332,5,5,-16.62400055,28.09899902,2,100,0,0.05,430,426.293,45.06,,,,,,Direct
50,DXIIM311,Dongxin,山西大同东信,113.3,40.08,1038,low,1530-1332,1530,1332,5,5,-16.62400055,28.09899902,2,100,0,0.05,,,49.41,,,,,,Direct
50,DXIIM320,Dongxin,山西大同东信,113.3,40.08,1038,low,1530-1332,1530,1332,5,5,-16.62400055,28.09899902,2,100,0,0.05,402,398.433,45.615,,,,,,Direct
50,DXIIM357,Dongxin,山西大同东信,113.3,40.08,1038,low,1530-1332,1530,1332,5,5,-16.62400055,28.09899902,2,100,0,0.05,,,46.27,,,,,,Direct
50,DXIIM382,Dongxin,山西大同东信,113.3,40.08,1038,low,1530-1332,1530,1332,5,5,-16.62400055,28.09899902,2,100,0,0.05,,,47.89,,,,,,Direct
50,DXIIM392,Dongxin,山西大同东信,113.3,40.08,1038,low,1530-1332,1530,1332,5,5,-16.62400055,28.09899902,2,100,0,0.05,447,443.208,45.305,,,,,,Direct
50,DXIIM393,Dongxin,山西大同东信,113.3,40.08,1038,low,1530-1332,1530,1332,5,5,-16.62400055,28.09899902,2,100,0,0.05,398,394.453,48.515,,,,,,Direct
50,DXIIM304,Dongxin,山西大同东信,113.3,40.08,1038,low,1530-1332,1530,1332,5,5,-16.62400055,28.09899902,2,100,0,0.05,419,415.348,45.07,,,,,,Direct
50,DXIIM345,Dongxin,山西大同东信,113.3,40.08,1038,low,1530-1332,1530,1332,5,5,-16.62400055,28.09899902,2,100,0,0.05,428,424.303,42.63,,,,,,Direct
50,DXIIM368,Dongxin,山西大同东信,113.3,40.08,1038,low,1530-1332,1530,1332,5,5,-16.62400055,28.09899902,2,100,0,0.05,426.5,422.8105,47.35,,,,,,Direct
50,DXIIM389,Dongxin,山西大同东信,113.3,40.08,1038,low,1530-1332,1530,1332,5,5,-16.62400055,28.09899902,2,100,0,0.05,415,411.368,46.08,,,,,,Direct
50,DXIIM395,Dongxin,山西大同东信,113.3,40.08,1038,low,1530-1332,1530,1332,5,5,-16.62400055,28.09899902,2,100,0,0.05,410,406.393,48.515,,,,,,Direct
50,DXIIM406,Dongxin,山西大同东信,113.3,40.08,1038,low,1530-1332,1530,1332,5,5,-16.62400055,28.09899902,2,100,0,0.05,433.5,429.7755,,,,,,,Direct
50,DXIIM429,Dongxin,山西大同东信,113.3,40.08,1038,low,1530-1332,1530,1332,5,5,-16.62400055,28.09899902,2,100,0,0.05,433.5,429.7755,45.27,,,,,,Direct
50,DXIIM435,Dongxin,山西大同东信,113.3,40.08,1038,low,1530-1332,1530,1332,5,5,-16.62400055,28.09899902,2,100,0,0.05,437.5,433.7555,48.785,,,,,,Direct
50,DXIIM451,Dongxin,山西大同东信,113.3,40.08,1038,low,1530-1332,1530,1332,5,5,-16.62400055,28.09899902,2,100,0,0.05,454,450.173,49.27,,,,,,Direct
50,DXIIM479,Dongxin,山西大同东信,113.3,40.08,1038,low,1530-1332,1530,1332,5,5,-16.62400055,28.09899902,2,100,0,0.05,454,450.173,,,,,,,Direct
50,DXIIM466,Dongxin,山西大同东信,113.3,40.08,1038,low,1530-1332,1530,1332,5,5,-16.62400055,28.09899902,2,100,0,0.05,460,456.143,48.09,,,,,,Direct
50,DXIIM478,Dongxin,山西大同东信,113.3,40.08,1038,low,1530-1332,1530,1332,5,5,-16.62400055,28.09899902,2,100,0,0.05,449.5,445.6955,47.93,,,,,,Direct
50,DXIIM490,Dongxin,山西大同东信,113.3,40.08,1038,low,1530-1332,1530,1332,5,5,-16.62400055,28.09899902,2,100,0,0.05,,,48.26,,,,,,Direct
50,DXIIM508,Dongxin,山西大同东信,113.3,40.08,1038,low,1530-1332,1530,1332,5,5,-16.62400055,28.09899902,2,100,0,0.05,454.5,450.6705,50.17,,,,,,Direct
50,DXIIM509,Dongxin,山西大同东信,113.3,40.08,1038,low,1530-1332,1530,1332,5,5,-16.62400055,28.09899902,2,100,0,0.05,471,467.088,48.08,,,,,,Direct
50,DXIIM546,Dongxin,山西大同东信,113.3,40.08,1038,low,1530-1332,1530,1332,5,5,-16.62400055,28.09899902,2,100,0,0.05,410.5,406.8905,42.56,,,,,,Direct
50,DXIIM555,Dongxin,山西大同东信,113.3,40.08,1038,low,1530-1332,1530,1332,5,5,-16.62400055,28.09899902,2,100,0,0.05,430,426.293,48.77,,,,,,Direct
50,DXIIM557,Dongxin,山西大同东信,113.3,40.08,1038,low,1530-1332,1530,1332,5,5,-16.62400055,28.09899902,2,100,0,0.05,481,477.038,53.93,,,,,,Direct
50,DXIIM582:2,Dongxin,山西大同东信,113.3,40.08,1038,low,1530-1332,1530,1332,5,5,-16.62400055,28.09899902,2,100,0,0.05,,,48.73,,,,,,Direct
50,DXIIM590,Dongxin,山西大同东信,113.3,40.08,1038,low,1530-1332,1530,1332,5,5,-16.62400055,28.09899902,2,100,0,0.05,458,454.153,46.9,,,,,,Direct
50,DXIIM621,Dongxin,山西大同东信,113.3,40.08,1038,low,1530-1332,1530,1332,5,5,-16.62400055,28.09899902,2,100,0,0.05,481,477.038,51.585,,,,,,Direct
50,DXIIM630,Dongxin,山西大同东信,113.3,40.08,1038,low,1530-1332,1530,1332,5,5,-16.62400055,28.09899902,2,100,0,0.05,,,49.28,,,,,,Direct
50,DXIIM633,Dongxin,山西大同东信,113.3,40.08,1038,low,1530-1332,1530,1332,5,5,-16.62400055,28.09899902,2,100,0,0.05,404,400.423,45.935,,,,,,Direct
50,DXIIM639,Dongxin,山西大同东信,113.3,40.08,1038,low,1530-1332,1530,1332,5,5,-16.62400055,28.09899902,2,100,0,0.05,419,415.348,,,,,,,Direct
50,DXIIM649,Dongxin,山西大同东信,113.3,40.08,1038,low,1530-1332,1530,1332,5,5,-16.62400055,28.09899902,2,100,0,0.05,404,400.423,46.84,,,,,,Direct
50,DXIIM652,Dongxin,山西大同东信,113.3,40.08,1038,low,1530-1332,1530,1332,5,5,-16.62400055,28.09899902,2,100,0,0.05,419,415.348,44.845,,,,,,Direct
50,DXIIM697,Dongxin,山西大同东信,113.3,40.08,1038,low,1530-1332,1530,1332,5,5,-16.62400055,28.09899902,2,100,0,0.05,467,463.108,49.47,,,,,,Direct
50,DXIIM711,Dongxin,山西大同东信,113.3,40.08,1038,low,1530-1332,1530,1332,5,5,-16.62400055,28.09899902,2,100,0,0.05,450,446.193,50.365,,,,,,Direct
50,DXIIM733,Dongxin,山西大同东信,113.3,40.08,1038,low,1530-1332,1530,1332,5,5,-16.62400055,28.09899902,2,100,0,0.05,377.5,374.0555,42.145,,,,,,Direct
50,DXIIM756,Dongxin,山西大同东信,113.3,40.08,1038,low,1530-1332,1530,1332,5,5,-16.62400055,28.09899902,2,100,0,0.05,430,426.293,47.91,,,,,,Direct
50,DXIIM757,Dongxin,山西大同东信,113.3,40.08,1038,low,1530-1332,1530,1332,5,5,-16.62400055,28.09899902,2,100,0,0.05,,,47.4,,,,,,Direct
50,DXIM29,Dongxin,山西大同东信,113.3,40.08,1038,low,1530-1332,1530,1332,5,5,-16.62400055,28.09899902,2,100,1,0.95,408.5,404.9005,,,,,,,Direct
50,DXIM42,Dongxin,山西大同东信,113.3,40.08,1038,low,1530-1332,1530,1332,5,5,-16.62400055,28.09899902,2,100,1,0.95,407,403.408,42.885,,,,,,Direct
50,DXIM53,Dongxin,山西大同东信,113.3,40.08,1038,low,1530-1332,1530,1332,5,5,-16.62400055,28.09899902,2,100,1,0.95,407.5,403.9055,42.375,,,,,,Direct
50,DXIM60,Dongxin,山西大同东信,113.3,40.08,1038,low,1530-1332,1530,1332,5,5,-16.62400055,28.09899902,2,100,1,0.95,,,41.515,,,,,,Direct
50,DXIM61,Dongxin,山西大同东信,113.3,40.08,1038,low,1530-1332,1530,1332,5,5,-16.62400055,28.09899902,2,100,1,0.95,392.5,388.9805,,,,,,,Direct
50,DXIM62,Dongxin,山西大同东信,113.3,40.08,1038,low,1530-1332,1530,1332,5,5,-16.62400055,28.09899902,2,100,1,0.95,409.5,405.8955,46.815,,,,,,Direct
50,DXIM72,Dongxin,山西大同东信,113.3,40.08,1038,low,1530-1332,1530,1332,5,5,-16.62400055,28.09899902,2,100,1,0.95,405.5,401.9155,42.405,,,,,,Direct
50,DXIM76,Dongxin,山西大同东信,113.3,40.08,1038,low,1530-1332,1530,1332,5,5,-16.62400055,28.09899902,2,100,1,0.95,,,43.86,,,,,,Direct
50,DXIM89,Dongxin,山西大同东信,113.3,40.08,1038,low,1530-1332,1530,1332,5,5,-16.62400055,28.09899902,2,100,1,0.95,401.5,397.9355,38.59,,,,,,Direct
50,DXIM110,Dongxin,山西大同东信,113.3,40.08,1038,low,1530-1332,1530,1332,5,5,-16.62400055,28.09899902,2,100,1,0.95,415.5,411.8655,44.15,,,,,,Direct
50,DXIM114,Dongxin,山西大同东信,113.3,40.08,1038,low,1530-1332,1530,1332,5,5,-16.62400055,28.09899902,2,100,1,0.95,366,362.613,38.525,,,,,,Direct
50,DXIM179,Dongxin,山西大同东信,113.3,40.08,1038,low,1530-1332,1530,1332,5,5,-16.62400055,28.09899902,2,100,1,0.95,408,404.403,41.09,,,,,,Direct
50,DXIM196,Dongxin,山西大同东信,113.3,40.08,1038,low,1530-1332,1530,1332,5,5,-16.62400055,28.09899902,2,100,1,0.95,376,372.563,39.2,,,,,,Direct
50,DXIM220,Dongxin,山西大同东信,113.3,40.08,1038,low,1530-1332,1530,1332,5,5,-16.62400055,28.09899902,2,100,1,0.95,400,396.443,41.72,,,,,,Direct
50,DXIM229,Dongxin,山西大同东信,113.3,40.08,1038,low,1530-1332,1530,1332,5,5,-16.62400055,28.09899902,2,100,1,0.95,,,44.34,,,,,,Direct
50,DXIM265,Dongxin,山西大同东信,113.3,40.08,1038,low,1530-1332,1530,1332,5,5,-16.62400055,28.09899902,2,100,1,0.95,,,40.86,,,,,,Direct
50,DXIM285,Dongxin,山西大同东信,113.3,40.08,1038,low,1530-1332,1530,1332,5,5,-16.62400055,28.09899902,2,100,1,0.95,,,43.135,,,,,,Direct
50,DXIM307,Dongxin,山西大同东信,113.3,40.08,1038,low,1530-1332,1530,1332,5,5,-16.62400055,28.09899902,2,100,1,0.95,403.5,399.9255,40.21,,,,,,Direct
50,DXIM340,Dongxin,山西大同东信,113.3,40.08,1038,low,1530-1332,1530,1332,5,5,-16.62400055,28.09899902,2,100,1,0.95,399,395.448,43.39,,,,,,Direct
50,DXIM347,Dongxin,山西大同东信,113.3,40.08,1038,low,1530-1332,1530,1332,5,5,-16.62400055,28.09899902,2,100,1,0.95,387,383.508,39.145,,,,,,Direct
50,DXIM359,Dongxin,山西大同东信,113.3,40.08,1038,low,1530-1332,1530,1332,5,5,-16.62400055,28.09899902,2,100,1,0.95,394,390.473,43.935,,,,,,Direct
50,DXIM381,Dongxin,山西大同东信,113.3,40.08,1038,low,1530-1332,1530,1332,5,5,-16.62400055,28.09899902,2,100,1,0.95,396,392.463,41.87,,,,,,Direct
50,DXIM385,Dongxin,山西大同东信,113.3,40.08,1038,low,1530-1332,1530,1332,5,5,-16.62400055,28.09899902,2,100,1,0.95,434.5,430.7705,43.525,,,,,,Direct
50,DXIM412,Dongxin,山西大同东信,113.3,40.08,1038,low,1530-1332,1530,1332,5,5,-16.62400055,28.09899902,2,100,1,0.95,381,377.538,39.44,,,,,,Direct
50,DXIM477,Dongxin,山西大同东信,113.3,40.08,1038,low,1530-1332,1530,1332,5,5,-16.62400055,28.09899902,2,100,1,0.95,393.5,389.9755,39.79,,,,,,Direct
50,DXIM479,Dongxin,山西大同东信,113.3,40.08,1038,low,1530-1332,1530,1332,5,5,-16.62400055,28.09899902,2,100,1,0.95,372.5,369.0805,40,,,,,,Direct
50,DXIM529,Dongxin,山西大同东信,113.3,40.08,1038,low,1530-1332,1530,1332,5,5,-16.62400055,28.09899902,2,100,1,0.95,391,387.488,,,,,,,Direct
50,DXIM554,Dongxin,山西大同东信,113.3,40.08,1038,low,1530-1332,1530,1332,5,5,-16.62400055,28.09899902,2,100,1,0.95,388.5,385.0005,41.62,,,,,,Direct
50,DXIM583,Dongxin,山西大同东信,113.3,40.08,1038,low,1530-1332,1530,1332,5,5,-16.62400055,28.09899902,2,100,1,0.95,411.5,407.8855,41.055,,,,,,Direct
50,DXIM585,Dongxin,山西大同东信,113.3,40.08,1038,low,1530-1332,1530,1332,5,5,-16.62400055,28.09899902,2,100,1,0.95,384.5,381.0205,39.19,,,,,,Direct
50,DXIM611,Dongxin,山西大同东信,113.3,40.08,1038,low,1530-1332,1530,1332,5,5,-16.62400055,28.09899902,2,100,1,0.95,404.5,400.9205,40.615,,,,,,Direct
50,DXIM628,Dongxin,山西大同东信,113.3,40.08,1038,low,1530-1332,1530,1332,5,5,-16.62400055,28.09899902,2,100,1,0.95,387,383.508,42.225,,,,,,Direct
50,DXIM662,Dongxin,山西大同东信,113.3,40.08,1038,low,1530-1332,1530,1332,5,5,-16.62400055,28.09899902,2,100,1,0.95,364.5,361.1205,41.36,,,,,,Direct
50,DXIM675,Dongxin,山西大同东信,113.3,40.08,1038,low,1530-1332,1530,1332,5,5,-16.62400055,28.09899902,2,100,1,0.95,403,399.428,40.62,,,,,,Direct
50,DXIM700:2,Dongxin,山西大同东信,113.3,40.08,1038,low,1530-1332,1530,1332,5,5,-16.62400055,28.09899902,2,100,1,0.95,402,398.433,43,,,,,,Direct
50,DXIM729:2,Dongxin,山西大同东信,113.3,40.08,1038,low,1530-1332,1530,1332,5,5,-16.62400055,28.09899902,2,100,1,0.95,,,42.88,,,,,,Direct
50,DXIM737,Dongxin,山西大同东信,113.3,40.08,1038,low,1530-1332,1530,1332,5,5,-16.62400055,28.09899902,2,100,1,0.95,,,43.46,,,,,,Direct
50,DXIM743,Dongxin,山西大同东信,113.3,40.08,1038,low,1530-1332,1530,1332,5,5,-16.62400055,28.09899902,2,100,1,0.95,406,402.413,43.32,,,,,,Direct
50,DXIM773,Dongxin,山西大同东信,113.3,40.08,1038,low,1530-1332,1530,1332,5,5,-16.62400055,28.09899902,2,100,1,0.95,397,393.458,44.885,,,,,,Direct
50,DXIM792:2,Dongxin,山西大同东信,113.3,40.08,1038,low,1530-1332,1530,1332,5,5,-16.62400055,28.09899902,2,100,1,0.95,412,408.383,,,,,,,Direct
50,DXIM793,Dongxin,山西大同东信,113.3,40.08,1038,low,1530-1332,1530,1332,5,5,-16.62400055,28.09899902,2,100,1,0.95,419,415.348,40.82,,,,,,Direct
50,DXIM811,Dongxin,山西大同东信,113.3,40.08,1038,low,1530-1332,1530,1332,5,5,-16.62400055,28.09899902,2,100,1,0.95,429.5,425.7955,42.2,,,,,,Direct
50,DXIM812,Dongxin,山西大同东信,113.3,40.08,1038,low,1530-1332,1530,1332,5,5,-16.62400055,28.09899902,2,100,1,0.95,429,425.298,40.64,,,,,,Direct
50,DXIM822,Dongxin,山西大同东信,113.3,40.08,1038,low,1530-1332,1530,1332,5,5,-16.62400055,28.09899902,2,100,1,0.95,,,44.53,,,,,,Direct
50,DXIM830,Dongxin,山西大同东信,113.3,40.08,1038,low,1530-1332,1530,1332,5,5,-16.62400055,28.09899902,2,100,1,0.95,391,387.488,42.625,,,,,,Direct
50,DXIM836,Dongxin,山西大同东信,113.3,40.08,1038,low,1530-1332,1530,1332,5,5,-16.62400055,28.09899902,2,100,1,0.95,402,398.433,,,,,,,Direct
50,DXIIM4,Dongxin,山西大同东信,113.3,40.08,1038,low,1530-1332,1530,1332,5,5,-16.62400055,28.09899902,2,100,1,0.95,370,366.593,,,,,,,Direct
50,DXIIM87,Dongxin,山西大同东信,113.3,40.08,1038,low,1530-1332,1530,1332,5,5,-16.62400055,28.09899902,2,100,1,0.95,443.5,439.7255,,,,,,,Direct
50,DXIIM105,Dongxin,山西大同东信,113.3,40.08,1038,low,1530-1332,1530,1332,5,5,-16.62400055,28.09899902,2,100,1,0.95,397,393.458,46.075,,,,,,Direct
50,DXIIM106,Dongxin,山西大同东信,113.3,40.08,1038,low,1530-1332,1530,1332,5,5,-16.62400055,28.09899902,2,100,1,0.95,397,393.458,42.975,,,,,,Direct
50,DXIIM121,Dongxin,山西大同东信,113.3,40.08,1038,low,1530-1332,1530,1332,5,5,-16.62400055,28.09899902,2,100,1,0.95,397,393.458,41.605,,,,,,Direct
50,DXIIM123,Dongxin,山西大同东信,113.3,40.08,1038,low,1530-1332,1530,1332,5,5,-16.62400055,28.09899902,2,100,1,0.95,394,390.473,43.36,,,,,,Direct
50,DXIIM132,Dongxin,山西大同东信,113.3,40.08,1038,low,1530-1332,1530,1332,5,5,-16.62400055,28.09899902,2,100,1,0.95,419,415.348,,,,,,,Direct
50,DXIIM140,Dongxin,山西大同东信,113.3,40.08,1038,low,1530-1332,1530,1332,5,5,-16.62400055,28.09899902,2,100,1,0.95,403.5,399.9255,,,,,,,Direct
50,DXIIM146,Dongxin,山西大同东信,113.3,40.08,1038,low,1530-1332,1530,1332,5,5,-16.62400055,28.09899902,2,100,1,0.95,370,366.593,,,,,,,Direct
50,DXIIM170,Dongxin,山西大同东信,113.3,40.08,1038,low,1530-1332,1530,1332,5,5,-16.62400055,28.09899902,2,100,1,0.95,392.5,388.9805,39.96,,,,,,Direct
50,DXIIM180,Dongxin,山西大同东信,113.3,40.08,1038,low,1530-1332,1530,1332,5,5,-16.62400055,28.09899902,2,100,1,0.95,390,386.493,41.43,,,,,,Direct
50,DXIIM192,Dongxin,山西大同东信,113.3,40.08,1038,low,1530-1332,1530,1332,5,5,-16.62400055,28.09899902,2,100,1,0.95,394.5,390.9705,38.96,,,,,,Direct
50,DXIIM200,Dongxin,山西大同东信,113.3,40.08,1038,low,1530-1332,1530,1332,5,5,-16.62400055,28.09899902,2,100,1,0.95,,,42.635,,,,,,Direct
50,DXIIM208:2,Dongxin,山西大同东信,113.3,40.08,1038,low,1530-1332,1530,1332,5,5,-16.62400055,28.09899902,2,100,1,0.95,402.5,398.9305,40.495,,,,,,Direct
50,DXIIM231,Dongxin,山西大同东信,113.3,40.08,1038,low,1530-1332,1530,1332,5,5,-16.62400055,28.09899902,2,100,1,0.95,403.5,399.9255,44.365,,,,,,Direct
50,DXIIM233,Dongxin,山西大同东信,113.3,40.08,1038,low,1530-1332,1530,1332,5,5,-16.62400055,28.09899902,2,100,1,0.95,440,436.243,,,,,,,Direct
50,DXIIM262,Dongxin,山西大同东信,113.3,40.08,1038,low,1530-1332,1530,1332,5,5,-16.62400055,28.09899902,2,100,1,0.95,394.5,390.9705,44.18,,,,,,Direct
50,DXIIM272,Dongxin,山西大同东信,113.3,40.08,1038,low,1530-1332,1530,1332,5,5,-16.62400055,28.09899902,2,100,1,0.95,,,42.27,,,,,,Direct
50,DXIIM275,Dongxin,山西大同东信,113.3,40.08,1038,low,1530-1332,1530,1332,5,5,-16.62400055,28.09899902,2,100,1,0.95,380.5,377.0405,41.375,,,,,,Direct
50,DXIIM303,Dongxin,山西大同东信,113.3,40.08,1038,low,1530-1332,1530,1332,5,5,-16.62400055,28.09899902,2,100,1,0.95,,,37.915,,,,,,Direct
50,DXIIM306,Dongxin,山西大同东信,113.3,40.08,1038,low,1530-1332,1530,1332,5,5,-16.62400055,28.09899902,2,100,1,0.95,406.5,402.9105,41.31,,,,,,Direct
50,DXIIM307,Dongxin,山西大同东信,113.3,40.08,1038,low,1530-1332,1530,1332,5,5,-16.62400055,28.09899902,2,100,1,0.95,402.5,398.9305,43.38,,,,,,Direct
50,DXIIM317,Dongxin,山西大同东信,113.3,40.08,1038,low,1530-1332,1530,1332,5,5,-16.62400055,28.09899902,2,100,1,0.95,406.5,402.9105,44.045,,,,,,Direct
50,DXIIM329,Dongxin,山西大同东信,113.3,40.08,1038,low,1530-1332,1530,1332,5,5,-16.62400055,28.09899902,2,100,1,0.95,395.5,391.9655,39.215,,,,,,Direct
50,DXIIM339,Dongxin,山西大同东信,113.3,40.08,1038,low,1530-1332,1530,1332,5,5,-16.62400055,28.09899902,2,100,1,0.95,382.5,379.0305,,,,,,,Direct
50,DXIIM353,Dongxin,山西大同东信,113.3,40.08,1038,low,1530-1332,1530,1332,5,5,-16.62400055,28.09899902,2,100,1,0.95,,,42.995,,,,,,Direct
50,DXIIM358,Dongxin,山西大同东信,113.3,40.08,1038,low,1530-1332,1530,1332,5,5,-16.62400055,28.09899902,2,100,1,0.95,,,45.12,,,,,,Direct
50,DXIIM369,Dongxin,山西大同东信,113.3,40.08,1038,low,1530-1332,1530,1332,5,5,-16.62400055,28.09899902,2,100,1,0.95,385.5,382.0155,42.545,,,,,,Direct
50,DXIIM393,Dongxin,山西大同东信,113.3,40.08,1038,low,1530-1332,1530,1332,5,5,-16.62400055,28.09899902,2,100,1,0.95,,,43.225,,,,,,Direct
50,DXIIM395,Dongxin,山西大同东信,113.3,40.08,1038,low,1530-1332,1530,1332,5,5,-16.62400055,28.09899902,2,100,1,0.95,,,41.645,,,,,,Direct
50,DXIIM403,Dongxin,山西大同东信,113.3,40.08,1038,low,1530-1332,1530,1332,5,5,-16.62400055,28.09899902,2,100,1,0.95,384.5,381.0205,42.585,,,,,,Direct
50,DXIIM412,Dongxin,山西大同东信,113.3,40.08,1038,low,1530-1332,1530,1332,5,5,-16.62400055,28.09899902,2,100,1,0.95,420.5,416.8405,45.505,,,,,,Direct
50,DXIIM414,Dongxin,山西大同东信,113.3,40.08,1038,low,1530-1332,1530,1332,5,5,-16.62400055,28.09899902,2,100,1,0.95,406,402.413,43.915,,,,,,Direct
50,DXIIM444,Dongxin,山西大同东信,113.3,40.08,1038,low,1530-1332,1530,1332,5,5,-16.62400055,28.09899902,2,100,1,0.95,396,392.463,42.725,,,,,,Direct
50,DXIIM451,Dongxin,山西大同东信,113.3,40.08,1038,low,1530-1332,1530,1332,5,5,-16.62400055,28.09899902,2,100,1,0.95,397,393.458,38.455,,,,,,Direct
50,DXIIM470,Dongxin,山西大同东信,113.3,40.08,1038,low,1530-1332,1530,1332,5,5,-16.62400055,28.09899902,2,100,1,0.95,389,385.498,42.41,,,,,,Direct
50,DXIIM479,Dongxin,山西大同东信,113.3,40.08,1038,low,1530-1332,1530,1332,5,5,-16.62400055,28.09899902,2,100,1,0.95,,,46.665,,,,,,Direct
50,DXIIM487,Dongxin,山西大同东信,113.3,40.08,1038,low,1530-1332,1530,1332,5,5,-16.62400055,28.09899902,2,100,1,0.95,391.5,387.9855,42.155,,,,,,Direct
50,DXIIM492,Dongxin,山西大同东信,113.3,40.08,1038,low,1530-1332,1530,1332,5,5,-16.62400055,28.09899902,2,100,1,0.95,420,416.343,45.38,,,,,,Direct
50,DXIIM506,Dongxin,山西大同东信,113.3,40.08,1038,low,1530-1332,1530,1332,5,5,-16.62400055,28.09899902,2,100,1,0.95,372.5,369.0805,39.79,,,,,,Direct
50,DXIIM529,Dongxin,山西大同东信,113.3,40.08,1038,low,1530-1332,1530,1332,5,5,-16.62400055,28.09899902,2,100,1,0.95,,,39.38,,,,,,Direct
50,DXIIM572,Dongxin,山西大同东信,113.3,40.08,1038,low,1530-1332,1530,1332,5,5,-16.62400055,28.09899902,2,100,1,0.95,370.5,367.0905,40.905,,,,,,Direct
50,DXIIM595,Dongxin,山西大同东信,113.3,40.08,1038,low,1530-1332,1530,1332,5,5,-16.62400055,28.09899902,2,100,1,0.95,397,393.458,40.825,,,,,,Direct
50,DXIIM598,Dongxin,山西大同东信,113.3,40.08,1038,low,1530-1332,1530,1332,5,5,-16.62400055,28.09899902,2,100,1,0.95,402,398.433,43.81,,,,,,Direct
50,DXIIM625,Dongxin,山西大同东信,113.3,40.08,1038,low,1530-1332,1530,1332,5,5,-16.62400055,28.09899902,2,100,1,0.95,406,402.413,40.51,,,,,,Direct
50,DXIIM647,Dongxin,山西大同东信,113.3,40.08,1038,low,1530-1332,1530,1332,5,5,-16.62400055,28.09899902,2,100,1,0.95,399,395.448,,,,,,,Direct
50,DXIIM669,Dongxin,山西大同东信,113.3,40.08,1038,low,1530-1332,1530,1332,5,5,-16.62400055,28.09899902,2,100,1,0.95,424,420.323,44.31,,,,,,Direct
50,DXIIM684,Dongxin,山西大同东信,113.3,40.08,1038,low,1530-1332,1530,1332,5,5,-16.62400055,28.09899902,2,100,1,0.95,398,394.453,43.66,,,,,,Direct
50,DXIIM701,Dongxin,山西大同东信,113.3,40.08,1038,low,1530-1332,1530,1332,5,5,-16.62400055,28.09899902,2,100,1,0.95,413.5,409.8755,41.905,,,,,,Direct
50,DXIIM712,Dongxin,山西大同东信,113.3,40.08,1038,low,1530-1332,1530,1332,5,5,-16.62400055,28.09899902,2,100,1,0.95,418.5,414.8505,45.64,,,,,,Direct
50,DXIIM732,Dongxin,山西大同东信,113.3,40.08,1038,low,1530-1332,1530,1332,5,5,-16.62400055,28.09899902,2,100,1,0.95,419.5,415.8455,46.155,,,,,,Direct
50,DXIIM753,Dongxin,山西大同东信,113.3,40.08,1038,low,1530-1332,1530,1332,5,5,-16.62400055,28.09899902,2,100,1,0.95,414,410.373,39.825,,,,,,Direct
50,DXIIM754,Dongxin,山西大同东信,113.3,40.08,1038,low,1530-1332,1530,1332,5,5,-16.62400055,28.09899902,2,100,1,0.95,409,405.398,43.875,,,,,,Direct
50,DXIIM766,Dongxin,山西大同东信,113.3,40.08,1038,low,1530-1332,1530,1332,5,5,-16.62400055,28.09899902,2,100,1,0.95,397.5,393.9555,41.945,,,,,,Direct
50,DXIIM773,Dongxin,山西大同东信,113.3,40.08,1038,low,1530-1332,1530,1332,5,5,-16.62400055,28.09899902,2,100,1,0.95,393.5,389.9755,43.795,,,,,,Direct
50,DXIIM784,Dongxin,山西大同东信,113.3,40.08,1038,low,1530-1332,1530,1332,5,5,-16.62400055,28.09899902,2,100,1,0.95,,,43.39,,,,,,Direct
51,13DYFM6,Yufu,山西大同御府墓地,113.5,40.4,1538,low,1530-1332,1530,1332,5,5,-19.43700027,24.77799988,5,107,0,0.05,423.5,419.8255,,,,,,,Direct
51,13DYFM12:2,Yufu,山西大同御府墓地,113.5,40.4,1538,low,1530-1332,1530,1332,5,5,-19.43700027,24.77799988,5,107,0,0.05,433.5,429.7755,,,,,,,Direct
51,13DYFM13,Yufu,山西大同御府墓地,113.5,40.4,1538,low,1530-1332,1530,1332,5,5,-19.43700027,24.77799988,5,107,0,0.05,434,430.273,,,,,,,Direct
51,13DYFM18-1,Yufu,山西大同御府墓地,113.5,40.4,1538,low,1530-1332,1530,1332,5,5,-19.43700027,24.77799988,5,107,0,0.05,519,514.848,,,,,,,Direct
51,13DYFM19,Yufu,山西大同御府墓地,113.5,40.4,1538,low,1530-1332,1530,1332,5,5,-19.43700027,24.77799988,5,107,0,0.05,450.5,446.6905,,,,,,,Direct
51,13DYFM22,Yufu,山西大同御府墓地,113.5,40.4,1538,low,1530-1332,1530,1332,5,5,-19.43700027,24.77799988,5,107,0,0.05,443,439.228,,,,,,,Direct
51,13DYFM30,Yufu,山西大同御府墓地,113.5,40.4,1538,low,1530-1332,1530,1332,5,5,-19.43700027,24.77799988,5,107,0,0.05,446.25,442.46175,,,,,,,Direct
51,13DYFM37,Yufu,山西大同御府墓地,113.5,40.4,1538,low,1530-1332,1530,1332,5,5,-19.43700027,24.77799988,5,107,0,0.05,484,480.023,,,,,,,Direct
51,13DYFM38:2,Yufu,山西大同御府墓地,113.5,40.4,1538,low,1530-1332,1530,1332,5,5,-19.43700027,24.77799988,5,107,0,0.05,485,481.018,,,,,,,Direct
51,13DYFM44-2,Yufu,山西大同御府墓地,113.5,40.4,1538,low,1530-1332,1530,1332,5,5,-19.43700027,24.77799988,5,107,0,0.05,461,457.138,,,,,,,Direct
51,13DYFM48,Yufu,山西大同御府墓地,113.5,40.4,1538,low,1530-1332,1530,1332,5,5,-19.43700027,24.77799988,5,107,0,0.05,448.25,444.45175,,,,,,,Direct
51,13DYFM56:2,Yufu,山西大同御府墓地,113.5,40.4,1538,low,1530-1332,1530,1332,5,5,-19.43700027,24.77799988,5,107,0,0.05,463.5,459.6255,,,,,,,Direct
51,13DYFM57,Yufu,山西大同御府墓地,113.5,40.4,1538,low,1530-1332,1530,1332,5,5,-19.43700027,24.77799988,5,107,0,0.05,434.5,430.7705,,,,,,,Direct
51,13DYFM67:1-1,Yufu,山西大同御府墓地,113.5,40.4,1538,low,1530-1332,1530,1332,5,5,-19.43700027,24.77799988,5,107,0,0.05,439,435.248,,,,,,,Direct
51,13DYFM70,Yufu,山西大同御府墓地,113.5,40.4,1538,low,1530-1332,1530,1332,5,5,-19.43700027,24.77799988,5,107,0,0.05,478.5,474.5505,,,,,,,Direct
51,13DYFM12:1,Yufu,山西大同御府墓地,113.5,40.4,1538,low,1530-1332,1530,1332,5,5,-19.43700027,24.77799988,5,107,1,0.95,391,387.488,,,,,,,Direct
51,13DYFM17,Yufu,山西大同御府墓地,113.5,40.4,1538,low,1530-1332,1530,1332,5,5,-19.43700027,24.77799988,5,107,1,0.95,404,400.423,,,,,,,Direct
51,13DYFM18-2,Yufu,山西大同御府墓地,113.5,40.4,1538,low,1530-1332,1530,1332,5,5,-19.43700027,24.77799988,5,107,1,0.95,391,387.488,,,,,,,Direct
51,13DYFM19:1,Yufu,山西大同御府墓地,113.5,40.4,1538,low,1530-1332,1530,1332,5,5,-19.43700027,24.77799988,5,107,1,0.95,388,384.503,,,,,,,Direct
51,13DYFM23,Yufu,山西大同御府墓地,113.5,40.4,1538,low,1530-1332,1530,1332,5,5,-19.43700027,24.77799988,5,107,1,0.95,400.25,396.69175,,,,,,,Direct
51,13DYFM32,Yufu,山西大同御府墓地,113.5,40.4,1538,low,1530-1332,1530,1332,5,5,-19.43700027,24.77799988,5,107,1,0.95,379,375.548,,,,,,,Direct
51,13DYFM34,Yufu,山西大同御府墓地,113.5,40.4,1538,low,1530-1332,1530,1332,5,5,-19.43700027,24.77799988,5,107,1,0.95,385,381.518,,,,,,,Direct
51,13DYFM36,Yufu,山西大同御府墓地,113.5,40.4,1538,low,1530-1332,1530,1332,5,5,-19.43700027,24.77799988,5,107,1,0.95,397.5,393.9555,,,,,,,Direct
51,13DYFM39:1,Yufu,山西大同御府墓地,113.5,40.4,1538,low,1530-1332,1530,1332,5,5,-19.43700027,24.77799988,5,107,1,0.95,405,401.418,,,,,,,Direct
51,13DYFM44-1,Yufu,山西大同御府墓地,113.5,40.4,1538,low,1530-1332,1530,1332,5,5,-19.43700027,24.77799988,5,107,1,0.95,388.5,385.0005,,,,,,,Direct
51,13DYFM49,Yufu,山西大同御府墓地,113.5,40.4,1538,low,1530-1332,1530,1332,5,5,-19.43700027,24.77799988,5,107,1,0.95,457,453.158,,,,,,,Direct
51,13DYFM56:4,Yufu,山西大同御府墓地,113.5,40.4,1538,low,1530-1332,1530,1332,5,5,-19.43700027,24.77799988,5,107,1,0.95,370,366.593,,,,,,,Direct
52,2016DSXBM9East,Shuiposi,山西水泊寺廉租房,113.34,40.08,1042,low,1530-1332,1530,1332,5,5,-17.26600075,27.89500046,3,100,0,0.05,399,395.448,,,,,,,Direct
52,2016DSXBM22 ,Shuiposi,山西水泊寺廉租房,113.34,40.08,1042,low,1530-1332,1530,1332,5,5,-17.26600075,27.89500046,3,100,0,0.05,431,427.288,,,,,,,Direct
52,2016DSXBM33,Shuiposi,山西水泊寺廉租房,113.34,40.08,1042,low,1530-1332,1530,1332,5,5,-17.26600075,27.89500046,3,100,0,0.05,442,438.233,,,,,,,Direct
52,2016DSXBM36,Shuiposi,山西水泊寺廉租房,113.34,40.08,1042,low,1530-1332,1530,1332,5,5,-17.26600075,27.89500046,3,100,0,0.05,430,426.293,,,,,,,Direct
52,2016DSXBM51,Shuiposi,山西水泊寺廉租房,113.34,40.08,1042,low,1530-1332,1530,1332,5,5,-17.26600075,27.89500046,3,100,0,0.05,443,439.228,,,,,,,Direct
52,2016DSXBM54 ,Shuiposi,山西水泊寺廉租房,113.34,40.08,1042,low,1530-1332,1530,1332,5,5,-17.26600075,27.89500046,3,100,0,0.05,478,474.053,,,,,,,Direct
52,2016DSXBM64 ,Shuiposi,山西水泊寺廉租房,113.34,40.08,1042,low,1530-1332,1530,1332,5,5,-17.26600075,27.89500046,3,100,0,0.05,453,449.178,,,,,,,Direct
52,2016DSXBM74,Shuiposi,山西水泊寺廉租房,113.34,40.08,1042,low,1530-1332,1530,1332,5,5,-17.26600075,27.89500046,3,100,0,0.05,447,443.208,,,,,,,Direct
52,2016DSXBM76,Shuiposi,山西水泊寺廉租房,113.34,40.08,1042,low,1530-1332,1530,1332,5,5,-17.26600075,27.89500046,3,100,0,0.05,480,476.043,,,,,,,Direct
52,2016DSXBM77,Shuiposi,山西水泊寺廉租房,113.34,40.08,1042,low,1530-1332,1530,1332,5,5,-17.26600075,27.89500046,3,100,0,0.05,416,412.363,,,,,,,Direct
52,2016DSXBM81,Shuiposi,山西水泊寺廉租房,113.34,40.08,1042,low,1530-1332,1530,1332,5,5,-17.26600075,27.89500046,3,100,0,0.05,447,443.208,,,,,,,Direct
52,2016DSXBM83,Shuiposi,山西水泊寺廉租房,113.34,40.08,1042,low,1530-1332,1530,1332,5,5,-17.26600075,27.89500046,3,100,0,0.05,412,408.383,,,,,,,Direct
52,2016DSXBM116 ,Shuiposi,山西水泊寺廉租房,113.34,40.08,1042,low,1530-1332,1530,1332,5,5,-17.26600075,27.89500046,3,100,0,0.05,473,469.078,,,,,,,Direct
52,2016DSXBMN02 ,Shuiposi,山西水泊寺廉租房,113.34,40.08,1042,low,1530-1332,1530,1332,5,5,-17.26600075,27.89500046,3,100,0,0.05,456,452.163,,,,,,,Direct
52,2016DSXBM10,Shuiposi,山西水泊寺廉租房,113.34,40.08,1042,low,1530-1332,1530,1332,5,5,-17.26600075,27.89500046,3,100,1,0.95,412,408.383,,,,,,,Direct
52,2016DSXBM14,Shuiposi,山西水泊寺廉租房,113.34,40.08,1042,low,1530-1332,1530,1332,5,5,-17.26600075,27.89500046,3,100,1,0.95,412,408.383,,,,,,,Direct
52,2016DSXBM21,Shuiposi,山西水泊寺廉租房,113.34,40.08,1042,low,1530-1332,1530,1332,5,5,-17.26600075,27.89500046,3,100,1,0.95,425,421.318,,,,,,,Direct
52,2016DSXBM27 ,Shuiposi,山西水泊寺廉租房,113.34,40.08,1042,low,1530-1332,1530,1332,5,5,-17.26600075,27.89500046,3,100,1,0.95,373,369.578,,,,,,,Direct
52,2016DSXBM30West,Shuiposi,山西水泊寺廉租房,113.34,40.08,1042,low,1530-1332,1530,1332,5,5,-17.26600075,27.89500046,3,100,1,0.95,415,411.368,,,,,,,Direct
52,2016DSXBM41,Shuiposi,山西水泊寺廉租房,113.34,40.08,1042,low,1530-1332,1530,1332,5,5,-17.26600075,27.89500046,3,100,1,0.95,413,409.378,,,,,,,Direct
52,2016DSXBM42,Shuiposi,山西水泊寺廉租房,113.34,40.08,1042,low,1530-1332,1530,1332,5,5,-17.26600075,27.89500046,3,100,1,0.95,402,398.433,,,,,,,Direct
52,2016DSXBM46,Shuiposi,山西水泊寺廉租房,113.34,40.08,1042,low,1530-1332,1530,1332,5,5,-17.26600075,27.89500046,3,100,1,0.95,407,403.408,,,,,,,Direct
52,2016DSXBM47,Shuiposi,山西水泊寺廉租房,113.34,40.08,1042,low,1530-1332,1530,1332,5,5,-17.26600075,27.89500046,3,100,1,0.95,425,421.318,,,,,,,Direct
52,2016DSXBM60,Shuiposi,山西水泊寺廉租房,113.34,40.08,1042,low,1530-1332,1530,1332,5,5,-17.26600075,27.89500046,3,100,1,0.95,364,360.623,,,,,,,Direct
52,2016DSXBM62,Shuiposi,山西水泊寺廉租房,113.34,40.08,1042,low,1530-1332,1530,1332,5,5,-17.26600075,27.89500046,3,100,1,0.95,421,417.338,,,,,,,Direct
52,2016DSXBM66,Shuiposi,山西水泊寺廉租房,113.34,40.08,1042,low,1530-1332,1530,1332,5,5,-17.26600075,27.89500046,3,100,1,0.95,401,397.438,,,,,,,Direct
52,2016DSXBM68,Shuiposi,山西水泊寺廉租房,113.34,40.08,1042,low,1530-1332,1530,1332,5,5,-17.26600075,27.89500046,3,100,1,0.95,388,384.503,,,,,,,Direct
52,2016DSXBM70,Shuiposi,山西水泊寺廉租房,113.34,40.08,1042,low,1530-1332,1530,1332,5,5,-17.26600075,27.89500046,3,100,1,0.95,411,407.388,,,,,,,Direct
52,2016DSXBM90 ,Shuiposi,山西水泊寺廉租房,113.34,40.08,1042,low,1530-1332,1530,1332,5,5,-17.26600075,27.89500046,3,100,1,0.95,391,387.488,,,,,,,Direct
52,2016DSXBM91,Shuiposi,山西水泊寺廉租房,113.34,40.08,1042,low,1530-1332,1530,1332,5,5,-17.26600075,27.89500046,3,100,1,0.95,399,395.448,,,,,,,Direct
52,2016DSXBM93,Shuiposi,山西水泊寺廉租房,113.34,40.08,1042,low,1530-1332,1530,1332,5,5,-17.26600075,27.89500046,3,100,1,0.95,391,387.488,,,,,,,Direct
52,2016DSXBM97,Shuiposi,山西水泊寺廉租房,113.34,40.08,1042,low,1530-1332,1530,1332,5,5,-17.26600075,27.89500046,3,100,1,0.95,380,376.543,,,,,,,Direct
52,2016DSXBM101,Shuiposi,山西水泊寺廉租房,113.34,40.08,1042,low,1530-1332,1530,1332,5,5,-17.26600075,27.89500046,3,100,1,0.95,383,379.528,,,,,,,Direct
52,2016DSXBM117,Shuiposi,山西水泊寺廉租房,113.34,40.08,1042,low,1530-1332,1530,1332,5,5,-17.26600075,27.89500046,3,100,1,0.95,393,389.478,,,,,,,Direct
52,2016DSXBM125,Shuiposi,山西水泊寺廉租房,113.34,40.08,1042,low,1530-1332,1530,1332,5,5,-17.26600075,27.89500046,3,100,1,0.95,436,432.263,,,,,,,Direct
53,DT6#M12,Jinmaoyuan,山西大同金茂园,113.5,40.4,1538,low,1530-1332,1530,1332,5,5,-19.43700027,24.77799988,5,107,0,0.05,419.5,415.8455,46.3,338.5,,,,81.40042396,Direct
53,DT6norM12:1,Jinmaoyuan,山西大同金茂园,113.5,40.4,1538,low,1530-1332,1530,1332,5,5,-19.43700027,24.77799988,5,107,0,0.05,449,445.198,,335,,,,75.247418,Direct
53,DT6#M5,Jinmaoyuan,山西大同金茂园,113.5,40.4,1538,low,1530-1332,1530,1332,5,5,-19.43700027,24.77799988,5,107,0,0.05,428,424.303,44.74,356,,,,83.90230566,Direct
53,DT1#M19,Jinmaoyuan,山西大同金茂园,113.5,40.4,1538,low,1530-1332,1530,1332,5,5,-19.43700027,24.77799988,5,107,0,0.05,433.5,429.7755,47.41,355,,,,82.60126508,Direct
53,DT4#M12,Jinmaoyuan,山西大同金茂园,113.5,40.4,1538,low,1530-1332,1530,1332,5,5,-19.43700027,24.77799988,5,107,0,0.05,426,422.313,46.23,353,,,,83.58729189,Direct
53,DT6#M13,Jinmaoyuan,山西大同金茂园,113.5,40.4,1538,low,1530-1332,1530,1332,5,5,-19.43700027,24.77799988,5,107,0,0.05,428,424.303,51.01,335,,,,78.95301235,Direct
53,DT6#M7,Jinmaoyuan,山西大同金茂园,113.5,40.4,1538,low,1530-1332,1530,1332,5,5,-19.43700027,24.77799988,5,107,0,0.05,434,430.273,46.07,341.5,,,,79.36821506,Direct
53,DTM-33,Jinmaoyuan,山西大同金茂园,113.5,40.4,1538,low,1530-1332,1530,1332,5,5,-19.43700027,24.77799988,5,107,0,0.05,446.5,442.7105,47.29,357,,,,80.63960534,Direct
53,DT6norM9,Jinmaoyuan,山西大同金茂园,113.5,40.4,1538,low,1530-1332,1530,1332,5,5,-19.43700027,24.77799988,5,107,0,0.05,414,410.373,44.88,357,,,,86.99402738,Direct
53,DT1#M2,Jinmaoyuan,山西大同金茂园,113.5,40.4,1538,low,1530-1332,1530,1332,5,5,-19.43700027,24.77799988,5,107,0,0.05,475,471.068,47.72,404.5,,,,85.86870685,Direct
53,DTM34,Jinmaoyuan,山西大同金茂园,113.5,40.4,1538,low,1530-1332,1530,1332,5,5,-19.43700027,24.77799988,5,107,0,0.05,449.5,445.6955,50.33,360.5,,,,80.88481934,Direct
53,DTM4,Jinmaoyuan,山西大同金茂园,113.5,40.4,1538,low,1530-1332,1530,1332,5,5,-19.43700027,24.77799988,5,107,0,0.05,458.5,454.6505,50.825,373,,,,82.04104032,Direct
53,DT4#M20,Jinmaoyuan,山西大同金茂园,113.5,40.4,1538,low,1530-1332,1530,1332,5,5,-19.43700027,24.77799988,5,107,0,0.05,395.5,391.9655,48.81,340,,,,86.74232809,Direct
53,DTnorM8,Jinmaoyuan,山西大同金茂园,113.5,40.4,1538,low,1530-1332,1530,1332,5,5,-19.43700027,24.77799988,5,107,0,0.05,422.5,418.8305,,369,,,,88.10246627,Direct
53,DT11#M11:1,Jinmaoyuan,山西大同金茂园,113.5,40.4,1538,low,1530-1332,1530,1332,5,5,-19.43700027,24.77799988,5,107,0,0.05,490,485.993,,,,,,,Direct
53,DT4#M21,Jinmaoyuan,山西大同金茂园,113.5,40.4,1538,low,1530-1332,1530,1332,5,5,-19.43700027,24.77799988,5,107,0,0.05,429,425.298,43.43,358,,,,84.1762717,Direct
53,DT4#M5,Jinmaoyuan,山西大同金茂园,113.5,40.4,1538,low,1530-1332,1530,1332,5,5,-19.43700027,24.77799988,5,107,0,0.05,432,428.283,45.355,349.5,,,,81.60492011,Direct
53,DT1#M17,Jinmaoyuan,山西大同金茂园,113.5,40.4,1538,low,1530-1332,1530,1332,5,5,-19.43700027,24.77799988,5,107,1,0.95,386,382.513,40.64,323.5,,,,84.57228905,Direct
53,DT6#M18,Jinmaoyuan,山西大同金茂园,113.5,40.4,1538,low,1530-1332,1530,1332,5,5,-19.43700027,24.77799988,5,107,1,0.95,380,376.543,41.28,311,,,,82.59348866,Direct
53,DTM16,Jinmaoyuan,山西大同金茂园,113.5,40.4,1538,low,1530-1332,1530,1332,5,5,-19.43700027,24.77799988,5,107,1,0.95,401,397.438,,327,,,,82.27698408,Direct
53,DT6#M19,Jinmaoyuan,山西大同金茂园,113.5,40.4,1538,low,1530-1332,1530,1332,5,5,-19.43700027,24.77799988,5,107,1,0.95,388.5,385.0005,40.43,305,,,,79.22067634,Direct
53,DT2#M1,Jinmaoyuan,山西大同金茂园,113.5,40.4,1538,low,1530-1332,1530,1332,5,5,-19.43700027,24.77799988,5,107,1,0.95,402,398.433,43.6,330,,,,82.82446484,Direct
53,DT1#M4,Jinmaoyuan,山西大同金茂园,113.5,40.4,1538,low,1530-1332,1530,1332,5,5,-19.43700027,24.77799988,5,107,1,0.95,406,402.413,42.51,341,,,,84.73881311,Direct
53,DT4#M10,Jinmaoyuan,山西大同金茂园,113.5,40.4,1538,low,1530-1332,1530,1332,5,5,-19.43700027,24.77799988,5,107,1,0.95,406,402.413,42.01,334,,,,82.99930668,Direct
53,DTM28,Jinmaoyuan,山西大同金茂园,113.5,40.4,1538,low,1530-1332,1530,1332,5,5,-19.43700027,24.77799988,5,107,1,0.95,432.5,428.7805,42.37,370,,,,86.29123759,Direct
53,DT6#M1,Jinmaoyuan,山西大同金茂园,113.5,40.4,1538,low,1530-1332,1530,1332,5,5,-19.43700027,24.77799988,5,107,1,0.95,420.5,416.8405,,349,,,,83.7250699,Direct
53,DT1#M7,Jinmaoyuan,山西大同金茂园,113.5,40.4,1538,low,1530-1332,1530,1332,5,5,-19.43700027,24.77799988,5,107,1,0.95,423,419.328,44.075,348,,,,82.98992674,Direct
53,DTM37,Jinmaoyuan,山西大同金茂园,113.5,40.4,1538,low,1530-1332,1530,1332,5,5,-19.43700027,24.77799988,5,107,1,0.95,382,378.533,39.815,310,,,,81.89510558,Direct
53,DT1#8,Jinmaoyuan,山西大同金茂园,113.5,40.4,1538,low,1530-1332,1530,1332,5,5,-19.43700027,24.77799988,5,107,1,0.95,411,407.388,44.12,340.5,,,,83.58125423,Direct
53,DT4#M3,Jinmaoyuan,山西大同金茂园,113.5,40.4,1538,low,1530-1332,1530,1332,5,5,-19.43700027,24.77799988,5,107,1,0.95,377.5,374.0555,,302,,,,80.73668212,Direct
53,DT4#M14,Jinmaoyuan,山西大同金茂园,113.5,40.4,1538,low,1530-1332,1530,1332,5,5,-19.43700027,24.77799988,5,107,1,0.95,386,382.513,,324,,,,84.70300356,Direct
53,DT6#M21,Jinmaoyuan,山西大同金茂园,113.5,40.4,1538,low,1530-1332,1530,1332,5,5,-19.43700027,24.77799988,5,107,1,0.95,385,381.518,,315,,,,82.56491175,Direct
54,YCJYM5-1,Yuchangjianyuan,山西御昌佳园,113.5,40.4,1538,low,1530-1332,1530,1332,5,5,-19.43700027,24.77799988,5,107,0,0.05,462,458.133,46.97,,,,,,Direct
54,YCJYM10Sou,Yuchangjianyuan,山西御昌佳园,113.5,40.4,1538,low,1530-1332,1530,1332,5,5,-19.43700027,24.77799988,5,107,0,0.05,471,467.088,48.875,,,,,,Direct
54,YCJYM15,Yuchangjianyuan,山西御昌佳园,113.5,40.4,1538,low,1530-1332,1530,1332,5,5,-19.43700027,24.77799988,5,107,0,0.05,439,435.248,47.07,,,,,,Direct
54,YCJYM16,Yuchangjianyuan,山西御昌佳园,113.5,40.4,1538,low,1530-1332,1530,1332,5,5,-19.43700027,24.77799988,5,107,0,0.05,447,443.208,47.73,,,,,,Direct
54,YCJYM22-1,Yuchangjianyuan,山西御昌佳园,113.5,40.4,1538,low,1530-1332,1530,1332,5,5,-19.43700027,24.77799988,5,107,0,0.05,476,472.063,48.41,,,,,,Direct
54,YCJYM23,Yuchangjianyuan,山西御昌佳园,113.5,40.4,1538,low,1530-1332,1530,1332,5,5,-19.43700027,24.77799988,5,107,0,0.05,432,428.283,42.23,,,,,,Direct
54,YCJYM24,Yuchangjianyuan,山西御昌佳园,113.5,40.4,1538,low,1530-1332,1530,1332,5,5,-19.43700027,24.77799988,5,107,0,0.05,457,453.158,51.59,,,,,,Direct
54,YCJYM25West,Yuchangjianyuan,山西御昌佳园,113.5,40.4,1538,low,1530-1332,1530,1332,5,5,-19.43700027,24.77799988,5,107,0,0.05,432,428.283,45.72,,,,,,Direct
54,YCJYM35,Yuchangjianyuan,山西御昌佳园,113.5,40.4,1538,low,1530-1332,1530,1332,5,5,-19.43700027,24.77799988,5,107,0,0.05,457,453.158,,,,,,,Direct
54,YCJYM38,Yuchangjianyuan,山西御昌佳园,113.5,40.4,1538,low,1530-1332,1530,1332,5,5,-19.43700027,24.77799988,5,107,0,0.05,423,419.328,49.415,,,,,,Direct
54,YCJYM45East,Yuchangjianyuan,山西御昌佳园,113.5,40.4,1538,low,1530-1332,1530,1332,5,5,-19.43700027,24.77799988,5,107,0,0.05,451,447.188,50.19,,,,,,Direct
54,YCJYM46,Yuchangjianyuan,山西御昌佳园,113.5,40.4,1538,low,1530-1332,1530,1332,5,5,-19.43700027,24.77799988,5,107,0,0.05,444,440.223,45.37,,,,,,Direct
54,YCJYM48,Yuchangjianyuan,山西御昌佳园,113.5,40.4,1538,low,1530-1332,1530,1332,5,5,-19.43700027,24.77799988,5,107,0,0.05,438,434.253,46.44,,,,,,Direct
54,YCJYM57,Yuchangjianyuan,山西御昌佳园,113.5,40.4,1538,low,1530-1332,1530,1332,5,5,-19.43700027,24.77799988,5,107,0,0.05,443,439.228,,,,,,,Direct
54,YCJYM58,Yuchangjianyuan,山西御昌佳园,113.5,40.4,1538,low,1530-1332,1530,1332,5,5,-19.43700027,24.77799988,5,107,0,0.05,398,394.453,,,,,,,Direct
54,YCJYM63-1,Yuchangjianyuan,山西御昌佳园,113.5,40.4,1538,low,1530-1332,1530,1332,5,5,-19.43700027,24.77799988,5,107,0,0.05,471,467.088,45.12,,,,,,Direct
54,YCJYM64,Yuchangjianyuan,山西御昌佳园,113.5,40.4,1538,low,1530-1332,1530,1332,5,5,-19.43700027,24.77799988,5,107,0,0.05,488,484.003,47.47,,,,,,Direct
54,YCJYM68,Yuchangjianyuan,山西御昌佳园,113.5,40.4,1538,low,1530-1332,1530,1332,5,5,-19.43700027,24.77799988,5,107,0,0.05,425.5,421.8155,,,,,,,Direct
54,YCJYM76West,Yuchangjianyuan,山西御昌佳园,113.5,40.4,1538,low,1530-1332,1530,1332,5,5,-19.43700027,24.77799988,5,107,0,0.05,462,458.133,46.3,,,,,,Direct
54,YCJYM80-1,Yuchangjianyuan,山西御昌佳园,113.5,40.4,1538,low,1530-1332,1530,1332,5,5,-19.43700027,24.77799988,5,107,0,0.05,459,455.148,48.46,,,,,,Direct
54,YCJYM83,Yuchangjianyuan,山西御昌佳园,113.5,40.4,1538,low,1530-1332,1530,1332,5,5,-19.43700027,24.77799988,5,107,0,0.05,411,407.388,,,,,,,Direct
54,YCJYM85-2,Yuchangjianyuan,山西御昌佳园,113.5,40.4,1538,low,1530-1332,1530,1332,5,5,-19.43700027,24.77799988,5,107,0,0.05,468,464.103,52.67,,,,,,Direct
54,YCJYM96,Yuchangjianyuan,山西御昌佳园,113.5,40.4,1538,low,1530-1332,1530,1332,5,5,-19.43700027,24.77799988,5,107,0,0.05,444,440.223,48.745,,,,,,Direct
54,YCJYM103,Yuchangjianyuan,山西御昌佳园,113.5,40.4,1538,low,1530-1332,1530,1332,5,5,-19.43700027,24.77799988,5,107,0,0.05,465,461.118,49.54,,,,,,Direct
54,YCJYM107-1,Yuchangjianyuan,山西御昌佳园,113.5,40.4,1538,low,1530-1332,1530,1332,5,5,-19.43700027,24.77799988,5,107,0,0.05,470,466.093,46.25,,,,,,Direct
54,YCJYM109,Yuchangjianyuan,山西御昌佳园,113.5,40.4,1538,low,1530-1332,1530,1332,5,5,-19.43700027,24.77799988,5,107,0,0.05,442,438.233,48.61,,,,,,Direct
54,YCJYM118,Yuchangjianyuan,山西御昌佳园,113.5,40.4,1538,low,1530-1332,1530,1332,5,5,-19.43700027,24.77799988,5,107,0,0.05,462,458.133,45.52,,,,,,Direct
54,YCJYM120,Yuchangjianyuan,山西御昌佳园,113.5,40.4,1538,low,1530-1332,1530,1332,5,5,-19.43700027,24.77799988,5,107,0,0.05,455,451.168,45.8,,,,,,Direct
54,YCJYM122,Yuchangjianyuan,山西御昌佳园,113.5,40.4,1538,low,1530-1332,1530,1332,5,5,-19.43700027,24.77799988,5,107,0,0.05,443.5,439.7255,47.695,,,,,,Direct
54,YCJYM125East,Yuchangjianyuan,山西御昌佳园,113.5,40.4,1538,low,1530-1332,1530,1332,5,5,-19.43700027,24.77799988,5,107,0,0.05,,,46.5,,,,,,Direct
54,YCJYM127,Yuchangjianyuan,山西御昌佳园,113.5,40.4,1538,low,1530-1332,1530,1332,5,5,-19.43700027,24.77799988,5,107,0,0.05,422,418.333,46.45,,,,,,Direct
54,YCJYM130-1,Yuchangjianyuan,山西御昌佳园,113.5,40.4,1538,low,1530-1332,1530,1332,5,5,-19.43700027,24.77799988,5,107,0,0.05,419,415.348,44.08,,,,,,Direct
54,YCJYM131,Yuchangjianyuan,山西御昌佳园,113.5,40.4,1538,low,1530-1332,1530,1332,5,5,-19.43700027,24.77799988,5,107,0,0.05,462.5,458.6305,,,,,,,Direct
54,YCJYM132,Yuchangjianyuan,山西御昌佳园,113.5,40.4,1538,low,1530-1332,1530,1332,5,5,-19.43700027,24.77799988,5,107,0,0.05,450.5,446.6905,50.46,,,,,,Direct
54,YCJYM138-1,Yuchangjianyuan,山西御昌佳园,113.5,40.4,1538,low,1530-1332,1530,1332,5,5,-19.43700027,24.77799988,5,107,0,0.05,432,428.283,47.48,,,,,,Direct
54,YCJYM7,Yuchangjianyuan,山西御昌佳园,113.5,40.4,1538,low,1530-1332,1530,1332,5,5,-19.43700027,24.77799988,5,107,1,0.95,380,376.543,38.125,,,,,,Direct
54,YCJYM10nor,Yuchangjianyuan,山西御昌佳园,113.5,40.4,1538,low,1530-1332,1530,1332,5,5,-19.43700027,24.77799988,5,107,1,0.95,385,381.518,40.52,,,,,,Direct
54,YCJYM20,Yuchangjianyuan,山西御昌佳园,113.5,40.4,1538,low,1530-1332,1530,1332,5,5,-19.43700027,24.77799988,5,107,1,0.95,409,405.398,,,,,,,Direct
54,YCJYM25East,Yuchangjianyuan,山西御昌佳园,113.5,40.4,1538,low,1530-1332,1530,1332,5,5,-19.43700027,24.77799988,5,107,1,0.95,429,425.298,43.65,,,,,,Direct
54,YCJYM28East,Yuchangjianyuan,山西御昌佳园,113.5,40.4,1538,low,1530-1332,1530,1332,5,5,-19.43700027,24.77799988,5,107,1,0.95,422,418.333,,,,,,,Direct
54,YCJYM45West,Yuchangjianyuan,山西御昌佳园,113.5,40.4,1538,low,1530-1332,1530,1332,5,5,-19.43700027,24.77799988,5,107,1,0.95,423,419.328,45.69,,,,,,Direct
54,YCJYM69,Yuchangjianyuan,山西御昌佳园,113.5,40.4,1538,low,1530-1332,1530,1332,5,5,-19.43700027,24.77799988,5,107,1,0.95,380,376.543,41.87,,,,,,Direct
54,YCJYM76East,Yuchangjianyuan,山西御昌佳园,113.5,40.4,1538,low,1530-1332,1530,1332,5,5,-19.43700027,24.77799988,5,107,1,0.95,,,42.43,,,,,,Direct
54,YCJYM80-2,Yuchangjianyuan,山西御昌佳园,113.5,40.4,1538,low,1530-1332,1530,1332,5,5,-19.43700027,24.77799988,5,107,1,0.95,,,43.42,,,,,,Direct
54,YCJYM93,Yuchangjianyuan,山西御昌佳园,113.5,40.4,1538,low,1530-1332,1530,1332,5,5,-19.43700027,24.77799988,5,107,1,0.95,417.5,413.8555,44.41,,,,,,Direct
54,YCJYM99,Yuchangjianyuan,山西御昌佳园,113.5,40.4,1538,low,1530-1332,1530,1332,5,5,-19.43700027,24.77799988,5,107,1,0.95,,,40.83,,,,,,Direct
54,YCJYM108,Yuchangjianyuan,山西御昌佳园,113.5,40.4,1538,low,1530-1332,1530,1332,5,5,-19.43700027,24.77799988,5,107,1,0.95,397,393.458,39.45,,,,,,Direct
54,YCJYM111,Yuchangjianyuan,山西御昌佳园,113.5,40.4,1538,low,1530-1332,1530,1332,5,5,-19.43700027,24.77799988,5,107,1,0.95,392.5,388.9805,43.37,,,,,,Direct
54,YCJYM115,Yuchangjianyuan,山西御昌佳园,113.5,40.4,1538,low,1530-1332,1530,1332,5,5,-19.43700027,24.77799988,5,107,1,0.95,446.5,442.7105,,,,,,,Direct
54,YCJYM121,Yuchangjianyuan,山西御昌佳园,113.5,40.4,1538,low,1530-1332,1530,1332,5,5,-19.43700027,24.77799988,5,107,1,0.95,424.5,420.8205,41.79,,,,,,Direct
54,YCJYM128,Yuchangjianyuan,山西御昌佳园,113.5,40.4,1538,low,1530-1332,1530,1332,5,5,-19.43700027,24.77799988,5,107,1,0.95,397,393.458,42.76,,,,,,Direct
54,YCJYM133,Yuchangjianyuan,山西御昌佳园,113.5,40.4,1538,low,1530-1332,1530,1332,5,5,-19.43700027,24.77799988,5,107,1,0.95,401,397.438,42.22,,,,,,Direct
54,YCJYM134,Yuchangjianyuan,山西御昌佳园,113.5,40.4,1538,low,1530-1332,1530,1332,5,5,-19.43700027,24.77799988,5,107,1,0.95,423,419.328,44.655,,,,,,Direct
54,YCJYM138-2,Yuchangjianyuan,山西御昌佳园,113.5,40.4,1538,low,1530-1332,1530,1332,5,5,-19.43700027,24.77799988,5,107,1,0.95,378.5,375.0505,43.84,,,,,,Direct
54,YCJYM139-1,Yuchangjianyuan,山西御昌佳园,113.5,40.4,1538,low,1530-1332,1530,1332,5,5,-19.43700027,24.77799988,5,107,1,0.95,373,369.578,41.03,,,,,,Direct
55_1,JGYM46,Jingangyuan,山西大同金港园,113.29,40.05,1038,low,1530-1332,1530,1332,5,5,-16.62400055,28.09899902,2,100,0,0.05,466,462.113,46.335,,315,,,,Direct
55_1,JGYM32-1,Jingangyuan,山西大同金港园,113.29,40.05,1038,low,1530-1332,1530,1332,5,5,-16.62400055,28.09899902,2,100,0,0.05,,,,345,,,,,Direct
55_1,JGYM33-1,Jingangyuan,山西大同金港园,113.29,40.05,1038,low,1530-1332,1530,1332,5,5,-16.62400055,28.09899902,2,100,0,0.05,446.5,442.7105,46.16,368,303.5,,,83.12429906,Direct
55_1,JGYM77-1,Jingangyuan,山西大同金港园,113.29,40.05,1038,low,1530-1332,1530,1332,5,5,-16.62400055,28.09899902,2,100,0,0.05,,,,350,,,,,Direct
55_1,JGYM41,Jingangyuan,山西大同金港园,113.29,40.05,1038,low,1530-1332,1530,1332,5,5,-16.62400055,28.09899902,2,100,0,0.05,440.5,436.7405,48.125,339.5,314,230,73.24840764,77.73494787,Direct
55_1,JGYM80,Jingangyuan,山西大同金港园,113.29,40.05,1038,low,1530-1332,1530,1332,5,5,-16.62400055,28.09899902,2,100,0,0.05,430.5,427.0405,44.765,358.5,,234,,83.94988297,Direct
55_1,JGYM85,Jingangyuan,山西大同金港园,113.29,40.05,1038,low,1530-1332,1530,1332,5,5,-16.62400055,28.09899902,2,100,0,0.05,432.5,428.7805,46.71,347,307,,,80.92718769,Direct
55_1,JGYM57,Jingangyuan,山西大同金港园,113.29,40.05,1038,low,1530-1332,1530,1332,5,5,-16.62400055,28.09899902,2,100,1,0.95,,,,373,,240,,,Direct
55_1,JGYM40,Jingangyuan,山西大同金港园,113.29,40.05,1038,low,1530-1332,1530,1332,5,5,-16.62400055,28.09899902,2,100,1,0.95,370.5,367.0905,36.645,,,,,,Direct
55_1,JGYM99,Jingangyuan,山西大同金港园,113.29,40.05,1038,low,1530-1332,1530,1332,5,5,-16.62400055,28.09899902,2,100,1,0.95,387.2,383.707,39.04,337.4,289,217.5,75.25951557,87.93167703,Direct
55_1,JGYM77-2,Jingangyuan,山西大同金港园,113.29,40.05,1038,low,1530-1332,1530,1332,5,5,-16.62400055,28.09899902,2,100,1,0.95,406,402.413,41.33,345,,,,85.73281678,Direct
55_2,JGYM100-1,Jingangyuan,山西大同金港园,113.29,40.05,1038,low,582-38,582,38,7,5,-16.62400055,28.09899902,2,100,1,0.95,398,394.453,40.78,340,292,221,75.68493151,86.19531351,Direct
55_2,JGYM100-2,Jingangyuan,山西大同金港园,113.29,40.05,1038,low,582-38,582,38,7,5,-16.62400055,28.09899902,2,100,1,0.95,378,374.553,41.005,327,,,,87.30406645,Direct
56,FBM106,Fengbao,山西冯堡,111.71,36.27,484,low,582-38,582,38,7,5,-8.579000473,31.02300072,4,119,0,0.05,399,395.448,,331,,,,83.70253485,Direct
56,FBM132,Fengbao,山西冯堡,111.71,36.27,484,low,582-38,582,38,7,5,-8.579000473,31.02300072,4,119,0,0.05,452.5,448.6805,,380,,,,84.6927825,Direct
56,FBM133:2,Fengbao,山西冯堡,111.71,36.27,484,low,582-38,582,38,7,5,-8.579000473,31.02300072,4,119,0,0.05,442.5,438.7305,,376.5,,,,85.81577985,Direct
56,FBM16,Fengbao,山西冯堡,111.71,36.27,484,low,582-38,582,38,7,5,-8.579000473,31.02300072,4,119,0,0.05,440.5,436.7405,,388,,,,88.83994042,Direct
56,FBM19:1,Fengbao,山西冯堡,111.71,36.27,484,low,582-38,582,38,7,5,-8.579000473,31.02300072,4,119,0,0.05,434.5,430.7705,,381,,,,88.44616797,Direct
56,FBM77:1,Fengbao,山西冯堡,111.71,36.27,484,low,582-38,582,38,7,5,-8.579000473,31.02300072,4,119,0,0.05,431,427.288,,363.5,,,,85.07142723,Direct
56,FBM82,Fengbao,山西冯堡,111.71,36.27,484,low,582-38,582,38,7,5,-8.579000473,31.02300072,4,119,0,0.05,448.5,444.7005,,388,,,,87.24973325,Direct
56,FBM7:2,Fengbao,山西冯堡,111.71,36.27,484,low,582-38,582,38,7,5,-8.579000473,31.02300072,4,119,0,0.05,436,432.263,,375.5,,,,86.86841113,Direct
56,FBM8:2,Fengbao,山西冯堡,111.71,36.27,484,low,582-38,582,38,7,5,-8.579000473,31.02300072,4,119,0,0.05,450.5,446.6905,,376.5,,,,84.2865474,Direct
56,FBM20:1,Fengbao,山西冯堡,111.71,36.27,484,low,582-38,582,38,7,5,-8.579000473,31.02300072,4,119,0,0.05,460,456.143,,391,,,,85.71873294,Direct
56,FBM30,Fengbao,山西冯堡,111.71,36.27,484,low,582-38,582,38,7,5,-8.579000473,31.02300072,4,119,0,0.05,415.5,411.8655,,354,,,,85.95038914,Direct
56,FBM41:2,Fengbao,山西冯堡,111.71,36.27,484,low,582-38,582,38,7,5,-8.579000473,31.02300072,4,119,0,0.05,453.5,449.6755,,379,,,,84.28299963,Direct
56,FBM44:2,Fengbao,山西冯堡,111.71,36.27,484,low,582-38,582,38,7,5,-8.579000473,31.02300072,4,119,0,0.05,443.5,439.7255,,382,,,,86.87237834,Direct
56,FBM48:1,Fengbao,山西冯堡,111.71,36.27,484,low,582-38,582,38,7,5,-8.579000473,31.02300072,4,119,0,0.05,455,451.168,,380,,,,84.22583162,Direct
56,FBM75:1,Fengbao,山西冯堡,111.71,36.27,484,low,582-38,582,38,7,5,-8.579000473,31.02300072,4,119,0,0.05,430,426.293,,350,,,,82.1031544,Direct
56,FBM87:1,Fengbao,山西冯堡,111.71,36.27,484,low,582-38,582,38,7,5,-8.579000473,31.02300072,4,119,0,0.05,439.5,435.7455,,383.5,,,,88.01008846,Direct
56,FBM93,Fengbao,山西冯堡,111.71,36.27,484,low,582-38,582,38,7,5,-8.579000473,31.02300072,4,119,0,0.05,441.5,437.7355,,378.5,,,,86.46774136,Direct
56,FBM99:1,Fengbao,山西冯堡,111.71,36.27,484,low,582-38,582,38,7,5,-8.579000473,31.02300072,4,119,0,0.05,434,430.273,,352.5,,,,81.92473151,Direct
56,FBM108:2,Fengbao,山西冯堡,111.71,36.27,484,low,582-38,582,38,7,5,-8.579000473,31.02300072,4,119,0,0.05,450,446.193,,365,,,,81.80316589,Direct
56,FBM112:2,Fengbao,山西冯堡,111.71,36.27,484,low,582-38,582,38,7,5,-8.579000473,31.02300072,4,119,0,0.05,412,408.383,,350.5,,,,85.82629541,Direct
56,FBM128:1,Fengbao,山西冯堡,111.71,36.27,484,low,582-38,582,38,7,5,-8.579000473,31.02300072,4,119,0,0.05,426,422.313,,352.5,,,,83.46889629,Direct
56,FBM1,Fengbao,山西冯堡,111.71,36.27,484,low,582-38,582,38,7,5,-8.579000473,31.02300072,4,119,1,0.95,346.5,343.2105,,295,,,,85.95308127,Direct
56,FBM6:2,Fengbao,山西冯堡,111.71,36.27,484,low,582-38,582,38,7,5,-8.579000473,31.02300072,4,119,1,0.95,408,404.403,,336.5,,,,83.20907609,Direct
56,FBM12:2,Fengbao,山西冯堡,111.71,36.27,484,low,582-38,582,38,7,5,-8.579000473,31.02300072,4,119,1,0.95,404.5,400.9205,,333.5,,,,83.1835738,Direct
56,FBM19:2,Fengbao,山西冯堡,111.71,36.27,484,low,582-38,582,38,7,5,-8.579000473,31.02300072,4,119,1,0.95,407.5,403.9055,,329.5,,,,81.57848804,Direct
56,FBM22,Fengbao,山西冯堡,111.71,36.27,484,low,582-38,582,38,7,5,-8.579000473,31.02300072,4,119,1,0.95,387.5,384.0055,,333,,,,86.71750795,Direct
56,FBM58:1,Fengbao,山西冯堡,111.71,36.27,484,low,582-38,582,38,7,5,-8.579000473,31.02300072,4,119,1,0.95,427.5,423.8055,,361.5,,,,85.29856267,Direct
56,FBM71:2,Fengbao,山西冯堡,111.71,36.27,484,low,582-38,582,38,7,5,-8.579000473,31.02300072,4,119,1,0.95,408.5,404.9005,,329.5,,,,81.37801756,Direct
56,FBM75:2,Fengbao,山西冯堡,111.71,36.27,484,low,582-38,582,38,7,5,-8.579000473,31.02300072,4,119,1,0.95,409,405.398,,324,,,,79.9214599,Direct
56,FBM89,Fengbao,山西冯堡,111.71,36.27,484,low,582-38,582,38,7,5,-8.579000473,31.02300072,4,119,1,0.95,386.5,383.0105,,314,,,,81.98208665,Direct
56,FBM102:1,Fengbao,山西冯堡,111.71,36.27,484,low,582-38,582,38,7,5,-8.579000473,31.02300072,4,119,1,0.95,425,421.318,,341.5,,,,81.05516498,Direct
56,FBM118:1,Fengbao,山西冯堡,111.71,36.27,484,low,582-38,582,38,7,5,-8.579000473,31.02300072,4,119,1,0.95,404.5,400.9205,,340.5,,,,84.92955586,Direct
56,FBM126:2,Fengbao,山西冯堡,111.71,36.27,484,low,582-38,582,38,7,5,-8.579000473,31.02300072,4,119,1,0.95,371,367.588,,303,,,,82.42924143,Direct
57_1,2018FZM27-1,ZJZX_Postming,职教中心_明清,111.46,37.15,1201,low,582-38,582,38,7,,-13.13099957,27.39900017,3,120,0,0.05,420.8,417.139,44.65,,,,,,Direct
57_1,2018FZM51-2,ZJZX_Postming,职教中心_明清,111.46,37.15,1201,low,582-38,582,38,7,,-13.13099957,27.39900017,3,120,0,0.05,429.8,426.094,45.985,365.15,,,,85.69705276,Direct
57_1,2018FZM52,ZJZX_Postming,职教中心_明清,111.46,37.15,1201,low,582-38,582,38,7,,-13.13099957,27.39900017,3,120,0,0.05,449.8,445.994,48.9,356.8,,,,80.00107625,Direct
57_1,2018FZM53-1,ZJZX_Postming,职教中心_明清,111.46,37.15,1201,low,582-38,582,38,7,,-13.13099957,27.39900017,3,120,0,0.05,477.9,473.9535,49.815,379.2,,,,80.00784887,Direct
57_1,2018FZM55,ZJZX_Postming,职教中心_明清,111.46,37.15,1201,low,582-38,582,38,7,,-13.13099957,27.39900017,3,120,0,0.05,434.2,430.472,47,,,,,,Direct
57_1,2018FZM71,ZJZX_Postming,职教中心_明清,111.46,37.15,1201,low,582-38,582,38,7,,-13.13099957,27.39900017,3,120,0,0.05,,,,356.65,,,,,Direct
57_1,2018FZM126-1,ZJZX_Postming,职教中心_明清,111.46,37.15,1201,low,582-38,582,38,7,,-13.13099957,27.39900017,3,120,0,0.05,452.5,448.6805,49.9,376.75,323.45,239.5,74.04544752,83.96843634,Direct
57_1,2018FZM142,ZJZX_Postming,职教中心_明清,111.46,37.15,1201,low,582-38,582,38,7,,-13.13099957,27.39900017,3,120,0,0.05,409.4,405.796,46.18,357.05,,,,87.98756025,Direct
57_1,2018FZM169,ZJZX_Postming,职教中心_明清,111.46,37.15,1201,low,582-38,582,38,7,,-13.13099957,27.39900017,3,120,0,0.05,394.25,390.72175,45.75,328.3,276.75,206.75,74.70641373,84.02398894,Direct
57_1,2018FZM182-2,ZJZX_Postming,职教中心_明清,111.46,37.15,1201,low,582-38,582,38,7,,-13.13099957,27.39900017,3,120,0,0.05,417.5,413.8555,45.5,344,,,,83.12079941,Direct
57_1,2018FZM187,ZJZX_Postming,职教中心_明清,111.46,37.15,1201,low,582-38,582,38,7,,-13.13099957,27.39900017,3,120,0,0.05,439.65,435.89475,47.035,360,,,,82.58874419,Direct
57_1,2018FZM212-1,ZJZX_Postming,职教中心_明清,111.46,37.15,1201,low,582-38,582,38,7,,-13.13099957,27.39900017,3,120,0,0.05,466.2,462.312,47.03,387.6,,,,83.83948502,Direct
57_1,2018FZM53-2,ZJZX_Postming,职教中心_明清,111.46,37.15,1201,low,582-38,582,38,7,,-13.13099957,27.39900017,3,120,1,0.95,397.95,,43,326.58,,,,,Direct
57_1,2018FZM56,ZJZX_Postming,职教中心_明清,111.46,37.15,1201,low,582-38,582,38,7,,-13.13099957,27.39900017,3,120,1,0.95,433.35,429.62625,44.805,336.15,,,,78.24242583,Direct
57_1,2018FZM96,ZJZX_Postming,职教中心_明清,111.46,37.15,1201,low,582-38,582,38,7,,-13.13099957,27.39900017,3,120,1,0.95,,,44.75,322.5,298.5,,,,Direct
57_1,2018FZM102-1,ZJZX_Postming,职教中心_明清,111.46,37.15,1201,low,582-38,582,38,7,,-13.13099957,27.39900017,3,120,1,0.95,395.6,392.065,44.17,343.85,,,,87.70229426,Direct
57_1,2018FZM106,ZJZX_Postming,职教中心_明清,111.46,37.15,1201,low,582-38,582,38,7,,-13.13099957,27.39900017,3,120,1,0.95,348.8,345.499,39.6,295.3,251.25,187.75,74.72636816,85.47058023,Direct
57_1,2018FZM126-2,ZJZX_Postming,职教中心_明清,111.46,37.15,1201,low,582-38,582,38,7,,-13.13099957,27.39900017,3,120,1,0.95,442.5,438.7305,46.25,377,304,230,75.65789474,85.92974503,Direct
57_1,2018FZM182-1,ZJZX_Postming,职教中心_明清,111.46,37.15,1201,low,582-38,582,38,7,,-13.13099957,27.39900017,3,120,1,0.95,381.5,378.0355,41.25,308.7,272,196.5,72.24264706,81.65899763,Direct
57_1,2018FZM185,ZJZX_Postming,职教中心_明清,111.46,37.15,1201,low,582-38,582,38,7,,-13.13099957,27.39900017,3,120,1,0.95,410.95,407.33825,43.65,320.6,,,,78.70608763,Direct
57_1,2018FZM198-3,ZJZX_Postming,职教中心_明清,111.46,37.15,1201,low,582-38,582,38,7,,-13.13099957,27.39900017,3,120,1,0.95,418.9,415.2485,45.68,,,,,,Direct
57_1,2018FZM198-4,ZJZX_Postming,职教中心_明清,111.46,37.15,1201,low,582-38,582,38,7,,-13.13099957,27.39900017,3,120,1,0.95,378.8,375.349,41.46,323.3,,,,86.13317206,Direct
57_1,2018FZM199,ZJZX_Postming,职教中心_明清,111.46,37.15,1201,low,582-38,582,38,7,,-13.13099957,27.39900017,3,120,1,0.95,399.1,395.5475,45.3,329.1,,,,83.20113261,Direct
57_1,2018FZM212-2,ZJZX_Postming,职教中心_明清,111.46,37.15,1201,low,582-38,582,38,7,,-13.13099957,27.39900017,3,120,1,0.95,383.9,380.4235,38.84,325.25,,,,85.49682131,Direct
57_2,2018FZM104,ZJZX_Tang_Song,职教中心_唐,111.46,37.15,1201,low,1043-582,1043,582,5,,-13.13099957,27.39900017,3,120,0,0.05,,,46,337,298,224,75.16778523,,Direct
57_2,2018FZM193,ZJZX_Tang_Song,职教中心_唐,111.46,37.15,1201,low,1043-582,1043,582,5,,-13.13099957,27.39900017,3,120,0,0.05,472,468.083,53.9,388,339,253.5,74.77876106,82.8912821,Direct
57_2,2018FZM152,ZJZX_Tang_Song,职教中心_唐,111.46,37.15,1201,low,1043-582,1043,582,5,,-13.13099957,27.39900017,3,120,1,0.95,422.5,418.8305,45.1,345,290.5,214.6,73.87263339,82.37222456,Direct
57_2,2018FZM156,ZJZX_Tang_Song,职教中心_唐,111.46,37.15,1201,low,1043-582,1043,582,5,,-13.13099957,27.39900017,3,120,1,0.95,429.25,425.54675,40.8,357.75,311.25,226.5,72.77108434,84.06831917,Direct
57_2,2018FZM163,ZJZX_Tang_Song,职教中心_唐,111.46,37.15,1201,low,1043-582,1043,582,5,,-13.13099957,27.39900017,3,120,1,0.95,,,44.5,333,295,,,,Direct
57_2,2018FZM25-1,ZJZX_Tang_Song,职教中心_宋,111.46,37.15,1201,low,1530-1043,1530,1043,6,,-13.13099957,27.39900017,3,120,0,0.05,445.1,441.3175,50.25,374.75,315.1,240.2,76.22976833,84.91618846,Direct
57_2,2018FZM26-1,ZJZX_Tang_Song,职教中心_宋,111.46,37.15,1201,low,1530-1043,1530,1043,6,,-13.13099957,27.39900017,3,120,0,0.05,404,400.423,43.9,,,,,,Direct
57_2,2018FZM40-1,ZJZX_Tang_Song,职教中心_宋,111.46,37.15,1201,low,1530-1043,1530,1043,6,,-13.13099957,27.39900017,3,120,0,0.05,427.5,423.8055,47.45,339.5,296,224.75,75.92905405,80.10750214,Direct
57_2,2018FZM151-1,ZJZX_Tang_Song,职教中心_宋,111.46,37.15,1201,low,1530-1043,1530,1043,6,,-13.13099957,27.39900017,3,120,0,0.05,432,428.283,48.6,358.5,,,,83.70633436,Direct
57_2,2018FZM162,ZJZX_Tang_Song,职教中心_宋,111.46,37.15,1201,low,1530-1043,1530,1043,6,,-13.13099957,27.39900017,3,120,0,0.05,421,417.338,47.5,346,,,,82.90642117,Direct
57_2,2018FZM172,ZJZX_Tang_Song,职教中心_宋,111.46,37.15,1201,low,1530-1043,1530,1043,6,,-13.13099957,27.39900017,3,120,0,0.05,,,48,387.5,325.25,258.75,79.55418909,,Direct
57_2,2018FZM196-1,ZJZX_Tang_Song,职教中心_宋,111.46,37.15,1201,low,1530-1043,1530,1043,6,,-13.13099957,27.39900017,3,120,0,0.05,451.2,447.387,50.02,383.3,,,,85.67526549,Direct
57_2,2018FZM215-2,ZJZX_Tang_Song,职教中心_宋,111.46,37.15,1201,low,1530-1043,1530,1043,6,,-13.13099957,27.39900017,3,120,0,0.05,,,43.9,343,325.05,231,71.06598985,,Direct
57_2,2018FZM25-2,ZJZX_Tang_Song,职教中心_宋,111.46,37.15,1201,low,1530-1043,1530,1043,6,,-13.13099957,27.39900017,3,120,1,0.95,398,394.453,42.6,328.25,281,207.8,73.95017794,83.21650488,Direct
57_2,2018FZM40-2,ZJZX_Tang_Song,职教中心_宋,111.46,37.15,1201,low,1530-1043,1530,1043,6,,-13.13099957,27.39900017,3,120,1,0.95,400.7,397.1395,42.44,336.8,,,,84.80647228,Direct
57_2,2018FZM98,ZJZX_Tang_Song,职教中心_宋,111.46,37.15,1201,low,1530-1043,1530,1043,6,,-13.13099957,27.39900017,3,120,1,0.95,383.4,379.926,39.94,336,,,,88.43827482,Direct
57_2,2018FZM151-2,ZJZX_Tang_Song,职教中心_宋,111.46,37.15,1201,low,1530-1043,1530,1043,6,,-13.13099957,27.39900017,3,120,1,0.95,404.95,401.36825,43.175,,,,,,Direct
57_2,2018FZM165,ZJZX_Tang_Song,职教中心_宋,111.46,37.15,1201,low,1530-1043,1530,1043,6,,-13.13099957,27.39900017,3,120,1,0.95,371.5,368.0855,40,,268.05,,,,Direct
57_2,2018FZM179,ZJZX_Tang_Song,职教中心_宋,111.46,37.15,1201,low,1530-1043,1530,1043,6,,-13.13099957,27.39900017,3,120,1,0.95,424.5,420.8205,43,,,,,,Direct
57_2,2018FZM196-2,ZJZX_Tang_Song,职教中心_宋,111.46,37.15,1201,low,1530-1043,1530,1043,6,,-13.13099957,27.39900017,3,120,1,0.95,,,,330.5,,,,,Direct
57_3,2018FZM33,ZJZX_Han,职教中心_汉,111.46,37.15,1201,low,2156-1530,2156,1530,4,,-13.13099957,27.39900017,3,120,0,0.05,460.8,456.939,51.63,376.3,,,,82.352349,Direct
57_3,2018FZM39,ZJZX_Han,职教中心_汉,111.46,37.15,1201,low,2156-1530,2156,1530,4,,-13.13099957,27.39900017,3,120,0,0.05,463,459.128,45.85,364,330,262.25,79.46969697,79.28072346,Direct
57_3,2018FZM61,ZJZX_Han,职教中心_汉,111.46,37.15,1201,low,2156-1530,2156,1530,4,,-13.13099957,27.39900017,3,120,0,0.05,439.5,435.7455,50.25,356,319.8,262,81.92620388,81.69906517,Direct
57_3,2018FZM81,ZJZX_Han,职教中心_汉,111.46,37.15,1201,low,2156-1530,2156,1530,4,,-13.13099957,27.39900017,3,120,0,0.05,489,484.998,47.3,399.75,,,,82.4230203,Direct
57_3,2018FZM89,ZJZX_Han,职教中心_汉,111.46,37.15,1201,low,2156-1530,2156,1530,4,,-13.13099957,27.39900017,3,120,0,0.05,454.5,450.6705,48.05,367.5,331,251.5,75.98187311,81.54516437,Direct
57_3,2018FZM99,ZJZX_Han,职教中心_汉,111.46,37.15,1201,low,2156-1530,2156,1530,4,,-13.13099957,27.39900017,3,120,0,0.05,441.5,437.7355,46.25,337.75,310.45,228,73.44177806,77.1584667,Direct
57_3,2018FZM110,ZJZX_Han,职教中心_汉,111.46,37.15,1201,low,2156-1530,2156,1530,4,,-13.13099957,27.39900017,3,120,0,0.05,423.75,420.07425,44.95,354,308.5,,,84.27081641,Direct
57_3,2018FZM112,ZJZX_Han,职教中心_汉,111.46,37.15,1201,low,2156-1530,2156,1530,4,,-13.13099957,27.39900017,3,120,0,0.05,483,479.028,51.5,,338,262,77.5147929,,Direct
57_3,2018FZM167,ZJZX_Han,职教中心_汉,111.46,37.15,1201,low,2156-1530,2156,1530,4,,-13.13099957,27.39900017,3,120,0,0.05,437.45,433.70575,47.95,387,344.5,,,89.23100512,Direct
57_3,2018FZM183,ZJZX_Han,职教中心_汉,111.46,37.15,1201,low,2156-1530,2156,1530,4,,-13.13099957,27.39900017,3,120,0,0.05,,,46.5,378.5,322.5,,,,Direct
57_3,2018FZM45,ZJZX_Han,职教中心_汉,111.46,37.15,1201,low,2156-1530,2156,1530,4,,-13.13099957,27.39900017,3,120,1,0.95,437.3,433.5565,41.84,361,309,228,73.78640777,83.26481093,Direct
57_3,2018FZM59,ZJZX_Han,职教中心_汉,111.46,37.15,1201,low,2156-1530,2156,1530,4,,-13.13099957,27.39900017,3,120,1,0.95,407.25,403.65675,44.55,320.25,295,,,79.33720915,Direct
57_3,2018FZM62,ZJZX_Han,职教中心_汉,111.46,37.15,1201,low,2156-1530,2156,1530,4,,-13.13099957,27.39900017,3,120,1,0.95,373.25,369.82675,42.35,314.5,270.5,,,85.03981932,Direct
57_3,2018FZM88,ZJZX_Han,职教中心_汉,111.46,37.15,1201,low,2156-1530,2156,1530,4,,-13.13099957,27.39900017,3,120,1,0.95,419.5,415.8455,43.75,342.75,303,214.25,70.70957096,82.42243814,Direct
57_3,2018FZM109,ZJZX_Han,职教中心_汉,111.46,37.15,1201,low,2156-1530,2156,1530,4,,-13.13099957,27.39900017,3,120,1,0.95,,,45.15,370,320,,,,Direct
57_3,2018FZM122,ZJZX_Han,职教中心_汉,111.46,37.15,1201,low,2156-1530,2156,1530,4,,-13.13099957,27.39900017,3,120,1,0.95,,,44,329.5,,,,,Direct
57_3,2018FZM128,ZJZX_Han,职教中心_汉,111.46,37.15,1201,low,2156-1530,2156,1530,4,,-13.13099957,27.39900017,3,120,1,0.95,438.5,434.7505,44.5,363.25,315.35,226.5,71.8249564,83.55367044,Direct
57_3,2018FZM130,ZJZX_Han,职教中心_汉,111.46,37.15,1201,low,2156-1530,2156,1530,4,,-13.13099957,27.39900017,3,120,1,0.95,392,388.483,40.3,325.5,276,,,83.78745016,Direct
57_3,2018FZM154,ZJZX_Han,职教中心_汉,111.46,37.15,1201,low,2156-1530,2156,1530,4,,-13.13099957,27.39900017,3,120,1,0.95,397,393.458,40.5,308.5,292.5,226.5,77.43589744,78.40735225,Direct
58,2018ZPJM10-1,PYDG,皮央东嘎,79.48,31.41,4510,high,2296-2000,2296,2000,4,,-18.32799911,16.36899948,57,143,0,0.05,436,432.263,47.205,343,306,,,79.34984026,Direct
58,2018ZPJM13,PYDG,皮央东嘎,79.48,31.41,4510,high,2700-900,2700,900,4,,-18.32799911,16.36899948,57,143,0,0.05,,,,,317,244.5,77.12933754,,Direct
58,2019ZPJM8,PYDG,皮央东嘎,79.48,31.41,4510,high,2700-900,2700,900,4,,-18.32799911,16.36899948,57,143,0,0.05,432,428.283,43,,,,,,Direct
58,2020ZPQM3,PYDG,皮央东嘎,79.48,31.41,4510,high,2700-900,2700,900,4,,-18.32799911,16.36899948,57,143,0,0.05,447,443.208,48.165,366.25,324.5,243,74.8844376,82.63614375,Direct
58,2020ZPQM5,PYDG,皮央东嘎,79.48,31.41,4510,high,2700-900,2700,900,4,,-18.32799911,16.36899948,57,143,0,0.05,423.75,420.07425,43.64,349,302,,,83.08055064,Direct
58,2019ZPQM1NorChamber,PYDG,皮央东嘎,79.48,31.41,4510,high,2700-900,2700,900,4,,-18.32799911,16.36899948,57,143,0,0.05,405,,45.16,,,,,,Direct
58,2019ZPQM1SouChamber,PYDG,皮央东嘎,79.48,31.41,4510,high,2700-900,2700,900,4,,-18.32799911,16.36899948,57,143,0,0.05,,,45.07,,,,,,Direct
58,2019ZPQM2Passgage0.97m,PYDG,皮央东嘎,79.48,31.41,4510,high,2700-900,2700,900,4,,-18.32799911,16.36899948,57,143,0,0.05,453,,44.2,,,,,,Direct
58,2018ZPJM1,PYDG,皮央东嘎,79.48,31.41,4510,high,1178-976,1178,976,4,,-18.32799911,16.36899948,57,143,1,0.95,,,,298.5,288,212.85,73.90625,,Direct
58,2018ZPJM2,PYDG,皮央东嘎,79.48,31.41,4510,high,1176-958,1176,958,4,,-18.32799911,16.36899948,57,143,1,0.95,,,38.845,,,212.135,,,Direct
58,2018ZPJM4,PYDG,皮央东嘎,79.48,31.41,4510,high,1178-976,1178,976,4,,-18.32799911,16.36899948,57,143,1,0.95,,,,,,205,,,Direct
58,2018ZPJM6,PYDG,皮央东嘎,79.48,31.41,4510,high,2348-2158,2348,2158,4,,-18.32799911,16.36899948,57,143,1,0.95,,,,,,223.56,,,Direct
58,2018ZPJM7-2,PYDG,皮央东嘎,79.48,31.41,4510,high,1349-1277,1349,1277,4,,-18.32799911,16.36899948,57,143,1,0.95,391,387.488,40.155,320.75,,217.585,,82.77675696,Direct
58,2018ZPJM8,PYDG,皮央东嘎,79.48,31.41,4510,high,2700-900,2700,900,4,,-18.32799911,16.36899948,57,143,1,0.95,,,39.95,,,,,,Direct
58,2018ZPJM9,PYDG,皮央东嘎,79.48,31.41,4510,high,2310-2053 ,2310,2053,4,,-18.32799911,16.36899948,57,143,1,0.95,467.5,463.6055,43.7,,,214.89,,,Direct
58,2018ZPJM12-2,PYDG,皮央东嘎,79.48,31.41,4510,high,2284-1992,2284,1992,4,,-18.32799911,16.36899948,57,143,1,0.95,387,383.508,43.86,,,,,,Direct
58,2018ZPJM14-1,PYDG,皮央东嘎,79.48,31.41,4510,high,2310-2053,2310,2053,4,,-18.32799911,16.36899948,57,143,1,0.95,385.75,382.26425,40.56,323,,,,84.49652302,Direct
58,2018ZPGM3-1,PYDG,皮央东嘎,79.48,31.41,4510,high,2683-2347,2683,2347,4,,-18.32799911,16.36899948,57,143,1,0.95,,,41.68,352.5,307,,,,Direct
58,2018ZPGM3-2,PYDG,皮央东嘎,79.48,31.41,4510,high,2683-2347,2683,2347,4,,-18.32799911,16.36899948,57,143,1,0.95,,,39.27,343,303.29,235.415,77.62042929,,Direct
58,2019ZPJM1,PYDG,皮央东嘎,79.48,31.41,4510,high,2340-2152 ,2340,2152,4,,-18.32799911,16.36899948,57,143,1,0.95,409,405.398,43.3,316.5,269.5,,,78.0714261,Direct
58,2019ZPJM3,PYDG,皮央东嘎,79.48,31.41,4510,high,2700-900,2700,900,4,,-18.32799911,16.36899948,57,143,1,0.95,,,,281,,,,,Direct
58,2019ZPJM4Chamber,PYDG,皮央东嘎,79.48,31.41,4510,high,2700-900,2700,900,4,,-18.32799911,16.36899948,57,143,1,0.95,,,38.83,,,,,,Direct
58,2019ZPJM5,PYDG,皮央东嘎,79.48,31.41,4510,high,2700-900,2700,900,4,,-18.32799911,16.36899948,57,143,1,0.95,398,394.453,40.42,,,,,,Direct
58,2019ZPJM6,PYDG,皮央东嘎,79.48,31.41,4510,high,2700-900,2700,900,4,,-18.32799911,16.36899948,57,143,1,0.95,,,39.45,,,,,,Direct
58,2020ZPJM4,PYDG,皮央东嘎,79.48,31.41,4510,high,2700-900,2700,900,4,,-18.32799911,16.36899948,57,143,1,0.95,375.5,373,39.115,292,274.5,204.5,74.49908925,78.28418231,Direct
58,2020ZPJM5,PYDG,皮央东嘎,79.48,31.41,4510,high,2700-900,2700,900,4,,-18.32799911,16.36899948,57,143,1,0.95,389.02,385.5179,42.23,323.225,285.5,209.74,73.46409807,83.84176195,Direct
58,2020ZPJM6,PYDG,皮央东嘎,79.48,31.41,4510,high,2700-900,2700,900,4,,-18.32799911,16.36899948,57,143,1,0.95,378.025,374.577875,41.37,299.75,266.74,,,80.02341302,Direct
58,2018ZPGM3-2,PYDG,皮央东嘎,79.48,31.41,4510,high,2683-2347,2683,2347,4,,-18.32799911,16.36899948,57,143,1,0.95,,,39.27,,,,,,Direct
58,2018ZPJM10-3,PYDG,皮央东嘎,79.48,31.41,4510,high,2296-2000,2296,2000,4,,-18.32799911,16.36899948,57,143,1,0.95,417.5,,,,,,,,Direct
58,2020ZPGM3SWChamber,PYDG,皮央东嘎,79.48,31.41,4510,high,2683-2347,2683,2347,4,,-18.32799911,16.36899948,57,143,1,0.95,,,40.06,,,,,,Direct
59,Gulie,GL,谷列,90.36,31.56,4846,high,2754-2614,2754,2614,3,,-20.5170002,14.24100018,2,115,0,0.05,420.75,,45.1,338.75,,,,,Direct
60,2013QZPGM3,PKGM,普卡贡玛,95.4,33.48,5006,high,2720-2426,2720,2426,3,,-25.35300064,10.00300026,7,129,0,0.05,456.75,,43.99,375,,,,,Direct
60,2013QZPGM2,PKGM,普卡贡玛,95.4,33.48,5006,high,2720-2426,2720,2426,3,,-25.35300064,10.00300026,7,129,1,0.95,429.25,425.54675,44.48,360.25,299,239,79.93311037,84.65579869,Direct
60,2013QZPGM8,PKGM,普卡贡玛,95.4,33.48,5006,high,2720-2426,2720,2426,3,,-25.35300064,10.00300026,7,129,1,0.95,445,441.218,43.24,357.5,,,,81.02570611,Direct
61,Butaxiongqu,BTXQ,布塔雄曲,90.5,31.58,5017,high,2750-2351,2750,2351,3,,-21.51000023,12.95400047,2,117,0,0.05,405.51,,43.03,324.25,,,,,Direct
62,2014CDGIIM5,GS,高山,103.34,30.27,585,low,4500-3700,4500,3700,3,,-21.51000023,12.95400047,2,117,0,0.05,455,451.168,48.44,388,,,,85.99900702,Direct
62,2014CDGIIM9,GS,高山,103.34,30.27,585,low,4500-3700,4500,3700,2,,-21.51000023,12.95400047,2,117,0,0.05,415.25,411.61675,48.66,335.5,,238,,81.50785895,Direct
62,2015CDGIIM22,GS,高山,103.34,30.27,585,low,4500-3700,4500,3700,2,,-21.51000023,12.95400047,2,117,0,0.05,,,47.49,,,,,,Direct
62,2015CDGIIM41,GS,高山,103.34,30.27,585,low,4500-3700,4500,3700,2,,-21.51000023,12.95400047,2,117,0,0.05,,,43.4,352,,,,,Direct
62,2015CDGIIM45,GS,高山,103.34,30.27,585,low,4500-3700,4500,3700,2,,-21.51000023,12.95400047,2,117,0,0.05,420.29,416.63155,49.71,366,320.75,247.5,77.16289945,87.84740378,Direct
62,2015CDGIIM50,GS,高山,103.34,30.27,585,low,4500-3700,4500,3700,2,,-21.51000023,12.95400047,2,117,0,0.05,,,,,301.55,,,,Direct
62,2015CDGIIM54,GS,高山,103.34,30.27,585,low,4500-3700,4500,3700,2,,-21.51000023,12.95400047,2,117,0,0.05,,,49.75,,,,,,Direct
62,2015CDGIIM63,GS,高山,103.34,30.27,585,low,4500-3700,4500,3700,2,,-21.51000023,12.95400047,2,117,0,0.05,466.5,462.6105,,,,,,,Direct
62,2015CDGIIM79,GS,高山,103.34,30.27,585,low,4500-3700,4500,3700,2,,-21.51000023,12.95400047,2,117,0,0.05,467.55,463.65525,51.555,390,326.65,261,79.90203582,84.11422064,Direct
62,2015CDGIIM82,GS,高山,103.34,30.27,585,low,4500-3700,4500,3700,2,,-21.51000023,12.95400047,2,117,0,0.05,,,,381.3,,,,,Direct
62,2015CDGIIM87,GS,高山,103.34,30.27,585,low,4500-3700,4500,3700,2,,-21.51000023,12.95400047,2,117,0,0.05,430.45,426.74075,47.15,338.5,302.95,244,80.54134346,79.32216457,Direct
62,2014CDGIIM6,GS,高山,103.34,30.27,585,low,4500-3700,4500,3700,2,,2.815999985,29.44400024,16,319,1,0.95,410.5,406.8905,40.57,334.75,288.25,,,82.27029139,Direct
62,2014CDGIIM7,GS,高山,103.34,30.27,585,low,4500-3700,4500,3700,2,,2.815999985,29.44400024,16,319,1,0.95,,,41.89,,,,,,Direct
62,2014CDGIIM8,GS,高山,103.34,30.27,585,low,4500-3700,4500,3700,2,,2.815999985,29.44400024,16,319,1,0.95,,,40.38,,,,,,Direct
62,2015CDGIIM28,GS,高山,103.34,30.27,585,low,4500-3700,4500,3700,2,,2.815999985,29.44400024,16,319,1,0.95,,,38.95,332.3,,223.65,,,Direct
62,2015CDGIIM51,GS,高山,103.34,30.27,585,low,4500-3700,4500,3700,2,,2.815999985,29.44400024,16,319,1,0.95,,,45.04,,,,,,Direct
62,2015CDGIIM52,GS,高山,103.34,30.27,585,low,4500-3700,4500,3700,2,,2.815999985,29.44400024,16,319,1,0.95,,,39.82,,282.5,,,,Direct
62,2015CDGIIM55,GS,高山,103.34,30.27,585,low,4500-3700,4500,3700,2,,2.815999985,29.44400024,16,319,1,0.95,,,39.655,337,284.5,,,,Direct
62,2015CDGIIM57,GS,高山,103.34,30.27,585,low,4500-3700,4500,3700,2,,2.815999985,29.44400024,16,319,1,0.95,420.25,416.59175,42.35,346.5,,225,,83.17495486,Direct
62,2015CDGIIM66,GS,高山,103.34,30.27,585,low,4500-3700,4500,3700,2,,2.815999985,29.44400024,16,319,1,0.95,,,41.77,,,,,,Direct
62,2015CDGIIM67,GS,高山,103.34,30.27,585,low,4500-3700,4500,3700,2,,2.815999985,29.44400024,16,319,1,0.95,412,408.383,41.02,337.5,288.5,,,82.64300914,Direct
62,2015CDGIIM68,GS,高山,103.34,30.27,585,low,4500-3700,4500,3700,2,,2.815999985,29.44400024,16,319,1,0.95,444.2,440.422,43.2,,300,236.5,78.83333333,,Direct
63,2021ZDSG3RF1,SDC,顶琼,84.23,29.45,5107,high,2300-1700,2300,1700,4,,-28.38,10.00300026,1,89,0,0.2,415,,44.17,,,,,,Direct
63,2021ZDSG2RF1,SDC,顶琼,84.23,29.45,5107,high,2300-1700,2300,1700,4,,-28.38,10.00300026,1,89,0,0.2,464,,45.68,,,,,,Direct
63,2021ZDNG4RF2,SDC,顶琼,84.23,29.45,5107,high,2300-1700,2300,1700,4,,-28.38,10.00300026,1,89,0,0.2,419,,43.48,,,,,,Direct
63,2021ZDLG1®underskullsRF1,SDC,顶琼,84.23,29.45,5107,high,2300-1700,2300,1700,4,,-28.38,10.00300026,1,89,0,0.2,409,,45.9,,,,,,Direct
63,2021ZDLG1®underskullsRF2,SDC,顶琼,84.23,29.45,5107,high,2300-1700,2300,1700,4,,-28.38,10.00300026,1,89,0,0.2,452.5,,43.6,,,,,,Direct
63,2021ZDLG1®ZD12RF4,SDC,顶琼,84.23,29.45,5107,high,2300-1700,2300,1700,4,,-28.38,10.00300026,1,89,0,0.2,432,,46.9,,,,,,Direct
63,2021ZDLG1®ZD12RF5,SDC,顶琼,84.23,29.45,5107,high,2300-1700,2300,1700,4,,-28.38,10.00300026,1,89,0,0.2,423,,44,,,,,,Direct
63,2021ZDLG1® RF5,SDC,顶琼,84.23,29.45,5107,high,2300-1700,2300,1700,4,,-28.38,10.00300026,1,89,0,0.2,449,,44.5,,,,,,Direct
63,2021ZDLG1® RF7,SDC,顶琼,84.23,29.45,5107,high,2300-1700,2300,1700,4,,-28.38,10.00300026,1,89,0,0.2,,,48.2,,,,,,Direct
63,2021ZDLG1® RF8,SDC,顶琼,84.23,29.45,5107,high,2300-1700,2300,1700,4,,-28.38,10.00300026,1,89,0,0.2,,,,,,,,,Direct
63,2021ZDLG1(L) RF1,SDC,顶琼,84.23,29.45,5107,high,2300-1700,2300,1700,4,,-28.38,10.00300026,1,89,0,0.2,431,,43.8,,,,,,Direct
63,2021ZDLG1(L) RF2,SDC,顶琼,84.23,29.45,5107,high,2300-1700,2300,1700,4,,-28.38,10.00300026,1,89,0,0.2,471.5,,48,,,,,,Direct
63,2021ZDSG3RF4,SDC,顶琼,84.23,29.45,5107,high,2300-1700,2300,1700,4,,-28.38,10.00300026,1,89,1,0.8,,,42.32,,,,,,Direct
63,2021ZDSG2RF2,SDC,顶琼,84.23,29.45,5107,high,2300-1700,2300,1700,4,,-28.38,10.00300026,1,89,1,0.8,410,,42.82,,,,,,Direct
63,2021ZDSG2RF4,SDC,顶琼,84.23,29.45,5107,high,2300-1700,2300,1700,4,,-28.38,10.00300026,1,89,1,0.8,411,,41.68,,,,,,Direct
63,2021ZDSG2RF5,SDC,顶琼,84.23,29.45,5107,high,2300-1700,2300,1700,4,,-28.38,10.00300026,1,89,1,0.8,,,38.73,,,,,,Direct
63,2021ZDSG2RF6,SDC,顶琼,84.23,29.45,5107,high,2300-1700,2300,1700,4,,-28.38,10.00300026,1,89,1,0.8,,,41.73,,,,,,Direct
63,2021ZDSG2ZD1RF1,SDC,顶琼,84.23,29.45,5107,high,2300-1700,2300,1700,4,,-28.38,10.00300026,1,89,1,0.8,,,36.57,,,,,,Direct
63,2021ZDSG2ZD2RF1,SDC,顶琼,84.23,29.45,5107,high,2300-1700,2300,1700,4,,-28.38,10.00300026,1,89,1,0.8,417.5,,43.71,,,,,,Direct
63,2021ZDSG2ZD2RF2,SDC,顶琼,84.23,29.45,5107,high,2300-1700,2300,1700,4,,-28.38,10.00300026,1,89,1,0.8,406,,40.02,,,,,,Direct
63,2021ZDNG4RF1,SDC,顶琼,84.23,29.45,5107,high,2300-1700,2300,1700,4,,-28.38,10.00300026,1,89,1,0.8,403,,43.01,,,,,,Direct
63,2021ZDLG1®ZD12RF1,SDC,顶琼,84.23,29.45,5107,high,2300-1700,2300,1700,4,,-28.38,10.00300026,1,89,1,0.8,411,,40,,,,,,Direct
63,2021ZDLG1®ZD12RF3,SDC,顶琼,84.23,29.45,5107,high,2300-1700,2300,1700,4,,-28.38,10.00300026,1,89,1,0.8,427.6,,42.1,,,,,,Direct
63,2021ZDLG1® RF1,SDC,顶琼,84.23,29.45,5107,high,2300-1700,2300,1700,4,,-28.38,10.00300026,1,89,1,0.8,415,,39.1,,,,,,Direct
63,2021ZDLG1® RF2,SDC,顶琼,84.23,29.45,5107,high,2300-1700,2300,1700,4,,-28.38,10.00300026,1,89,1,0.8,403.5,,42,,,,,,Direct
63,2021ZDLG1® RF3,SDC,顶琼,84.23,29.45,5107,high,2300-1700,2300,1700,4,,-28.38,10.00300026,1,89,1,0.8,,,44.5,,,,,,Direct
63,2021ZDLG1® RF6,SDC,顶琼,84.23,29.45,5107,high,2300-1700,2300,1700,4,,-28.38,10.00300026,1,89,1,0.8,,,37.9,,,,,,Direct
63,2021ZDSG3LF7,SDC,顶琼,84.23,29.45,5107,high,2300-1700,2300,1700,4,,-28.38,10.00300026,1,89,1,0.8,378.9,,40.5,,,,,,Direct
